13,86108363119740	9,47431852927106
12,51850722041420	9,33586870143943
4,80070648565356	3,69666753412232
11,61729067512700	10,63503360799090
4,04567419890828	2,09404894843438
-9,90626292750853	-6,45555972798135
-8,35055125161371	-6,36941465667902
12,42177296193890	11,53344504993130
3,32897322969305	3,27251883060066
-9,04057902975507	-5,01937836710492
12,51816178713770	11,72833761930780
2,77402850050371	1,32805151339747
4,40699775457064	4,48802089379273
4,96100728567029	5,27944676065209
5,39112889358320	3,72001430341792
-9,43250221824668	-5,25513240424127
-9,84882090095311	-5,16914640609476
3,25650896370953	2,46337793197084
-9,25239891050050	-7,56230110217034
-9,47400279808919	-5,79857402211173
13,57352710473780	10,70475646938870
-9,63265567889851	-6,70173349430592
3,42301400030401	1,28166037433854
6,23137924394013	3,45306090009581
-8,76923192390450	-7,95896203428489
11,48285564626880	10,19268004939020
6,17494429664901	3,52829106675675
6,15914358372439	0,61754397632872
13,79252001430960	10,97059587096540
-8,48590232582635	-6,34728404607548
4,69557100588347	3,59773973038022
12,26435379016430	11,59816183665930
3,81725478963523	3,77586452026349
-8,63221365410728	-7,83037675239822
4,71903639194304	3,35758834664021
5,71793395652767	2,85717779209699
2,23075289237317	2,44989573128560
-8,23491188182267	-6,30917245172980
4,35937687416949	2,88208618130503
12,40965888847880	10,79460026329070
-9,10879675663816	-5,51526029938931
13,51193126839480	11,24697069670580
13,42651555803550	8,07269669015879
-8,66027965714843	-6,34537822689740
-8,74106769294346	-8,53029412751333
12,65744126193870	12,17634791152530
11,57573004025980	13,10669934346220
-8,96104456282656	-7,45484189159171
-8,17309038407230	-6,19892114010141
3,65645670541912	2,31344749280504
5,81765438260526	3,61717213573956
-8,94356778970742	-6,45696263826507
3,17565085997016	2,78867864525135
-8,45650351332341	-6,64250397341088
3,30102812708785	0,98554971519246
-8,68603375696706	-6,34953290021044
2,65957051489833	0,97545307615666
13,62587624844840	11,91770577682440
2,50993286575684	3,05624333758823
3,80472314500670	3,83911482056110
13,14729764018760	10,06749563520890
-6,13688192552872	-5,81108136138465
5,28747909409424	2,68059503711616
-7,60817979337284	-4,55143129153768
12,10091356186590	11,46568207333090
-9,80596208004918	-5,82984063451408
-9,60136167904569	-6,92701938132723
3,52023463778082	0,88271300481053
-7,39953493971318	-5,06885331836625
-8,41284428950753	-6,26803765577880
5,23362498256368	3,08355917052860
-9,83942745472078	-6,14807328919299
-8,59823729062724	-6,52813304657062
13,24914070418600	10,32275890044310
-8,59221052700241	-6,66862060921631
-8,85556963146016	-7,02272745521501
-9,37959141568832	-6,50058114655834
-7,90117828567412	-5,74613063249370
-10,17642227693000	-5,48521297717601
3,94451462520784	2,92841332598171
13,55016295737660	10,44162748222420
13,84937220480330	10,36286865824120
3,73879360491707	3,95675208782796
13,57109328592150	10,88846740197940
12,79214549574030	10,52053495433590
4,61317241146409	2,96170507673489
11,89231140693380	10,99742328034410
3,24828479869860	3,47201020754000
12,50446868344210	10,28912347639750
12,13349232666920	11,46502402376660
3,16660725347084	0,39049681835384
13,06462554487940	10,24860088087770
12,34859815585770	12,53431663700080
13,91063076779020	9,12233374641618
-8,54075255027342	-8,17438344146284
-8,34627404588731	-6,02125328588615
4,98666437652535	3,01722634518568
-10,13250348875900	-7,40940628965019
-8,87663516950090	-5,04104152319404
3,94905655161444	1,79382706549294
3,78116181806446	3,54155833422439
-8,34920058536577	-8,54468962728158
3,35610386191999	3,60434786478914
-7,77050748366151	-5,88402422486867
3,15926587884527	1,65784102313103
-9,46700775330404	-6,26220249926632
-10,49235682086690	-6,63881467864142
4,68587726651259	2,40573968397171
-10,10200268386680	-7,34160267315325
11,89360808043070	11,06660178904990
-8,01495712899570	-7,24404551650334
-8,92833008112109	-7,73867820882329
-6,41656019696331	-6,23290431554681
4,43584944346332	2,43616577975202
4,26413482106199	1,34951043631235
2,78189799489581	3,50743342179808
5,06841311754603	3,98425810689155
-7,56395738628786	-6,52911151395828
13,55821911470740	10,14414679274750
-8,23655030719627	-7,21506609616741
11,82716852533070	10,59095257782200
11,37012751697970	11,79086594487100
-11,01272491213960	-6,89405446445441
13,14379348652540	11,58561109957480
12,45855602203720	9,71289558998674
-10,79673009194150	-6,36256137986329
12,84148563865590	11,92795045414140
3,79493379369481	2,54115656436826
12,26294304491590	9,16257515021308
4,98295658036830	2,85755258369470
-9,78397208833318	-6,71833893013592
-9,56731618996557	-4,65901061403880
12,41317505108460	9,83437048443817
14,82527952614980	10,10379761529660
13,25184082492380	10,28160778005470
12,51103647036060	10,53901213906940
-9,16212092612521	-5,02482329976576
13,57508975725670	9,59641071316852
12,57812327728350	10,63336177440880
4,84030054276521	3,50927726485202
13,13105900121070	12,12009457209020
3,68267202658783	1,26937365395447
4,28353697116456	3,70032331268279
-8,55902474940559	-7,35505332857536
4,80781483695382	2,95947879506925
-9,22903925209864	-5,27532254694954
13,58152214196160	10,24287273008110
3,03611197150219	3,19055248583739
2,93179189083182	1,66287118801516
12,15083664064110	12,14035655644070
-10,50810131235210	-6,79773499282191
11,75801112965910	11,52282916132760
11,61662998882360	11,17799517269820
3,72431284940223	3,09345399673329
5,14861115594449	1,88906498472356
14,32688441195830	9,34045893737988
12,96652468778490	9,17700433470984
4,66559104709531	1,55371344418592
13,95455498930840	11,78358335817270
14,10823218661640	12,41666004934300
14,12225135283610	8,57925815871122
12,47242534793600	11,88463289377070
12,27868834720300	10,94459481214630
4,01451845991871	3,05240829372025
4,63394996425043	3,18507048569298
13,33606052349130	9,29810657307872
14,59420134899800	10,50051945585560
4,63985695123038	1,65377197815421
-8,91282996935735	-7,33789045058339
13,08259165316050	8,64518307916478
13,61028128518250	10,75958827712130
4,54988814254262	2,25069629263292
-7,26658728244111	-5,33933066783630
-8,66980889011072	-6,65369373105789
-8,35743405676947	-6,81667040594483
13,74493272067780	10,39954762495820
4,62156005481003	3,27377280521400
-10,40385152091330	-5,61367958210637
3,79072832026211	2,20396477780166
-9,88598880712444	-6,53102740629975
4,92233399421766	3,89992232366521
11,15695901351880	12,00217576689510
11,80140954298100	10,06229202661630
3,48643292897608	0,99012148342933
2,43088174148113	3,35609360136942
13,83759892763190	11,21525088470520
3,75023783745124	2,05250482273938
12,87643634297580	10,23596089895690
-8,45745342991423	-5,27885811765423
3,77131620367773	1,10154839380356
2,58593934334028	3,21256669980932
-7,91632297689813	-6,12379910763401
12,55649581911940	11,39847284335170
-10,66682052802010	-4,83825834355549
4,09395827507666	2,42429207098153
11,12923758634920	10,86881166809570
-7,72532353562566	-5,19224432129979
-7,57828302044571	-7,09233365391039
-8,51768927041779	-5,96071418564724
12,64285973721970	9,77311285944368
12,45350542272620	11,83714428189160
13,44866069163740	11,45779247540140
3,99595172943649	3,18356349635854
4,47132934794623	0,86943479014254
2,06974200726462	3,60525843800297
14,02566540898230	8,18274917687202
-9,27242229268407	-4,94888915214677
-7,98188851248322	-4,73961302562311
3,94184972902434	0,32956361185668
-9,14754856420776	-7,06405307135695
-9,04572756400886	-6,78062422104345
1,67235088719137	2,25975757112894
12,80554754756960	12,38440229361970
5,52109176856287	3,67802676047895
4,03252393688565	3,07953380206062
12,67484133091800	12,29296096003460
4,54836891166495	1,28187449431117
11,05882633854220	9,88528285956551
-8,01846758144843	-4,90786801848789
-9,83523129409242	-5,22898675808757
14,35644630047140	10,14118336806550
2,84899691056705	2,57312031317965
5,17254210961079	3,29983142693514
12,81099916128340	8,73312958022105
-9,10619635107137	-8,14964830511829
13,63272456969930	12,22070947811890
13,72528604055980	10,53560676461850
-9,01321508922799	-6,43351134389307
13,30925650273910	11,75296109106490
13,84971383991880	9,01866429312773
12,33107328076020	11,22657973312660
13,40185857101740	10,32570624419350
11,53394316203430	10,92692670857840
3,84974384444020	1,14506040613038
-8,41714079560552	-5,46692013080303
2,04502630397352	4,10395776642471
13,98800637994510	9,66969576204243
-10,69602535948790	-6,32601042865539
12,34250640725000	9,99964930013538
3,45408219771911	2,58444884543501
13,79431249964170	11,41882317067780
3,80129855641900	3,08525685514771
14,22128611826120	11,21720850740610
4,61083678232714	2,19125531580166
5,13789005592545	2,49966939925771
12,19536658984490	9,86249471275678
3,76156496436937	2,15805308970936
3,07591331594042	1,72104851788406
-8,35344578702621	-6,77197450282038
12,18240092346670	10,34563148978890
-9,62808451500219	-6,02572899008426
13,56260185435790	10,64906633639970
-7,03621356244465	-5,80145551755574
-10,08907229007530	-5,17203308050611
13,09086408750090	9,32964378354393
12,30335349545500	9,16815443039901
5,69369950871603	3,07585988055109
13,54322268869400	10,56084382464880
4,40358563932180	3,02173140647352
-8,50040250885533	-6,33648685912158
3,63502400721897	1,20584551034911
11,67848738144080	10,15789660657370
4,61325038666564	1,84721501359856
-9,46461692582114	-5,68777695484469
-7,77873972988233	-6,78210142078795
13,72326676056120	11,93079890388750
11,92228184424210	9,65173029992313
12,61079739664720	9,79338795507679
-8,63680601875915	-5,83762501704533
4,00034807922088	1,74803269231487
4,82124818585417	3,21274295367487
11,16248172789770	12,07656509745980
4,22924391293938	4,24924768497579
3,99596805087904	4,02534784375217
-7,82507893308714	-6,63272864008541
12,62067019352510	12,44845141311710
13,55381590100840	10,09586103295030
-8,01854705820679	-7,83339635844925
-8,96948659660610	-6,27000280475300
4,90380049358703	2,64489663390508
-8,26552970648281	-6,71544514155965
4,64869860038136	2,50237035216376
13,48348016768140	10,92611492397240
13,63216159626920	10,24005311433680
4,93629211229453	2,12566044096383
14,52342789519310	9,14747526034480
6,18677595556308	3,33230431239867
4,20131665765961	2,16972991058810
13,09867322733650	13,08998172012270
4,99520276457797	2,40368899104040
4,18913117866572	1,93718568831214
-10,11078896353440	-5,03105142673465
13,29688099637070	11,58083004920270
4,99775010238481	2,66235494569426
12,88903413374000	10,24094548807020
-11,20131071071920	-6,50897695230216
-8,91583340099112	-4,23754242098650
11,35393083548170	9,77288239399866
-8,95960133518685	-4,32331591471275
-8,81184932792980	-6,80008958982429
-9,13913111638104	-8,01202232486278
-9,67372686744060	-6,10657296640167
6,12976974182839	2,33382255906367
-8,96953423733884	-8,39177781258869
3,96024003558096	2,62468616983476
10,96367236311410	10,78998826387650
4,64009447057762	2,06802780674501
-8,56325222918910	-5,64674839620716
-7,95649764507408	-7,65212041427912
-9,48528925306976	-5,03469678679325
-9,81244347427456	-4,57530272706076
13,88324479977760	9,90652179444241
2,49345513292460	1,53922224854575
-8,70727286107047	-5,93715074965491
13,50880536549540	10,98676091558340
-8,25553785525586	-5,83960075644981
-9,54414461072651	-5,04511273666063
12,66545469050230	10,67851232290980
3,66708723928107	2,71562836333196
-10,33378889830940	-4,41185782821855
13,04824923815040	10,61816577048570
-8,86519933262033	-5,84030209417121
-7,64214494783242	-5,49392720752639
-10,37575098924160	-7,23002621004534
-8,50086341387543	-8,06117088902578
3,16077596467474	3,71973448470414
11,36454870327610	10,78856477576180
-11,10206454402200	-6,52468908282959
-9,81623376026650	-6,09525094937279
3,99580455874108	3,75143515748339
-7,96159514272558	-4,52989664798271
3,71232531343178	2,37808345685866
-10,81681706696130	-7,50100889347789
11,11673168335360	9,63655147913056
5,21728088603261	3,06829401414897
-7,54789812449202	-6,81749481730007
-7,40461087658078	-6,84286506055150
13,68244111999920	10,48343642179000
-7,20338379883170	-7,15548461453396
-7,75150693959899	-7,17807445086527
-8,98446482177408	-5,66093685876609
5,71985618787478	1,41225754409046
3,89809866992395	3,52808018279555
-9,76388569407440	-6,29357979285667
-7,15350700646639	-7,00869226187005
13,14987303747590	12,34409836649640
-9,55638670806348	-5,05918511610178
5,13432839319692	1,63361698965708
5,06203653077283	1,49227717268858
-8,03635532087296	-4,54596735575783
4,52324530569462	1,80005961778435
-8,00183905788276	-6,90589107690706
12,30850632602680	12,13168020343160
14,83090143478950	10,35278626077000
4,37151175488311	4,12273065906545
10,93960289091210	11,81275477330160
5,93084631988662	3,53719224812381
-8,28547366465294	-5,42126455701622
5,04497050926095	1,25182791419645
-7,49230347623973	-7,15255143522405
-8,99623600394840	-6,85690691694637
13,38980794209630	13,08812042200970
4,70838238348247	3,31125249825474
5,29020432397003	1,67621706876538
13,46234951427590	10,63070042878600
-8,05569463683976	-6,57381787295498
4,92216243186507	1,82402941680588
11,45293755868230	11,25689130597570
11,21291168328970	11,60089020186570
-9,46327448478684	-5,59818542083105
3,87637443923345	2,28541902835056
-8,22077255348224	-6,73813005849177
13,58549044349090	12,74063866526070
12,69910169548640	11,85401976551190
13,20592423482920	9,88173709808271
14,15936373106690	11,64556332166660
13,12975735118150	11,30820082092050
-8,72897472735997	-5,69279632108741
-9,78739985366560	-5,14080030732267
11,27827672040420	12,20226729635230
12,40601612789870	10,13810148097740
12,98521111163870	10,79312749283450
-7,27389498287612	-7,12102329020166
-8,83302138428613	-6,00114261338845
2,90574546203005	2,25053209510187
-7,46224340865800	-6,49624144166290
2,16780400491575	1,88925648002777
-10,50183557813610	-6,18614593837082
12,67017721466000	12,12683469638420
11,88482756917630	10,75164615314250
-10,17089021231130	-6,77241913626596
-10,25705725132370	-4,83998379339940
4,69586761258234	2,48862884197957
-9,77084060799462	-8,05876505578274
11,83248333814980	9,63606281922886
3,79276262535235	1,99473121723174
-8,09012239098239	-6,07267737271858
12,10319241202510	10,45268940656340
12,09242908842730	11,21885421893580
-8,75842046903375	-6,98136152667835
-9,38104730525139	-6,06555426987586
-7,96807829752038	-5,46786157316710
12,64551233015090	10,58984765284410
14,15143592625540	9,20959152578072
-8,32173468012486	-7,10314210759956
14,16666248961950	11,50913377400950
4,32891562127329	-0,31229745590263
6,13980318924594	1,35876502598164
12,37544592448920	11,36701110678550
-8,84846121695027	-4,94761632298019
10,96510843134500	10,68304745978030
12,39438812926510	10,85554358186150
4,71604290907043	2,83056806924808
13,05885782331280	10,90195229364690
-7,97627520968133	-4,37374552031365
5,09048248238407	3,04649166159110
5,36712769607272	3,08945097161507
12,58500237402000	11,03820523835310
14,45511832582360	9,37007660274515
-8,24479605053510	-6,64199604719752
11,11750666687180	10,30514701078110
12,53349184953060	10,11542407186920
-10,47201861711090	-6,15437607137251
10,81365030596820	11,60805349685770
-9,47989402677788	-6,43972492910591
3,23386749757123	1,86698372908549
12,93434895709760	10,49765304009410
3,23668710301688	3,04731078380148
-8,05130160128390	-5,61355008029359
5,11234368358878	2,55160599457224
15,59515589368890	11,07963316912930
-7,74388358008396	-7,19281316883231
-7,29003212334262	-5,55211311236132
5,07893330545176	3,62011467890536
-10,54206353220990	-5,93965971573027
-10,22125263009620	-5,68961285230484
2,12825057148184	2,70635664740940
5,34357195203247	3,41358589716295
3,14800614224645	4,74355024591132
4,44021794789322	2,35053458010894
12,29910371980400	12,44967932023030
-8,58596993771654	-6,91728732688360
-7,87283673627754	-6,53514289518966
-9,24996523190292	-5,54569855885398
12,04230500274740	9,62209870012846
-9,56670800701085	-6,48893228486703
5,75351332880239	1,88540752510068
13,38907805404700	12,48395617390480
-10,27492058389380	-4,81865782643190
12,05472267467030	11,71897940664760
3,64147221037482	2,63033123622757
14,04468066208090	11,15901412558220
-9,94554483634796	-6,63632824333041
3,44454369461004	3,21121281014959
13,49165941379350	12,93406648266190
13,02878218543090	10,85745276782990
-9,94516747262593	-7,60032341691357
-7,57214114224973	-5,88276854351101
13,60667966530050	12,05512929437630
12,08064021441450	10,52427399271870
12,30652301253120	12,26665422794850
-9,11694308961132	-5,55443487064921
12,02036213162460	11,45344203017200
5,39069044478635	1,00632510425512
-9,48201766933475	-6,74988610867824
-8,79849508962626	-5,56022986595908
-9,13089475920522	-7,46734433375125
-8,93108602344661	-6,49594131534379
-9,35749783765343	-4,62757112608012
-9,45598969230257	-6,52891086745217
-8,65437306358073	-4,44297164459985
5,08906975171347	2,00267292964411
3,09065869015903	3,13731880226127
4,58968897476336	3,09249483715543
-9,47861939503749	-8,05697576150008
14,56850140621030	11,38546838976800
4,37463685012548	5,25958426842925
4,11337774888580	3,60835650323674
5,55096790985046	1,82709796158536
5,57356220689723	4,42841798143267
-7,68562343193442	-6,69457161857259
4,45380296072931	2,55617615322933
14,05790319436270	9,61742867914845
3,75371310497810	0,50236676589862
6,28871513094248	2,48602548826814
-8,28208386851363	-7,74176882186867
4,98720106358796	2,21234565344879
-8,38784440233554	-6,26643456480355
12,98125786252030	11,38192633461140
-8,92673560813601	-5,07882940934341
12,61363691180830	9,75644417304976
12,48778921227690	9,15680754478706
13,39422621149800	11,88365877219570
4,49060859357324	4,27409907237820
-8,22692628801490	-5,54426778853672
3,42150487939142	1,97746926004928
4,13535668074708	3,43928847978091
-9,81677787263907	-6,42346290042765
-10,56126784423790	-5,39751059632047
12,46045466739820	11,48835140165340
4,26950270267515	2,82189529465903
12,06267758814340	13,02571753468370
4,03736694962591	3,30167832547174
3,26532460271758	3,89537825586792
5,19583867258069	1,95678627735539
3,87337489193537	1,91316786052556
4,52166374970523	1,89239134789464
4,32764736255774	4,06348181002558
-6,68170368730151	-7,14331473542019
13,34977702275220	11,15707901073420
-9,59870974300106	-6,97577562511671
-8,23474666542697	-4,72714456884391
5,64361411011972	2,84879455736369
-8,64737345395264	-6,60292875064513
-9,00759991392655	-5,26197990479230
-8,42994790580272	-6,23655035447390
-8,81433283581399	-6,26835371402584
13,59099932152830	11,32526177899110
-9,06113687481222	-7,00436799889031
-9,12880025484167	-5,43751054956243
12,09425758413710	9,99664410255862
-7,00846814821065	-5,75665194798760
12,88671736972780	12,09508425993010
-9,03520360000103	-5,74919863854127
-7,34464990731591	-6,57061731129630
3,72395032437554	4,85930031309693
13,51566535167290	12,85402920191650
2,28840358425177	2,47845586391694
-10,63600307999030	-6,74659489417440
-6,37865971453793	-6,15281542331538
-9,28155776028105	-5,91818614670067
5,38963436890639	1,42161601386584
11,72553372212120	10,24434803848980
4,00400415632148	4,31573598764523
14,36355941807550	10,25850798934980
-10,42717181175610	-6,34749309625244
2,17112381566982	3,00832211038526
5,41826184253413	4,38959482420850
2,89526201457048	3,24565097513495
-8,10720268417077	-5,86879389185052
2,60225629859120	0,81615635859050
5,13312819532364	2,42873402017322
2,72883438117969	2,53105568969759
11,44827870176980	11,91636362914250
13,23254960841840	12,43945252284240
12,86046553841570	9,28524253693768
-8,03223164546986	-5,24238452075389
14,00790375949630	9,54885198315860
2,73807642305393	2,55497627567909
13,29780104721380	12,62882976066210
12,39618169139780	11,22264322746180
-7,35977631933384	-7,98824312785860
14,91390340835990	9,97412998536365
-8,33763579370093	-6,06097740919830
-8,41146240019771	-6,69759571530123
12,19557425533480	10,44287671798040
14,66697173130420	11,20158998876250
-9,55150387515307	-5,60512476381112
-8,55284399847672	-5,99241056234842
-8,54823151454442	-5,27408010247184
-9,44893086060387	-6,86352043424063
12,41921540942490	11,22733236191340
-7,63401506000806	-6,04721499638426
4,57381354947730	2,42204274603088
3,80031358951601	2,59435747570745
14,30784345106430	9,59962894635273
13,20781285311380	11,42288395318370
2,71854063944525	3,64092217816449
13,24109963693570	10,47750976203170
5,61012435137172	3,00079876482333
-9,01398672802786	-6,33849257410639
-8,55762122203609	-6,43297091401039
4,58835620034799	2,44223638490993
4,51104686733139	0,86755940105126
-7,43670138082671	-6,28735537406602
4,65507442273286	2,13896482602007
-10,11780312604680	-7,77850318846315
13,38804783079350	11,68414722440450
4,50525140194310	2,99760441141875
3,20484625116469	3,45908412491894
3,82426270841509	2,03592598166699
13,39332673098050	11,34603498662740
5,32869763022212	2,21138502342819
3,11631966714953	3,20467107050873
12,26958613327470	9,73766472483550
1,61728571502430	4,07073255727368
12,98272425973060	10,40565719041810
-8,62207766864873	-8,27523679877902
-9,35620195843110	-6,12871596970933
-7,92717460486864	-5,20444989501095
6,39041470821154	2,34967015398790
-8,20138452847178	-4,88251803298284
4,16849293289917	2,57256770167924
11,44050513270850	10,08737981490360
13,05950993935150	9,68127580684281
4,28845914912459	3,20659287732716
3,41913823919798	3,47932445434275
-8,28817780918900	-4,84951331012791
13,08796609868690	11,27081647944420
2,84186444312125	3,57055614795101
13,50118970290370	10,87279595923950
5,01937064198360	2,59867981006861
-9,74740589474675	-4,88177294588994
11,47227824995630	10,72559149200100
-9,04266129956091	-5,90223184691028
4,45053147092874	1,83921452150381
3,57621079411515	1,12936182858809
13,27797125208860	9,93599119039530
14,07210300316800	12,05943164253530
-9,24696717911798	-6,63966901552737
-6,45897225072412	-5,88090912798819
-9,44281014410401	-5,47439350178180
11,72831778865490	10,56744742143390
-8,42262538325390	-5,85577918013673
12,63890684714860	10,72662684234860
-8,89367175737013	-5,95771743707023
-7,05431577725249	-6,13204654887421
12,89889335752570	11,29003179835830
12,59251363067140	11,97115892691420
-9,13385458871140	-6,82775163958939
-8,92014420818616	-6,01529483234368
-8,87568367023929	-6,86856530419518
-8,74496258498726	-6,36374504890126
-8,61631431422541	-6,57024146819450
11,57701463776190	11,42481227177730
13,47460957678160	10,61054855953090
5,07333818163099	2,92066075513693
12,26802595609940	10,03866912025650
-7,30473048841046	-6,46613825974151
-8,70370703446301	-4,83188446133929
13,55998942952990	10,88513154391450
2,56423390380903	4,78786617554063
3,27683936542861	2,66356445323995
15,21511872560890	11,65915759977820
-8,37412677531742	-6,94310320504400
-8,56787248852755	-6,69439745041233
4,39613850128063	2,02537136995092
3,56368563079007	3,24367961039884
14,33739588240930	11,40894716739480
3,99597063294594	3,10445875718748
-8,91525965347158	-7,66533624499081
-9,53667871923362	-7,03949387346710
3,31646876441397	2,62694546067424
-8,36046790218208	-6,38492278576231
3,54242618661130	2,29470382448249
-10,42966808579950	-5,80493114286063
13,69207986933270	11,60313361926670
-7,60333289167689	-6,55918475116158
-9,38519828005142	-5,78459581126762
4,07466407620043	3,91886755411340
13,89643670031140	11,88971455254800
12,60088578439550	10,36738258528920
3,57582850128994	3,43425174071324
4,89838969710260	4,05104796760231
3,81679229104189	2,40068184533039
4,28053387633421	2,76654168468852
4,16813781499192	3,14996073369326
4,46206201553345	4,59640273449235
14,96967123828910	11,28623574801420
3,38755023640411	3,07955819420814
-10,13280536672340	-7,58685781299966
12,47300406076880	12,21138216261570
3,92819234629961	1,98160391951936
11,39644337203950	12,11756580894960
-8,73315051341604	-5,49633944765407
-10,73821957921400	-7,68093062707752
4,16620719897137	1,86974020439790
4,38940047884966	3,27676459703397
4,89172098969544	1,69406556777550
13,26498592045420	11,70952679952060
4,93231618893681	1,23084705760632
-9,58587651088947	-6,63415095305452
6,10432350349283	4,14610782019392
-8,44470946588596	-6,07442092008926
12,76251397626060	10,36759336606990
-8,38769690834859	-8,35798412949256
13,19333520904090	10,79982471458930
4,54602195665966	2,19739376933621
5,03480008821766	4,07035476461887
5,04564503912430	2,30682745141860
14,15187065405510	12,05269740381030
-9,46783749058544	-5,18145207561973
2,77743072077309	1,29000917471531
12,55704718201010	12,15030962384340
-8,21368135193394	-6,00325530896410
12,56796701405700	12,01357494164870
12,15254320927980	10,08306136576860
3,86848406740048	3,75098532738168
12,18448489596020	11,99108285264460
-9,57203158139041	-6,12164144193217
-8,77007156298397	-6,22268354509647
12,00509274544330	10,34221841001210
3,79612963006960	1,40814504547663
-7,91468924126853	-6,93298127927953
13,82110988612000	11,50783819091360
2,57368668233179	3,42585279458649
-7,68167494737760	-6,47222883841166
5,06465117354817	2,73889534702632
-9,00982446464200	-5,29927256369714
-9,22896267274433	-7,05578029850295
-7,59496676288881	-5,13191603306988
13,09438697775830	10,05199905049400
12,81349136116200	10,79023826668620
13,58602885419910	8,82166914398434
14,06424415778560	9,88792133394429
-9,51519831865915	-5,92785926448683
-9,43929703488247	-5,94740607396535
-9,27084968949106	-6,58154645702680
13,06266028961390	10,06367378319530
2,90929530599896	3,82964605109939
13,75059040955120	10,70863618556150
3,99636899235029	3,08459594598048
6,01277364901796	2,02441784266964
12,71612131562340	11,36877099487810
2,80835352808278	2,43518804900129
-9,38826701715252	-6,78207210128187
-7,80748236519208	-5,16849097582601
14,33496700230140	10,16957556798460
-7,53645930990304	-5,91129225545953
10,97419784423190	9,81511506337833
14,31850843023860	10,89671666803710
-8,63663759999366	-6,05442245049900
3,98785864218502	2,76037245824581
12,77804458459210	11,52222557773530
3,27465616475146	2,47233015046559
-9,43909746290959	-6,94980611256799
12,06899429407790	11,16484783640930
10,44420008773900	11,15802890760290
3,59150841794523	2,70238147256154
4,14228282705538	3,19732969670008
-8,56332850510357	-5,11931590922657
11,75960275424810	10,59752014562360
12,84578700181100	10,22118748589570
2,03541719915928	1,62567470244197
5,71094683538185	2,92122976941631
-8,72167747510559	-7,58701979201741
3,82607448106887	3,07090659658168
12,48576027479500	10,96709162456910
4,22789103614121	3,66981756094920
-8,18812797456320	-4,69760244356476
-9,54622113466090	-8,00652069360855
2,84756502878559	2,65410302209446
4,34764040114454	3,80059120839859
4,78177865306783	3,85309969716272
12,38686681000350	10,70804915434390
-7,32869859460722	-7,30260908764789
12,64525566810660	11,39698273032710
13,36209661367740	8,90240358766373
-9,30313050750847	-6,06385426025042
-11,03397497776700	-5,09549990764584
-8,60189422236638	-6,33632712997362
4,30609264342254	2,63744791097002
4,17231070049844	1,64909810626892
-7,42616722389872	-6,28455690309098
4,51941966431767	2,19882816620357
-10,25028727822150	-6,51131563118396
6,33772585928508	2,99987797331851
-8,13349415024023	-5,74588452824878
11,02541101291430	11,52429390663630
-8,60023650418672	-5,02903820658253
14,46953455490510	10,41320409001300
4,92475172029269	3,30271405458925
-8,16125923680984	-7,53245085559099
-6,99337653616915	-5,46818380565474
2,13559549613606	2,54646444525360
4,36874367682469	3,45818442527622
10,70795266064840	11,28687457838330
12,60459387717030	10,95960482882610
5,76653507583791	2,53300257033035
13,46800511489840	10,23989178100820
11,74443821676000	10,73470467670010
4,75688632700215	2,65709712110456
12,51838928916030	9,17347154626843
-8,79961754016977	-5,21142680399607
-6,87844659096396	-5,55954285468499
14,09884117870440	10,43276552428220
3,61476527801774	3,89354541653788
11,92290363827680	11,05328263462440
5,17084871492720	2,52142298711796
6,93418328606632	2,17980566402616
-8,35867807502411	-4,34847184240832
3,85293347899741	4,65592115706802
-10,17520795156040	-4,52430458964985
12,31693924775520	10,84379078585660
12,90559923591540	10,53994204856730
4,48549731306228	4,24905108337119
13,83356371920990	11,86080301532770
12,93262344754580	9,54566664884851
-8,32892398943923	-5,59165159864075
13,88293254429320	9,65889866344980
12,86438081425770	10,00181627365360
-8,28260477741792	-7,64973156501217
-8,93765605668555	-5,17737537899845
-7,72735570030802	-7,51482275504035
12,56752699582560	13,36495318442450
4,04104162239328	1,03361192932756
-8,59905965359482	-6,21533687045482
12,27245418184890	11,65393485482660
14,62693973470120	9,66120439362491
4,29980121369278	3,90174215999829
-9,27894649944052	-7,22933324365264
-8,55728641631623	-6,16215654080868
-8,13176320995433	-7,15621606183866
3,96612741282852	2,63467718304044
10,29012183517170	9,62651958201440
3,20073101429587	2,80862178784521
4,41467430811224	3,10835201672401
13,17240335270620	11,27917496917510
3,23845302572409	3,69223971524612
13,05286001844720	10,23507910820030
3,68640077379662	2,10804957871854
13,19832737371300	11,46539781892450
4,83152741959666	2,93727248349607
-9,36518068529855	-7,24527808688133
13,43865374575070	12,92833760533700
-9,57753600864810	-7,13060444021594
10,99222333023220	10,97701522119400
3,68686032773199	2,03628612007564
5,21435281953959	2,79866345623059
-8,30616309148844	-8,21544548138752
2,78451015574822	4,08639800169244
-8,22699294323924	-5,86316146547608
-8,96434006750853	-5,49574423523960
12,16800610502890	10,81273835295470
14,55443710453210	10,56706191851360
5,75344607158324	2,49772827996257
13,79089093065180	9,59433220335595
-8,71456016039761	-7,69561951278614
3,12376358882718	2,55352146948387
-8,81097912651394	-7,74233032084789
3,90923824860511	2,68763321076157
13,26101313653520	10,17705993915160
3,50622665733601	2,43689725767054
-6,63328278223160	-4,54446395360907
13,31598122789870	12,77781708309920
4,73265327085301	3,07813104577510
2,85113177605249	3,40410344342572
13,45152371686510	12,33315591636880
-8,85750603233826	-7,23320418486679
13,44491504092070	10,18535109150120
4,40360190427620	1,59575434026195
12,69988253554530	10,00289207580710
11,18619654184780	10,79742184407760
5,45818339526215	3,08216960992736
14,04377257412010	9,62748228252940
13,36576121288960	11,23256053659810
12,68826944022460	10,56044115935420
5,76117770963369	0,81371951789690
4,17822339555373	3,58016186534320
-10,11022427476830	-6,73053224356967
4,28895046777271	2,01484427490249
2,48097512987771	4,09985471068107
4,95156227841138	3,66538689977299
12,46565691231630	10,58821496331040
-7,74262032280702	-5,08735151731026
4,43281632852948	2,60585961031809
13,63545697081680	9,67234611296927
3,93052866078834	3,63229609799098
3,66863080324518	2,86486807355840
-8,04407430591355	-8,40771408858767
-10,48343467606280	-7,21395837843513
4,42187255932511	2,97461737006910
3,21572167153451	1,67571573701139
-9,43340727551087	-7,16424597221609
15,30880461416880	11,12843138155960
5,08196962492992	2,55542848422061
4,43060785172516	2,79891730000728
-9,73489033447127	-5,88189222344645
11,41008028575140	10,84702747358830
13,11029505980250	11,50156645554210
-9,65035221628252	-5,79193111074920
-7,20693029133549	-5,41092414402409
4,65182418206330	3,08559318657608
12,32543789874750	9,93472538532290
4,59398059721074	2,95472694458100
3,95860536834524	4,17198143808510
3,09861631734914	2,01260616518998
-9,07798683987784	-4,77084209308401
-10,96631774534820	-6,30712898806306
3,04986712854129	3,06177053232661
11,25069918187770	10,52534102744600
13,59484882701790	12,25165852633050
4,23830567527651	3,52039109340564
-8,73851158011055	-5,66308132721818
4,13821703349814	4,35950657013175
13,00555082955130	10,34420047286560
3,42175545848463	0,69028184709909
12,44075122044940	9,84309204640794
-11,11471102810720	-5,81553028930281
-8,62915973018335	-6,20743199230319
2,05883423203279	2,06183543333878
5,06609825884366	2,82921425795034
3,86262753906687	2,50542867953066
2,81419002542711	2,32765657771196
-9,42978129370244	-7,83179841520582
3,63818124307776	3,60144255762235
12,73819572387470	11,74201070418930
14,11455390153590	9,51181735048296
-9,81662760905746	-6,85811178321226
12,02822827788530	10,23001008721390
-7,84379260139113	-7,11084894715342
3,67035886967067	0,46688363950970
4,45567113509063	3,36134107874184
12,88311570415860	11,70591940360980
4,69305322037375	1,94212235904467
-8,93787061836649	-6,33527727308367
4,23723842841965	3,73109619991540
12,92792066364900	9,63227960674643
-9,15843816680515	-6,21448177917102
-8,73179610845192	-6,42363221948990
13,43608495850900	10,84901662506230
-7,01449905159441	-7,63676331641538
5,73683331448035	3,26716678487311
-9,21833916741022	-7,07564717476674
-9,81517570635867	-5,33460048800749
-9,82931464134008	-5,35208117412804
5,01753418006642	0,90333892369547
-8,37700738456619	-6,51239050968758
4,74576235100968	4,06695378634352
4,21284456323295	1,28349493071283
3,46721273569704	3,66959410545776
12,46423513252900	10,49418005181550
4,83851203941118	1,80151575551360
14,60220975561670	10,94148442794290
13,13391954886440	12,01917208732030
4,57579256438777	2,05153844266553
10,39910948778880	10,40723502954700
13,37713472400820	9,68826412937502
-8,26638425611130	-6,12317343621663
13,72093980635560	11,69365109519140
13,80478109037720	8,86733394018265
10,77355898092760	9,64926284742148
13,88200980496370	11,23272008916250
4,02224425569862	3,67201167736132
4,95299142030562	3,04046260966818
5,09070835641220	2,55500228518840
5,06191017917361	2,16105929134895
13,07809348611280	11,72264770889900
2,46979050536165	2,28721434132839
13,11285017512130	8,29592280785100
12,35739708617310	12,43769297919620
13,35562267386820	10,11153089808360
-10,28646694172740	-7,25828979577912
-7,37608615821772	-5,23059691455686
3,93532723951916	2,83908476411351
3,92298110433129	3,68145402830084
12,86456916507510	11,53043998026790
-9,04658908679285	-6,90472442851069
12,76317075914600	9,91919995311629
-10,15929631540660	-5,47145900097136
12,16531965912420	9,93648862793541
-10,26975241638550	-5,22156670593174
3,64322628563170	2,43479436017110
4,66664575793551	2,53628913050114
11,82028230061830	11,10671050049260
-8,51931347202899	-5,99417633547261
-6,47824142598167	-6,28183381702504
-8,13741438433894	-6,16185877170994
-10,63592439510800	-8,41647834838676
4,31959643054313	3,13293626921143
3,51980221154168	2,05231157079241
6,26985205638496	3,73915832834699
-8,75654959912785	-6,13587062990008
12,01220404707720	11,24253585413790
3,74883569761452	3,50530168434938
2,68464257148586	3,94316557317916
3,98247817468970	2,53339741431049
-6,39822020344810	-6,68423376412136
2,96961634800745	2,82922183808684
13,46983847497410	11,74660998612430
11,31456927731220	10,52343339173600
14,29038338683800	11,64156275239130
4,04649374386342	1,44885712247567
-8,19033487654588	-5,37072172562251
13,03399597108450	11,04787987204200
12,96151828730480	10,54105595212300
10,99956913625820	9,71952411041093
13,45329908014300	11,07814865204760
3,58505034426658	3,66020832528896
12,39185734398330	10,35371756953010
4,03544874382487	1,10804422050495
4,28032692673370	3,29592820107761
-9,50996178270461	-5,71317121908976
-7,51797295643525	-8,30353030733884
5,07223173349008	3,61062783134776
-8,36391884531517	-6,50602503390532
13,59636317554370	10,57042076233920
4,52191449495400	3,13418847539861
4,48342471483004	-0,30393956848873
-8,03155189835042	-6,36284550747041
13,07108027908480	10,73477824438410
3,14298003762707	1,98619532340852
12,56693929183200	10,72874029974750
2,00967284856475	2,56590742529321
15,18179409672760	10,35540104059970
4,63492085918833	3,47447020888920
11,61592475333370	11,72101508314680
4,12600365816981	6,07566351301099
1,86749543272921	2,20634758649151
5,01881827346615	1,50836837303993
-10,29934763015730	-7,51939313881375
12,18102722819230	12,30798000709650
-7,76142173163193	-7,01326681253725
3,17390133790027	1,27132734960214
12,51873806169940	10,75479732486610
-8,86573328644537	-5,18225248233315
-8,13564732161299	-6,26034935968885
-10,21833026611570	-6,28189223510448
11,55865488719640	9,82272895329789
-8,30077949965632	-5,87769559973413
-8,80866776136709	-6,53482794990882
3,71619303598453	2,01267205561305
-9,13236836828934	-6,75393285798177
15,06993260661320	12,81347198481780
12,42919709665480	12,19603411945250
11,77699574774590	11,03767561404530
10,95965129945790	12,25242944645650
14,72561711816190	11,48030119644530
-9,43236763303196	-6,55223573552092
12,14333249445180	10,69995553887300
3,75000480086905	2,66065698318538
3,24335604181507	4,40202282117921
3,49656887339784	4,07992545065793
-8,70363551442258	-4,92014651015524
5,30557372894021	4,00778889986258
-9,00577724860607	-5,86363972316807
4,59720409003299	3,48254566239386
13,69928483826040	11,54816745480660
13,20011274137850	12,26952797350900
-10,22036821314320	-4,25362070213803
15,00501793684150	10,89102057746860
-7,23770305194387	-5,52141022866847
2,62012601960359	2,32759133264364
11,95130125316120	10,67641489777800
5,75489178931220	3,48689202012601
13,03741617750000	11,06370615853560
-7,01396645363770	-6,23488097895273
14,24712199572920	10,00570995017950
12,81761887493540	12,63498417784460
11,71093918000620	10,08007450188130
-8,88653504714050	-6,30045780584314
5,54072392514845	1,62410416262827
-7,70347193154692	-5,46381613772410
6,30572188545796	4,17744261690002
4,23752929235372	2,93070530571420
4,63293463162776	2,63789238132060
-8,72138014069877	-5,39536540839535
2,72279943631521	3,76760976575021
3,67969695910669	3,01863759473803
2,84628034789147	3,40075537291708
4,75064191032138	0,90960559782376
4,47165899003581	3,11950593987161
-9,20816531721395	-7,63858291945010
-8,62683435129853	-5,38026115241811
4,44186544732311	3,55204939383129
13,11411883238180	10,91046839264080
5,66104308467306	1,61042610250127
5,94866156574210	2,67802788474307
10,65293158908740	10,90430889246360
-8,48736796794540	-7,58486915825416
-10,14058657207660	-6,60903395886503
13,44266923865240	9,30104688640411
-9,89646168909843	-5,30425711970469
-9,89488271338816	-6,96887522362925
3,72479116702836	4,22740532423448
5,59419459613060	2,77093630732768
-8,18260130998839	-6,85324354295189
11,40237953285190	11,03252897322650
-7,93869133994992	-5,94109900707698
13,02524195234540	11,33575504761470
-8,67684948455538	-5,97617598677620
12,96651471043490	12,49959772097460
-10,06142497380610	-5,65004819135419
14,45582251870180	10,74280306094990
5,63709509815879	1,99931861343063
4,57853949104457	3,00906055768725
-8,54153031595045	-7,45740321128310
3,36005801841340	2,76314177444082
-8,39463690692680	-8,42792167814318
13,18548051238730	10,55200078490380
12,66259617016190	10,01579243988180
13,37110486192070	11,39096871132190
4,22684995121310	3,53927536332946
4,64370635464710	2,06830852979977
-7,69389728911578	-6,81931323979957
12,83323776722050	10,88559394769050
6,23288766272405	0,85213710919145
-5,54446899298013	-5,06525372301895
3,51402343053399	3,34156461657297
3,59801467649758	2,04333522274389
6,03079901216264	2,27826581745622
-8,51642378968290	-4,20245282832604
-7,27565403190858	-6,07921833882136
3,09281806407947	3,17860049334734
5,10670167821313	2,20063186913313
-9,36727908733875	-6,34536538102185
5,19333188636073	3,44348955977732
-9,58123485010021	-5,09339919172825
-10,23139130093180	-6,04860790808350
-10,88267288873300	-5,56498370802607
-9,36367076133570	-7,22479502753809
4,17196839457566	2,54239314247330
3,13190904079651	2,71000964967571
-9,58212597791570	-7,71886802368579
12,35419760120180	10,86357487492550
13,68842041647710	10,80254103160110
14,18352865626890	10,69116619749720
-8,31377418185952	-6,00542925031770
-7,64993408803321	-6,52522017067174
3,05729819418117	1,38520506037143
11,50026064343850	10,32430801594340
5,23377296296098	4,14623910223622
14,67143677674510	10,78112630436960
-9,49796023368321	-7,31680215730070
13,99173281827700	10,92266898763300
-9,27409343480283	-5,95919563852943
13,23028131118130	12,39332148049540
3,92657466861329	0,57024214028319
-9,40962927013304	-6,75513866664925
14,92902376486590	10,37588892117570
-6,84302156687410	-7,77560640663240
5,20151777987482	0,38148795520463
-7,31222964930919	-6,07524670785807
2,08785287056694	3,61959951301294
-9,26768670564075	-6,76372045571484
-8,27822802169060	-6,80586028330413
-9,07250001672054	-6,10639107503800
-9,86864513041065	-6,84619030661056
12,32044318512130	9,56208908012428
-7,25443370236425	-7,06056731679855
-9,87416248429216	-5,83096285750218
4,10032483381422	3,17297668134679
3,91175557076841	1,43761735300200
12,64311637039530	10,69194302295870
-6,41778534574840	-4,32588134892958
-8,71088377342795	-7,07140594471465
-9,08358722903859	-6,33977176076873
5,69734658579919	2,78213587052544
12,61311403838720	10,22452733542500
-11,25610473029760	-5,56666572314003
-8,73581176007438	-6,37836124357069
15,10313921352870	12,00124203771160
-8,49150869255951	-7,03950697145465
-9,71569061637892	-5,70637096227664
3,31188216513538	1,38198002123415
2,86573880530625	4,10381354990751
5,14151988320506	2,08778372735927
13,93989245647900	11,28499600286490
-8,86635652088268	-2,37048269241881
13,76265312676620	10,45785595679150
4,63202023743503	3,93488392450177
3,25003645109861	2,88975780849953
14,54982789754200	11,26086642577330
5,57454695846516	2,50673635365539
-8,95085022124222	-4,36660013969950
-8,82756516186090	-5,81728019002603
12,26490601053580	10,84282909575180
-7,07291426514871	-6,94115507896063
14,01541823672900	12,69211356738670
4,17569596907747	2,21878265533259
-8,25520609898540	-7,01474573640120
4,38518000703948	4,30623296414789
-9,22255322141317	-8,15592082346395
13,80639867789250	10,34439838783000
-10,66092740422640	-6,44193212595061
3,85268381323366	3,32008210456475
13,84693080113490	10,55244416841480
-8,07614598076482	-7,04188081796766
4,16720334821685	3,15480672954786
-8,68410204925527	-7,30319889941013
12,44262373555940	11,80876981822260
13,85764390765080	9,40780818949894
15,64009852319050	8,58877926305077
2,69095815470639	2,98951591794579
4,29778513285859	2,01563184793976
5,37089396738358	2,87953876919991
5,12306087278692	0,84616414236669
-10,32078579037120	-7,20971305458800
13,48386620915510	10,50240646272420
-9,75311279701269	-9,22762427554532
13,37776443958010	9,91926124154670
2,31717701947724	3,31714322974730
-8,91753985990558	-5,54294415364770
-7,90248357018687	-6,00296462169921
-10,15811854237380	-5,87097043073648
13,52234961599210	10,36854712328740
12,22362465581200	9,71149343464596
12,11930788672770	9,83260758469005
11,18789938515830	10,53383158815960
12,34396035599560	9,50768343491485
-9,29806844758739	-5,99334515328733
-9,71034456980752	-6,20874572038929
4,17132582764003	4,66319776703471
3,97974974558948	4,01816256035696
3,63138036643995	3,40798725374064
6,54919699080094	3,98067106610758
-9,53390964205883	-5,27097402301212
12,91043700242290	10,31292804421390
14,37111166447430	12,06697965279280
3,55606254212149	2,94437072714569
-8,64927776820666	-6,14625650269031
-7,68484013262192	-6,76040106225083
4,08316429453872	3,08112981600686
12,27008413039700	11,45389850077230
11,88368148328510	11,86399189542350
13,13601639719500	11,79005139924270
3,49740741289476	0,96403679482790
5,91539321023965	2,28089282953262
3,49167211938176	2,18147606723915
12,91007930579800	11,18606278788330
12,80602721155600	9,46760969685370
4,56343939882002	1,03422992522872
14,54440235124420	11,21480661885210
5,06177385186826	2,40678700915913
10,56092739599100	12,41270817927520
-9,89894397265253	-6,57162419080540
15,07995941141580	11,32651193141810
4,94832521300514	1,54573048699123
-8,97108430021318	-6,20036639744834
4,76595460703054	2,66173196926684
-6,10158557231284	-5,86565261283739
12,71667298659250	10,29082188047670
11,55519363478010	10,06698700148220
13,45048151321720	12,13853709829730
-7,85416527400207	-6,31336477899020
3,54902382316277	2,26261831881187
-8,64495658938110	-5,59756585273652
3,57282516954911	2,84330756990325
3,50376011131640	1,57996133289003
13,50277183933760	11,64760737945270
10,20470427352990	11,66707924833310
13,82432495842750	11,45707545890220
-9,21632409427512	-7,20910034939038
12,15561071675980	10,96487009274300
-8,06181311255432	-5,57026380358098
4,21926899534986	2,04685822924050
6,20842076775138	5,00985336719653
12,59055799205940	12,08805464324870
12,16927851857530	10,79038149599030
12,65549043815220	9,93797599461302
-8,99316111365135	-5,51295085765249
-7,64938812998426	-8,77090645046303
13,80438481094440	9,59276280684107
-9,78827490233336	-6,01520977104337
-11,13778729674820	-7,01498532794059
14,64075943263870	12,12727908061160
11,92735907360760	10,40689843226500
-10,07780782710210	-5,35361217211180
3,62247105013076	2,58104098636788
3,06698544794862	1,95809075342875
-9,04179618703036	-7,48597802207894
12,70021821602900	10,83156914343340
13,56632141982430	11,28443792358010
-9,30871605388830	-6,47366348205156
13,17269229842970	11,53383140907900
12,42071405077090	11,36688140685890
12,54671273460770	10,79549191101890
-8,96750512789716	-7,57135731119895
13,42020123973650	11,45411023632830
6,27772510862500	0,81896719034879
4,72183149775265	2,59276955082855
2,88084821225316	3,86485446514774
-9,01526279747798	-5,56570385510799
-8,81057330785099	-7,15753832826662
3,37585518953513	3,65582714751253
-10,24216443509350	-6,00314442495908
13,42262775363360	10,27531498968630
4,31313494513903	1,90056797116836
-7,88796250490046	-6,51262703557181
13,25578358162950	10,06855350754990
12,14871230947780	10,75193831122650
5,27536719572401	2,69391336957620
-9,76155624223897	-5,08601448618135
-10,95385083132960	-6,02472892296025
13,40781487781810	10,36737533722040
-9,40476411112568	-5,31268416609534
12,93784098684330	9,90907563450752
12,76546770475920	9,37161165094532
4,19864507013642	4,16649696345224
5,30210960040384	1,03771964468974
-8,26835769279683	-8,32269817223686
13,20217547611540	11,54890371479430
-8,08477861668248	-6,76661932719305
-8,37599744861113	-5,32392672939733
4,16025079052089	2,84743250354864
-8,90879115196302	-4,97866730867594
4,29229105826970	2,36412399925975
-9,78080125193092	-5,64779343928915
4,41545579623645	3,11045407809179
13,08313877858710	10,88031297233280
14,11274028774400	9,58449059936877
5,37650785657707	1,00775581788054
5,08034051190658	2,27931179557192
3,03421824207921	3,28148462248672
-8,40828841763401	-5,92253645421743
3,96030524007641	2,44973861172637
4,97478780509447	3,52827742968938
-7,58253991497957	-6,86528190195971
11,86153282046850	9,38938255047882
12,18960190598290	10,94004189446010
3,59740110303695	1,57129247052367
14,37493620161250	10,47194738770690
11,88455423923760	10,17006296472540
5,97547705434320	3,01313989028244
-8,31296859185799	-5,57558947606040
13,41987959264690	10,30095677229780
12,65293850366990	12,32063150082440
2,05457083283807	2,45768682207728
4,86867583516027	4,25282574877714
-8,14608654094056	-6,44476775004812
-9,61772890397929	-6,98544838724602
13,75561161534090	11,07932262617080
4,16301492046400	2,07668193434544
3,97028884526547	3,77787352229172
12,90742091683530	11,03691662453240
-9,16065603749217	-5,77432251987000
13,37803474984640	9,99333002160847
4,15668043557047	1,65475380382327
4,94008784928932	3,68271501748249
5,67780182112888	2,84856323564258
10,95588355399560	10,05057535263960
2,41946242135210	2,40453949105097
-8,12947441793748	-6,84163352777668
12,05505426857580	9,29468725662775
-7,66107348666909	-6,21927147540804
3,79692329896802	1,19559924915419
-7,48216055289560	-6,38147263918511
4,13577109445313	2,99680669021980
-9,90696461068909	-6,68441445104698
12,52587181101180	12,36379894859300
12,03667108953980	12,12681872335290
13,07917840447430	12,35681039534860
3,88535297620542	1,34643471628795
13,11023624258570	12,37696999443140
3,94394666752776	2,96366614217200
10,87322397976060	10,42869517736980
13,27319863979130	11,33375250938950
-9,89595475996481	-6,05491649025651
14,20294569654570	12,33206737922670
11,19287193634760	10,68250413777120
3,58126613331269	4,95111182957395
-9,42469396435414	-6,48202274879810
4,50361948108213	2,49300676443212
-10,20785247149210	-6,39624208080417
5,47196253294263	2,78318177269393
-6,94370793220202	-6,63206527167158
-6,45059019648048	-5,90537752386116
13,16616815664260	10,38488234440850
4,67259578692749	1,76850591757576
3,87447826509809	3,12498907015081
11,80899259332420	10,17961339378960
-7,45807901453057	-6,04939753216327
13,24277615263790	9,64696820208325
11,45562551703280	9,81268017874921
10,78463249896360	11,24862779464130
-8,06209093886141	-6,52095366509853
13,20769247434680	10,60456803383930
13,12569483986070	10,00749085222790
13,55444420903350	10,90665593173810
13,22423664194310	11,15156458476000
-6,08367662940984	-4,93697606684245
12,09083363710260	9,87634774280275
13,18712856963440	8,79474310043692
12,47220851597660	10,91254803219840
14,44466711978270	10,27779698546710
-8,88529563681204	-5,22854753483554
14,45537364341280	10,90208777107460
-10,35206852375190	-4,42815427456238
-7,86929577855954	-5,85947563406981
2,63432608246477	3,29075537855569
-8,77770983599128	-6,24712377241204
12,28189394914110	10,22162140698880
2,48190598340178	5,45414751914979
12,89236289703140	9,53094606184846
-8,73712803032565	-7,39334794964492
11,91693969362550	8,65545508666229
-8,64793408424504	-6,99920807587359
-7,94753051636105	-7,00108540344044
-9,44002249710168	-5,44882707163254
12,84586212576030	12,02594054926130
13,24578601072530	8,96322283270121
-8,43114388195110	-5,75957237244772
-6,63516980716259	-5,45879941972512
3,45265812195300	1,82274751651604
-8,13376652009639	-6,44380260127583
14,40858283764180	10,29751522012910
13,39947452053310	10,30446678737310
-7,53547140781761	-5,99898315955357
-7,72426626109333	-9,00854903249757
12,31721930272890	9,80419091084231
-8,82247450652185	-4,74082267356636
1,92463327527810	2,39594854550937
3,47162664170223	3,76448689703996
11,68333285504590	10,85910700841450
-8,78459099334414	-6,39704880020010
-9,55311638087869	-6,12709842169026
-8,89597194757858	-6,05841390638844
-8,66561066508280	-6,56035009093081
12,00971916252120	10,98715539532150
-8,46127922903973	-4,98357883659357
-8,77681267715500	-5,75054947037975
11,71022591738300	10,15934954012020
12,83988834515120	13,05140768958100
5,27447957478968	1,28629788266021
-9,58644098131532	-5,85178526687883
-8,45242493585551	-6,70769857719908
5,06215258670615	2,51338027788690
6,01420773849392	1,10268029292227
-10,60971296842460	-7,27420340716970
4,97296938313678	3,65474346274280
13,38462876290150	9,00227515768475
14,54057324304500	10,46585223642620
14,88643466643600	12,00853286347880
4,06691900124862	2,69322728590007
-8,10445314801074	-6,06857012497041
13,87802095748340	10,92446232749060
15,05938181671840	11,33674888501060
13,44100758175270	11,48534185301950
13,58161178116500	12,18512230692570
13,02422827850050	10,59608187950200
12,16524230361050	10,27278055892600
12,37023782255890	11,54024664246560
12,81995736228990	11,32270429909860
4,69655563147981	2,20883770676572
-8,15656553912346	-7,10280585983614
13,99303587830730	8,68558146434500
5,54585557404261	0,54174509647898
-6,77233523256801	-6,11117919610694
12,38652170859700	11,01190263428920
13,52857924643930	11,84975102884910
-8,13893130139382	-5,45008880914296
4,18566406864863	-0,08405970318502
12,88777704887160	12,06809172497350
5,65437731488583	2,78609079875339
4,24959231607492	2,10850116962920
5,43804835646238	1,80423287784150
4,45129242674871	2,34668780110466
13,20694605321550	11,66389534906460
-10,75839668611330	-4,55958742864946
12,84292968212050	10,85782335562140
-6,68083351628432	-6,64771391431521
-8,85182872907338	-6,60507586802700
3,28183340656686	2,84702655897794
13,62709035669750	10,02424987195890
-8,78930321292329	-5,37195524194664
-8,58748457424275	-7,13267008466613
12,92021027874750	11,72353334765140
12,36282788132680	11,34198612361340
-7,81074483510219	-7,33980732112461
-8,39535679817938	-5,22446638397156
12,59133104554430	12,81768953186660
13,73296706427460	12,47733220281870
4,85403772138844	3,79745772626930
3,61464024955883	3,53306639462324
13,94570561138650	12,04681310290530
-9,07309391374721	-5,51657776251657
4,18855390693529	1,97939484087953
11,75489165358610	10,55024918251600
-8,41342493259063	-5,95759646113408
4,44536823630303	2,71136828400177
12,62249757254310	10,21193594917590
-8,70926149233132	-6,58416451311791
-10,31840626966230	-4,94028708463947
-8,52274753005235	-6,91560771848731
-7,29253412849450	-6,03863835848650
-7,41689192109848	-6,11431522896414
-10,16217241714360	-6,25567143179170
13,35127273100450	11,20848175086440
-8,89095833939319	-5,79696945191679
4,65478517434746	2,18350220866098
4,19704310256640	2,91079641170458
11,55872467517420	10,17046790388700
5,38238056770260	2,36780923203742
12,10845911529170	11,01862928658310
-8,69638611741192	-5,65355576300418
2,95213046696714	2,55154329010592
-9,51526557791089	-4,67946726466095
-10,08034809595780	-7,19845960067420
13,79336703339190	8,80100342037448
5,53626033009335	1,96227599749212
-9,36864195798333	-3,21398978730846
-9,74584557094008	-7,92873351483955
-10,56532553819660	-6,04161370919264
5,04615349349298	2,16331221763403
11,53145464569140	11,55214432251220
6,20656575497451	1,80868824948289
12,78399860196260	8,66836096979886
3,91629311813471	3,58426912886355
11,62365320798970	10,76145240684720
-9,72578462595278	-6,78128277354226
-10,64488020927580	-6,52429236483596
11,90907426393070	10,09204949286600
12,15794309683600	10,96327333760300
4,33453187587008	3,22560427755731
4,60672740291729	3,29278536209631
13,09314247960630	12,68286190202270
12,70928922606650	11,82799571173460
5,17717370575739	3,28644897861886
14,17361476881770	10,89986297113730
2,14692839029247	1,47372975307176
-8,84327455379315	-5,95119174713837
13,01191274448140	8,49711488280999
5,94427283843253	3,67730487098898
-9,20824633880087	-7,30396931981997
4,41296854661494	2,03643577602525
4,23089250534448	1,84350006798855
11,99640167564840	10,43620624743180
5,88249769766800	2,29296698940653
-7,66676508104768	-6,62621320782181
4,61741315858364	3,19836399426176
5,12368455535142	2,67858824242595
-8,62391648667222	-6,11248515466974
15,00087773895340	8,48963710465018
-6,95881204557957	-4,75675404217960
2,83742741974792	1,76177334807524
-9,94761947359116	-7,30536291372609
12,51009346549690	12,08011654773790
4,16851144860760	2,57710727523008
13,86172633953850	10,39047399423720
-9,42505383125314	-5,12713235364804
5,78563104222513	2,80479746245017
-8,22213339108350	-8,38983180725904
-8,23544819123033	-7,47675877503370
5,50941652333127	2,49774976549374
4,74666507380031	2,48156988538394
13,53716150194200	12,29708544832500
3,81651792374099	3,02077201469815
13,52750520243640	10,97665109298330
12,64404789793600	11,64696068634140
2,10042447492216	3,57243772822863
3,62071260787803	2,05004642127833
-11,07725908831830	-6,32094629373911
-7,84325893791652	-6,20599168642170
-8,43278197022359	-5,16509021000252
-8,10093462711252	-3,67077819366499
-7,67538110973185	-5,76960806524688
-9,93455865049125	-8,37857158245395
3,88721515648096	3,11190785135895
2,62535241735721	3,66366986264265
12,58825846937000	11,89438077286740
-8,60542897972257	-6,55191509451243
13,99346674942760	11,29563268226780
-8,25240514348730	-7,24299437999936
5,06231656357614	4,20506734145041
4,30589373844406	2,65816149922555
-9,87048615653734	-5,36287270255943
-7,62703707608998	-7,01147821717775
4,19955484744923	2,60739563225236
4,46251839695898	2,43450618650703
-8,58607706938534	-6,43835755204708
-7,79898812210845	-5,09573904777231
4,82593762924439	3,48529106290207
12,82586696004120	11,19707231839840
5,54588590887387	2,70914820319792
12,25389584216950	10,54370069350870
-8,80592482122807	-5,51138813969695
4,46907005393131	2,48564362767228
-9,82849595973577	-5,71178493618148
-7,07875567971494	-7,24234105172420
-7,38873549574933	-7,60952004773944
4,44778359785586	0,92410242736716
2,76553140544263	4,07246187434597
-8,19595066962450	-5,01546619591271
-9,94364570889902	-4,45148666966280
3,83516003155857	2,69284170138437
13,00049443803960	10,08733027843220
3,39390181121216	2,96564408237711
5,24037458737449	0,99979144015915
12,86118936104290	9,79633293493198
11,92307675717450	9,68645999844325
2,84012491951058	2,78901967086204
5,07585166953875	5,09623942032638
4,31094868073389	3,37036685082772
-8,95781538774803	-7,03403914290651
3,60792469077649	2,54605066298019
4,30843826289556	2,47746035971203
4,27242473649823	1,84729053799822
12,30016374384990	10,31824494988800
4,46731320991808	2,88418294407541
12,99911428587560	11,27853709185460
2,17168582495492	2,72637065832632
12,23481411163080	10,35076211389800
-9,25676407081264	-6,35978431092660
3,91236059395549	5,69262717319811
-7,85343718791391	-5,14611118070329
-8,14142049642984	-6,14529810416420
-9,94151774204099	-5,83765528517846
5,06848113435003	1,58858527622930
12,23944944265480	10,77302343656740
-9,22124026847684	-7,07758011726014
12,86520325619370	10,37552080190360
4,55964240981352	4,09102911638534
11,92609370806060	8,74111154154068
3,18183941422947	0,87665870929741
-10,07892817356080	-6,83678864659947
13,69323781111640	13,55130707227600
-10,29245964472000	-4,76407650458707
3,16534695337325	3,65060101590584
10,53619739013030	10,85367096262960
4,13450549801693	2,35949473980990
3,94375538683134	4,20329973902718
-9,02611701368869	-7,14291353065227
4,36549441981870	4,96751869877502
-7,76657620071798	-6,57466120822042
12,39029352084490	8,83531693917477
-8,76372914351734	-6,03890980407403
13,72085399121110	10,44330088031570
3,28697153369861	3,19229926099216
4,81847475516628	4,51773356705479
4,36395701489073	1,69505450997891
14,91285745982320	10,64178907013640
-8,40753270699025	-6,16573555162340
12,39266026442670	10,76570284576370
12,49025215567330	10,59311423422690
-9,65239756617914	-6,65908376747148
12,11261199979360	10,89979795976590
1,89501462361303	2,45686513581988
5,12860839167950	2,39181778238590
13,05916576555350	9,41862010902186
12,54201794017920	9,41354479276813
2,81411576550072	4,09161608769478
4,19548691950502	5,72703261445773
-9,56290722740284	-5,72870409500676
-9,77426001303476	-6,95670802541549
12,99651671496580	9,86530658919916
-9,42129434646638	-5,01114877736713
13,97434382330840	10,41222148895160
-8,51943862195073	-6,32298933206882
12,45472305210900	10,81392846219420
-6,91923955724878	-6,89285168284538
-8,71277250572631	-5,24592077704727
12,93986692958980	10,71289269485140
-8,57927983862781	-5,08744119238289
14,72553599577060	12,13082629270270
-9,69190657060020	-5,49360013871113
5,07000075921013	2,96002987310759
-7,94395470602699	-6,74390445928396
4,18562374381244	3,05100140075792
-10,62913096736780	-7,36870488043267
4,10589983118559	2,21930059616804
3,75955983548616	4,16337854845367
3,89584646902261	3,07019743239883
4,12563327037290	3,28429261451567
-8,78032720908672	-6,91322136427264
-9,52371021411861	-6,54783293973024
2,03556894041129	1,79165102537770
-8,08648748734152	-6,11558090750005
12,98063148246050	10,45186437383060
3,44407332609061	1,67763758233558
12,01364089745360	8,67251450629081
14,29760624948910	9,46696880927188
-9,07200210954771	-8,04082363207599
-9,55010245208697	-6,75491129395085
-9,70045000830204	-6,64888020382401
4,52972126509276	1,67694265139092
4,59729615333389	2,77995151615718
3,67792123981555	3,43251574587147
11,57020713329230	9,77362297492010
-9,37854194089830	-5,71782171280759
-9,87265231186653	-6,63511995160762
3,09854447879098	3,71457255544686
-9,73121363322577	-6,92666358994063
5,20346684032156	2,61054589308447
14,19756787028070	9,85920281225076
13,31942796172700	10,94996035991700
4,17173258988548	2,77793608916398
-9,61255465275256	-5,99800443510918
-7,59024492042403	-5,54211956822213
13,00951902553950	11,88047053868630
-9,97805588621745	-4,83080686412510
4,89080622166832	2,88803045199062
2,45242608291096	3,35784363227643
12,02395632977050	9,43056333662142
-9,01082041002963	-4,37149276820323
13,55353038562110	10,21958003067930
-9,16555677672107	-4,90271745146829
4,80936696660698	2,62128828054266
13,53710564490950	10,00858043194990
6,08002418498699	3,50375006651826
2,76792560987379	1,79817940338668
-9,00701101448668	-5,52370162547231
14,36485182908090	10,55370056897830
3,54236443989418	1,80107310461722
3,50554898413203	3,35544025893300
4,90512515451800	3,02340236196445
-8,67865040516526	-7,16597174894328
11,73024443860100	11,43254356446040
13,52814265037740	11,10664812951300
12,27625277541840	11,64129771383190
-9,89604238500932	-4,38459012518222
-7,29286215873029	-6,44855144391292
3,38691003051257	4,74041683999652
7,11846903099428	2,34877460905496
3,78303149092559	1,86920176175980
-8,61304837829984	-6,62499432522243
13,03294688202220	9,17837967694752
-7,09223695855275	-4,63839126724710
6,01331079317918	2,35874152619388
5,20456138270262	1,96480133964831
13,90202852933180	10,65121517353510
5,31287298403496	0,78692185194062
4,91593368776032	5,36399263687823
-8,44891397933055	-7,08717516690717
4,44891617244054	3,71627080713013
11,05698450424310	10,11809641442480
-8,97450620042331	-6,44327252523499
3,34289977197645	1,86049818783605
2,62318765375078	1,15267560023001
13,19949921512440	11,19460641419790
4,33287979802267	3,30898338867529
12,35600393367050	11,44189215070860
12,42675189259610	11,26718613690870
5,69567372231670	3,67371176291239
-7,76470064837382	-6,59232382494021
13,32917427340460	11,03625505578580
13,79825994500620	9,91595912085543
-6,87501796574316	-7,48480889119224
-8,12323305186147	-6,53658226397420
13,23152373945990	11,27510594185490
12,95619612778290	11,21951629320550
6,03168104988823	2,48794859462894
12,73222402916250	10,43880952186740
12,13877375044110	10,35400220192930
-8,51141788409200	-5,42639758668052
12,90990826651950	10,69063644612250
14,40389344552680	11,18441400041110
4,72375813799704	2,52966730475130
4,09009364869976	0,96745209057706
-11,20965704033670	-6,34327996085504
-8,84208692599912	-6,72472346753134
13,53397763241520	11,61830046833810
-10,94968388238680	-7,75870083265884
-9,90190151557142	-6,64116884986575
-9,72171840175170	-5,59965852251304
-9,94442131226951	-6,32109139497517
12,57680092109040	10,64190329686010
12,95027553109360	10,88614270896020
5,27338796179160	1,76708757888061
12,48312739574840	10,11194284136170
4,38900958628543	3,10034410557424
5,39498928352762	3,49742350722933
5,80469597883095	4,16141782243457
-9,53515118460480	-8,38708822365038
13,72954154576410	9,59049055077959
-9,32176810801424	-4,95969462509977
13,46767997573520	11,36130783755480
12,69642724276290	11,69819798794240
4,09823244839145	3,30221698080598
4,45872907146409	1,81675139102152
11,80905254174440	11,14098251291750
3,78029577974827	3,67544557310075
-9,88909534170698	-5,78725345650734
5,02475973269801	3,62241100110669
-8,80199380829705	-6,09566483537775
5,68682990081597	2,94809673010726
-7,52899295035581	-6,49081475779480
-8,38521610847131	-7,12502849358640
12,55542570380040	12,69508803994990
14,33801227671390	10,62776757728020
-7,54214605030683	-6,19572340066943
-8,48228253180179	-5,39892641423020
5,31382874107666	1,25652557938528
13,05364565302540	11,26915032383650
4,18685464228352	1,41983470878127
13,21502499210390	10,35739821042420
14,11494924287010	9,60015179162424
-7,83986149576559	-6,38936540642981
-9,60259512943661	-5,76662972641723
-9,99274953217801	-5,33013793896225
5,18662824835452	2,47828546712219
3,91633235093698	3,24407475955270
12,59893833057860	12,15666562099750
13,91449419978370	10,56194104668930
4,48443641994726	3,67957988494982
12,22423790028300	11,51719477445760
4,42500258405287	2,91183064983990
12,79601236322580	10,36959476031830
5,40204676383480	2,16273423950069
-8,37260319300555	-5,90170877890460
3,53823965527185	3,62758114934178
11,90821713183470	11,39206619583980
3,64071415775794	1,99034236297087
13,30787432077170	14,07342144007250
3,60245635525321	2,83717497912418
11,84864737676680	9,51830905785543
3,68787325873852	4,19811118078733
-9,73306196187822	-7,32474848916205
-8,55602061884766	-6,64723134701943
13,39076758326230	10,90254239787450
11,84446045171930	11,05498562425960
4,31799453989345	1,84193995626560
-8,05941442168459	-5,51434731901162
2,00632636308795	2,57404190017006
-8,44219175308836	-6,70504123389196
5,21852670077608	2,23392376668098
-9,05465327484809	-5,98206446013592
2,30664518888365	1,16247336949020
-8,70467342281977	-6,63737407426048
4,08539414909576	2,79484967299861
4,37526011169988	1,94017352222985
4,38226830691943	1,70678443818273
-9,60299402312632	-4,48391953168492
-7,91369376395727	-6,70245909503612
14,33089328165250	10,28967807382580
4,17143242929515	2,14906073531171
-6,43379344055272	-5,51954912880189
14,61681541549210	9,82783633675520
11,66920812180090	11,22275200855400
12,01368944471210	11,97859178654040
-10,00818160636990	-5,83500079112787
5,44291502780677	1,18792752560268
-9,04018494706205	-7,07610187777541
14,46283376997540	12,25516234561470
-9,43466484221286	-5,95821165322665
11,60715292331940	10,02549089531950
4,93607228165828	2,82007532845630
-9,30913557853667	-8,14353472467548
12,83780205218810	9,62962796462762
3,45183658627040	1,60609171040945
5,96673818269302	3,44651692549243
-9,35904652020304	-5,39008509211179
4,24308308946101	2,13322179663349
5,13639186596338	3,33320473743311
12,16219772525990	10,77924619983860
13,47125498437190	8,59950193496795
-9,09506518190426	-5,93253166727724
3,36228391171870	3,31805309048264
12,11560509764580	10,82757066422590
4,34107419646939	1,92559598073515
4,98518449560711	2,45177854915755
11,99960319277150	10,27412068978820
11,38505865420510	9,21981070513466
14,26111547007380	11,12010395749560
12,56611295102250	9,78802650401663
-10,46207542700650	-7,41152519324258
-8,91006051577041	-6,91124485688452
4,02759480440718	2,03504627599160
1,57290226648781	1,90175287724906
-8,68743936636973	-4,20419231021730
-9,39399924375987	-7,45439892548477
-9,92707173619880	-6,86993973066966
3,84421178230818	3,09498708340510
3,09844671022535	3,42469497340009
-7,52021711941126	-4,97479352622330
-8,56570882605567	-5,05638585763716
12,96152731205580	11,56496091997260
5,48546261061286	2,38029636566298
5,22468024527217	2,67798473132350
-8,85690403322684	-4,76306368150101
3,55371478899231	2,93679091465164
-9,99872864107745	-5,98123712458493
5,27094542433304	1,45061695512825
-7,72834974665129	-6,07032197029406
-8,72543142006749	-4,40683094068438
-10,08580116680300	-5,81516900439727
4,43158171804069	3,55321187797804
-7,99904876432476	-5,33693978452874
-9,29791384876461	-6,23520351643076
12,84053092697170	12,67083029935070
3,56251374404264	3,63184165308856
-8,20401870921099	-6,19665228326647
5,16986730394597	3,86924490015192
-8,50023084679052	-6,88510130691528
13,51032723983670	10,62146750939690
14,38462544251260	10,83503952922870
12,68123859521150	11,12210523384260
4,79705642273556	3,00068182368112
6,48625282345524	2,43144486098476
-11,14263076199270	-6,55246729997321
4,35219640440530	3,38561027937013
-9,75340745979248	-5,12659357458028
12,63047805071830	9,12910950344615
12,97780274356110	11,84876947317200
-9,40935246939731	-5,04727033378404
5,20610866201768	2,74770180966982
12,66814755162130	10,74460592738500
4,17722367323808	1,81585306240363
13,35115616976330	10,29657567974400
-9,22363565007693	-5,78196387307389
5,04820571711299	3,02030939528208
-8,09324481016479	-4,88016764400584
4,79045317063110	4,56262027319520
-7,64647077433505	-7,46201367781288
12,70658864376960	9,85630198197179
6,84169693307804	2,42510852333087
12,79139639663060	9,90754001361662
-9,46095933084913	-7,02799884693386
2,17651695733980	2,39869800329027
5,45068705970062	2,88360992039595
-7,97044062658859	-8,79221987054192
4,28172949538989	1,85968547501022
-7,92482488812438	-7,66422602044054
4,72937350515682	1,84372596461387
4,79050671144452	1,28862622188287
5,26975859245994	3,94921968684076
5,83841463714082	0,99919595835692
-10,88929677585760	-6,39720525234668
13,07733722078760	11,06076529181400
-9,72658926248769	-7,09611901222932
13,54913235187220	8,99731645472093
12,48989255954010	9,92992818075271
-6,81023179683644	-5,65357609149020
-8,58187483067700	-8,08183303152126
4,11828614799214	2,53703112114519
-8,36407872566391	-5,65627655595101
12,32100247803590	11,99153447534330
14,14931938900500	11,34657553787450
3,82590805446226	3,06840360195774
-7,75684495547750	-8,32089136406920
11,39447419743620	11,10726529696420
14,55556251232530	11,81159338222430
-7,54541921916979	-5,58339023263794
-8,91496999779351	-6,54850743154627
-7,68748573701143	-3,99305544191611
3,62827486722579	2,70121211639675
4,41725940449334	2,28627958069260
-7,89743526338916	-5,50541926743005
-11,25583119589410	-5,44290781199515
-8,08133906422996	-8,12199486048694
15,30492530740360	9,62135556913975
13,33699456752230	9,39158459539028
12,65143171067150	10,76126361359780
12,55846131125150	10,50393886130470
12,77150528578390	10,26806302158290
5,62522981611332	1,57383020764442
-8,77612069211066	-5,78151475837985
12,62662880352610	8,80074175850878
5,97124510337085	2,60557258301701
2,45251117401244	2,67710354278109
4,08415747476244	2,59480407210982
3,02349832560971	1,72803555980822
-7,74134621043649	-6,34509166336163
5,60661771981894	2,00099963060528
13,17924068895170	10,80439483769900
-8,74678765022354	-6,56232593793054
-10,16478475303180	-6,47603781281090
2,65281725440084	3,47169053950775
15,26988195140180	9,14674082430476
3,93892488147979	5,09477176349619
4,36592689976354	2,09214080376678
11,65994078753250	11,44860020294150
-8,81172070564296	-6,98531709365661
11,67317096215340	10,91456299885200
4,42378029301555	5,25552870067859
4,28502025645596	3,45486805762876
11,28516553359960	10,72186731978390
3,60360775289701	2,25464978095033
4,37465792930537	2,60331209619487
12,56684977607840	10,94673279965810
-8,17642641224718	-7,06130697692879
13,40921891956890	10,70806602368510
11,25059815712320	9,81252349556197
-7,92778365944424	-6,72304213831003
-7,48929856762591	-6,45750301877745
4,79223534129041	0,58050577687089
-9,48081820160870	-5,83285527189190
-9,05951391239677	-6,76537657643995
13,09947740548150	11,99787130060140
13,88128199842020	11,39747136717020
-8,19922313920358	-9,05212109492869
4,21589302987450	1,72832388871954
12,34117824307010	10,96756511030010
12,82203060846400	10,79689312551890
-9,28449493008599	-5,23294348309567
-9,88906798564034	-7,01500793673713
3,49870057931712	1,33104919532954
-7,60892961974132	-6,94757963413246
-6,35417070156831	-7,26037092930821
-8,85010974290074	-7,61417048389601
4,79070068865562	2,05983875245782
12,71337781722640	11,46811665592960
12,29765650634290	10,76299224422570
2,69579419042948	3,15711333747264
13,76311472319890	10,75067942999550
2,92400703180736	2,05811331700059
2,32836038973177	1,31866224519294
-6,94888288106085	-5,02871977750894
3,62730962915643	2,65444357887996
12,30777545068350	10,97062164030780
3,57967677742331	3,96551691373976
13,71712048345880	10,26170230754490
-7,99476111769819	-6,89118114420605
-10,01819668154220	-4,94619378106391
11,90341964672220	10,84170907564840
12,28965333065890	11,29127306936170
4,66544590718398	1,22122603477728
4,66458289884861	3,64758017457370
5,87951028468586	1,86205298618896
11,79185841267990	11,96222154196650
4,98424674497969	1,53282601312348
12,40763211389380	10,19655496315970
13,88015459467300	10,49895576230640
-8,64183412440071	-6,80244985044777
4,04019905154514	1,72408286722134
5,63744204439565	1,86097860945398
5,05954569094318	3,38915697931492
12,39668823243490	10,54009339884690
3,62632794229398	3,69281756284818
12,58923496111140	9,48146094364956
2,82775338033307	3,49238382250216
12,52867748357170	10,43408694336190
5,84214107450224	3,52080682046648
-9,62238456658459	-6,60867498088740
-7,70070909906966	-5,14987991400113
13,39271440776510	11,00546812229580
-8,57473791671519	-5,96807583819281
-8,22216062697969	-6,00428857309375
-9,14536623636778	-5,69430802650098
-8,17574992458812	-6,77926600064225
12,18414580790570	8,36396971613601
13,13988201804930	10,66676332593810
-9,34175087565678	-6,39243513236681
4,89867081308993	2,72028024528413
13,69733592051760	9,56938437847517
13,50965735462050	11,22208548307390
14,24796174127490	10,58981113839520
-9,64843911280385	-6,30111398331028
-8,94576177611824	-4,99710615526550
3,49409544522214	2,15990166701499
13,57375220899690	10,80678504782290
-7,25305297323315	-6,67397803467621
4,92730574080316	1,48004152058187
2,83695027400190	2,39741131753454
-8,95668701330709	-5,65909220659733
11,30070077279330	11,74686465257900
-9,01611103912594	-6,06795422695448
-7,65557488122803	-6,57818206052717
13,01690276531170	11,59649204762180
3,41593996249834	5,07325807462634
13,78769168846580	10,14688087755600
4,00567014662957	1,51619902799812
5,80508579007007	2,77526397494038
4,03538029239503	2,75688536997732
3,15296270108774	0,83318489417252
14,87474770818020	11,15002522225670
3,32527648968218	1,86917938095208
4,90991536956878	1,24868399904017
5,76646297246559	1,86009753624007
4,23598730510714	2,77961897931052
13,83577008230390	11,52905782928580
5,62700225401666	3,18359819386619
12,89125849496130	10,71272657013110
3,79341662651142	2,32525058477152
11,57467912510360	11,77102360239950
-9,60998558898549	-5,30491123437793
1,99682902294276	2,56184015342906
-10,20036205427520	-4,85273706148691
6,18697192364620	3,81503754247152
-8,86360354770155	-6,21978892836382
3,57976914587819	3,97348643445570
11,74672801336260	10,23031861541800
-9,60353161152705	-5,96231591383475
-9,36164521627166	-4,78745460774088
3,94822766275695	4,52118108726209
-7,15972150091785	-7,07438790521405
5,42929946518248	5,75547147118155
11,67617482429290	10,20556062866280
3,58803908208349	2,17292759012311
-9,01211856914545	-7,42359514265842
14,64032376509110	10,81868531733010
-7,53312633318450	-6,11663240955881
5,25069271220325	3,44946074876100
-8,52653615182059	-6,42210824475756
-7,87171526648113	-7,08349580006525
3,97550190401024	1,55788404402553
1,61263797623729	3,57948194065453
-8,32510376978899	-6,38637010398342
2,20088687116539	1,42545234013504
11,52226240566890	10,69520405234860
12,69691159046600	9,77886669748026
-9,79691331016420	-6,86150025430027
-7,84690716619308	-5,30949391180654
4,80919625199713	2,34060391345781
5,39589784941943	3,59598935940448
10,47168669657210	11,51880983560730
3,14942951918193	3,60044165352992
-8,95027313466966	-5,88252628188560
-8,84076529580819	-5,95544931240154
-9,61788333170424	-5,70791825067196
-10,27128978700990	-5,75733657101796
-10,88515633637430	-9,30626262000921
3,93679868188842	2,38766864441096
-8,17898025899597	-6,47459026454226
11,66673204073250	10,92092723180330
13,11287934742120	11,40405293929490
12,06020842650980	9,90137561115701
-7,35695883011432	-5,42433803216538
11,79508748804050	9,49124753979987
3,45131642962235	2,29542411742658
-7,96179030318284	-7,45670230833837
-8,05191194288891	-6,38860528334892
13,96685324816470	11,84367428002900
-8,84295013161842	-5,63485570984910
3,72350299987379	1,57156684382262
12,65583821651340	10,42670410259780
-12,20582125136590	-5,93572157279163
3,88752503927801	4,74039976847255
12,50157872657630	11,96507390041550
11,45287605386920	8,36457954366170
13,31806872519910	8,97303246059524
4,98746167433253	2,73924219467165
12,56665027403040	10,62423609995360
14,16043570169730	11,31571367066440
4,15555616113030	4,19323902336715
-7,40391993594636	-6,41902479400992
13,06720752291370	10,75507735841530
-9,47819289800218	-6,79692716224622
5,42884689693729	2,70130151266337
13,80505345027500	10,98881310868260
4,99723539733581	1,48249956645318
13,89734167638740	11,63266256409390
13,54673825817970	10,72459264523470
3,57349439921049	2,99738999883492
6,06293609237191	1,63574218136958
3,97174100767350	2,37970960018872
4,86541229909349	3,08658929534057
11,76243080260170	10,56741963396180
4,12829067430340	2,97316686044154
-9,65232557947436	-4,96874939805713
-8,38418327556026	-5,40623426771973
12,04786207708490	9,36294388348154
-8,37730361863066	-6,04639489943320
-8,48228432580290	-7,00111707066825
-8,41028834772395	-8,11532794465541
11,43904800967370	8,66036597741178
3,56341750029969	4,60141733229122
14,57461925670870	10,80036770326180
-9,91209487067483	-6,35023975266430
-9,57332656514280	-5,09612011595380
-8,82321379007692	-6,47856695878051
12,99853038649920	9,74639464107175
1,43394957872952	2,62787390574799
4,73535489075167	2,59865004917318
-8,69501124352827	-6,88975059417606
12,51400411077830	9,03881199382763
11,60628603683130	10,20925103559730
-9,40038770447561	-6,03283259909682
-9,02006303778497	-5,81162328099573
15,16161187411690	10,36459842607180
13,60561716353550	9,97057312261939
11,39038646999880	10,13654953082400
2,77480253579133	2,83655064264482
13,74431798688750	11,08927172214560
-8,51383266677789	-5,75213432681212
3,39249874630131	2,49796565182126
12,71542249944250	9,97981254760428
14,99315369007450	11,51637301507530
12,73724380471070	12,12406794132620
13,55231399697740	10,85543536672950
-10,15538394921780	-7,48124527764544
2,61542527875893	4,08406428540288
-8,69029594872925	-5,64084579401150
-7,22773868631186	-6,01073673731408
-9,21166295501084	-7,27729321851621
-8,74656807855730	-5,64380840295902
13,02299768762310	10,61926910659310
4,92984019425180	3,50535651810118
4,49447749401332	3,23773410334435
13,61432022143040	12,25112485327130
-8,11811356960760	-7,47582231866502
13,88846628449560	10,60923272181110
-9,77496260246226	-6,12772072119306
13,65345087147720	10,88194610449640
-8,04965220001753	-5,61658662053412
11,80267278077290	9,37271106207897
3,71731736137918	2,72646101005318
3,69585628992528	1,50553752346223
14,30713913290540	12,13560621199130
13,42497259821340	11,25117164535000
-10,04744319807480	-4,39422269158128
-9,78947315587664	-6,28560826452751
12,17632203877800	9,13005567343223
4,97563214456467	1,61584851971238
12,40980351335610	8,67067772152581
-9,46828272299423	-6,87806363632980
-7,62784849842032	-6,96011340549662
13,96143141483670	11,30138715012110
4,55846954775609	2,23898689581514
4,82763159509266	1,81227444941271
-8,39407287806101	-5,99159212234426
6,33500227762028	3,37211737967363
15,09363241539260	10,67536863261730
-9,51121906961698	-8,06445515416301
13,07100024355510	10,15993855673080
-8,69747970641314	-4,40534602493129
13,69588499578170	12,27122225977730
3,63208688944269	3,13182688814999
12,61879987663920	9,98226798361927
3,61913831003105	3,35313288954657
13,02073424601820	9,88149679542873
4,94953230052310	1,47121773093487
5,19997345905541	2,68367186563204
12,13478266236080	11,59449256563760
4,15503697870693	1,35596831536465
13,81344149050080	9,83517530843679
2,36554788179850	2,42547528507412
-8,11514467568128	-6,76845470708831
5,65266466274348	3,08179913826650
2,85676924923560	2,42959233202942
4,58135089697664	2,52958222919864
3,14510646481733	1,84744363614515
2,47102785621650	2,90131090931159
14,11996326894790	10,50220035677440
-7,15163369134554	-7,04008599427803
12,24353836776710	10,93469929703780
5,72563107142887	3,20706386460084
11,57900098930970	8,22542507237646
2,79061118556955	3,33593810426448
-9,02534718443080	-6,34528640253291
-8,75485059912995	-7,06471328722092
12,40205809109390	11,42580533320410
-9,19607457393942	-5,70956559338994
11,76657098154590	11,67091742654650
13,27170716355570	10,32596500028460
14,28626191539010	10,69895439023180
4,06521389254872	2,20175294119289
12,99181699271540	12,64034765538140
4,76770768601405	1,10284222705708
5,25085754534720	1,99504418054091
5,10339331345538	3,04650032644237
13,22604040522170	8,81021229448645
5,41924147734963	3,64336644218371
12,85248018013190	12,00912693165700
-9,55159606180534	-7,35183759817178
12,25955787444810	11,81105464117780
4,49578397026308	2,72967271305004
2,42390348369914	3,46594810480145
5,36277903142470	2,95738562197822
15,49198060789270	10,04349295442040
3,93428770048853	3,89679677090190
12,37095675038500	9,67587403450524
2,51852586110016	3,90466713315027
2,49802348461685	4,12579534085606
-10,46475174889040	-7,08376956000411
-9,15341813871143	-6,06279375988605
4,79691976378986	1,94386557031159
3,94555524680332	1,54283474766510
12,92707201729930	12,25043732694900
12,07970975914550	10,46482165851580
5,21718353559021	4,16655499598867
-8,85616762631976	-4,64454212715349
13,16643187151180	9,60066507876426
12,17948356618750	13,10398286928670
-10,48133524452050	-5,37276501506232
10,98900229006590	12,84490791958660
-9,13716648003493	-5,92530964217579
5,03736807918576	3,28722395348492
12,81959705265510	11,60605993828770
-9,49295799459577	-4,85935166032412
4,99503954257794	1,70148394859309
12,02561821506100	11,16275464567460
13,17208100868200	9,74823885980728
12,64282250909220	10,61159056557510
4,25028774353207	3,16189658401187
12,95871124034720	10,57576690276280
4,08143322480164	2,19508488046361
14,30781608037540	10,71049981732590
-8,74929887781589	-6,80461891993220
12,21017087182010	10,89628465078810
2,30526471678239	4,65454871465009
12,67347611143380	9,92238534078313
4,66840372407748	2,25409699394837
3,96410101328472	1,62964713707459
-7,98982239581073	-6,73220290527564
3,67232986853351	2,41186788197840
3,85143868427550	3,20828950969601
-9,22907169684903	-5,51476203528174
11,42719794938080	11,49173488392750
-10,23085556327350	-5,98326899266487
15,21996684031950	10,96630049841810
13,98682479577540	9,46427831087761
2,85962851083589	1,22722210386352
5,59063294851590	2,03623485619975
14,75753673310390	10,54739913454580
-9,14047648344408	-6,20351679361640
12,96931122945110	12,02460081879040
-9,30092736245235	-5,03452184823278
3,85065764046154	3,35261413153088
4,13548737314503	3,29369395707859
-8,02688900134800	-7,53986815879477
4,42825572659855	4,85329167602255
3,83048928171058	1,70435832327475
-7,14075997298827	-6,26151241964827
13,21999103611800	11,90285218228560
13,50305234138160	10,24401236452110
-8,56639122352205	-7,53563854232053
4,59838540774252	2,32428228807614
-7,63580559299358	-6,11592105931054
4,89343395192089	4,12768582070056
11,76981274185170	10,58572343247900
-8,32557377126882	-6,26032664706937
11,42264788759160	11,94450266041470
12,97589162929160	13,20718163104570
-8,54219349629850	-5,40444975059856
3,06120138447525	1,41462461893757
-7,72094332425862	-6,94253203816453
11,61071917808050	10,41717689754470
-9,31263294418861	-5,72638609077838
5,04788946965612	2,86498411153727
2,55103775756986	3,26912486336528
-9,21556879605764	-5,45036877655598
14,05436653148260	10,20772253930910
-8,50938707182021	-7,57401866646562
13,99140809886910	12,32277703569340
15,43288398716640	11,16046475343540
5,74146251779883	1,78310196248104
4,37506222106633	1,25588488005458
-7,61191186483726	-6,66784754923904
-8,36358248687641	-7,79692588729230
-7,77040935352971	-6,04012658979956
-10,47934849864250	-6,26414869727829
5,68727904663736	3,32271067195560
14,52014423039690	11,32049966071450
2,97969226104645	3,84904700480275
2,16606455954504	2,83260260377118
3,38985535209525	2,34222757985828
3,72113794511288	1,01549253885821
-9,16356867903937	-8,03634821605570
-7,56628916516595	-4,08629477245997
14,09712654758450	10,60057932464950
-8,86721158739053	-5,97130729774503
-9,20540313233790	-6,76213735793071
12,16053067552800	11,35903233260880
4,75595376999462	2,40993212483631
-8,23252836155905	-6,76963896342734
13,40481237284990	9,25688458081263
-9,52974112133695	-5,27240975573104
13,28519971669800	10,77760973939040
12,40655775792330	10,68390326637640
4,24493724707793	3,68528186016419
13,25865670632210	11,23333271441190
12,72974819160070	10,23010236922440
-9,53868908121133	-4,61907522586801
3,71405852483391	3,60768817951753
-8,22351905654020	-4,54002223480758
-9,21700025660083	-4,62818441664145
-8,76772426113709	-7,36528972379239
-9,82794841553499	-6,66641486317727
13,15960159127890	10,52351591544440
12,38385798583820	8,86435756589071
-10,72380090055970	-6,69048001719929
13,52194696112310	10,87677780068070
-11,22463155581540	-5,64492171232015
14,28149592573940	9,44260147798977
-9,41038756966038	-6,59745238768670
-7,89861774227488	-5,46747986414420
-6,96843453210836	-6,21200269647120
13,77783151015620	10,38393919572100
11,28532768751460	13,23966848112710
5,71631056865024	3,19628563578920
13,58194373125120	12,22184016773870
11,80203938317020	9,78539019469602
14,18969787389910	11,50777220685130
-10,81912399034610	-5,25443732318374
-7,67534475606511	-6,13369398983259
13,23447508406030	9,53930966344243
11,64376609586130	9,79338526127193
2,48499608901033	2,46389657567031
11,70132905761780	11,86009361474440
12,62319134010250	10,45500331938210
13,92959155770160	10,27102288594510
3,64210427860643	2,85213132960041
-9,80332426612399	-7,63630085411572
-8,04519450322399	-6,00050307559120
14,59394703776080	9,76524523223072
-9,59682309809180	-4,79368476863237
12,19772297737970	11,24808027946740
-9,68787226880602	-6,26987250617469
4,84264114400174	2,64931668273871
3,51075973901233	3,85847931341712
12,93228655501570	10,37484098937580
3,98169384679733	2,16730054270668
-10,12459190989440	-6,34297845825441
-7,55400685591145	-6,07266020420475
5,42905400358569	4,07346233629025
-9,05435170906935	-5,69117859294849
12,23755307360170	11,65082910640790
-7,71308398297341	-5,67039820701896
-6,67089363035978	-6,39387973390177
11,97703753249620	10,44992080507360
-8,56943319292778	-5,64614139771751
3,86195664621951	3,87333008486567
5,15266166968860	1,86519598590832
-8,34782103364918	-7,11184871726000
12,28605531256390	12,21561191543620
4,88265876620072	4,61129765746927
4,83995098368256	1,74765493567467
12,62377447940050	10,77422051485190
-6,95347053953555	-6,59876890650938
3,14653619279985	1,66868672030907
-9,00133252182467	-5,84812568635102
3,15737218745213	0,36903194007919
5,44832583523950	2,99637346323250
13,23120073944720	11,15643317100690
-9,14379085192629	-5,83510764447358
-6,81699151215160	-6,83927860255799
12,19629879528370	9,04963295516903
12,61195678772520	9,67857725589171
-7,58993760518785	-6,50574851107026
10,71357538263400	11,04032784812680
-8,05955619557988	-5,40646361310667
13,51723223737870	11,36204086328270
-9,14788905538763	-5,96451289634497
-7,40609744064593	-5,99993253202000
13,24173663719210	10,38970590982210
-8,46423649805459	-5,64728527729196
-9,67754998208734	-6,59801699669700
-8,52869529155698	-6,66644515572916
3,37765521488306	3,61322658529731
4,94791463585830	3,58760435907888
4,40208769257964	4,14109636760268
15,10393575950000	11,47290823465140
3,22904360039808	2,87967110597140
4,34876717637771	1,81447635939156
12,88032195967090	9,63203767590687
4,02816641014363	3,80512256918546
4,92618459866552	3,72414619687538
13,05955281685000	11,04478691255430
2,62110847669173	2,22712559066328
-10,49356090660600	-6,75681599132927
-9,47592175047390	-5,36061833560504
-7,89070265879310	-6,51101548582494
12,91814271402750	9,56089768135204
11,97942027506840	11,89933876458880
-8,48092799774257	-5,73620670652323
13,59642106417390	11,39055679856760
11,84303863674280	9,71461642459620
11,65221025906110	13,09027869708190
14,10898744694440	13,29810605995250
-7,97739453348428	-5,10020392854461
3,18990312148954	1,66914601154937
-7,96391912293964	-7,04240103585535
4,86915283098642	2,81684584549809
-8,57974939237146	-5,95118431650647
-8,43216035090831	-5,07279558254576
12,97927210311640	11,27109153519210
4,39882868870794	3,75624027303439
3,90241991758893	5,62861517279385
3,56431224952433	3,69998584950352
12,86574698242850	10,70960092201930
4,37643461271498	3,43194988794627
-9,39824868939766	-5,32182504410445
10,66904735954900	11,99772064945890
12,33374481994330	10,99120639738020
2,90405244900992	4,37800032555018
6,41434841472889	3,04296077672717
-8,10251286970076	-5,64535918321655
11,12785765503240	11,39013063905300
11,71262831483010	10,08288762351310
12,47012039685910	10,18107920893530
3,53699405627964	2,00735523439348
-10,95163284161240	-5,85090854023248
3,38600324942621	2,20073458176081
13,43814178488800	10,14012064545840
12,01807730812330	10,47844337719890
-7,63273979153026	-7,07414753970726
2,60744547660328	1,80439586616818
-7,85286685846249	-6,00148246011848
12,79882690109650	11,88972603769030
11,95685856095290	10,17708570426740
-8,44088599433519	-5,96718492176179
14,17729477513520	12,11438924330820
12,93381782674590	10,81194257874160
13,64120002375280	11,64174021611120
14,18793738008320	9,76466624589713
-10,00410841818690	-7,34469113144350
-10,29883434547190	-5,86398252350735
-9,84259245477686	-4,93995928456202
12,40317093472020	11,10389690194870
-10,06154925963260	-5,05257870511013
13,92507508200270	10,63384293993480
12,94053624754420	8,13543870096905
14,01102663043240	10,09770798019010
-9,05213551350481	-4,43793436328621
5,27315402449540	3,20668664536521
2,93358002456029	2,64213397232601
3,94231183965757	2,43691256327153
2,63978134683612	1,73131709942851
-8,76180460975202	-5,83067217212999
12,23263584611760	9,80462430475643
13,64113314003690	11,41251688379840
10,98132863859010	10,70641473132560
3,09574028719509	5,87991339891357
4,01711755694838	4,01739719408365
14,89499126401810	11,43612923028670
12,75093281445670	10,96623087561280
-9,36102926165655	-7,60812823781712
13,61411846727550	9,18351648451670
-7,84681295691911	-8,15448841954372
-10,86842475180530	-5,19694662304979
12,09998409297130	10,62803659917210
-9,00277656816148	-7,07350651304190
6,20055182005716	2,26418745522866
2,78679481131561	3,46697861740143
2,41056834655718	2,37814119376093
5,84770688780389	5,01331816065348
3,93482968448525	2,68804014500678
14,79597678438810	10,37323005422140
-9,21557816138908	-4,64847274467971
12,86756082407290	9,76001409477975
2,64246576747919	2,25792951980948
13,19333158310190	10,31593169655900
-9,78329242531711	-5,52343226862578
-9,03095302417877	-5,97603633590150
-10,95445209337440	-5,33889117322935
-10,65710510802490	-5,71453226982329
13,51479817516510	9,75888649923303
-8,00596740002324	-4,65342019682321
-8,31254878354218	-7,14057478053357
13,64079016418010	9,64174517252673
12,16345430823450	11,40254625770560
2,92568569424424	1,94908564438027
-9,00216646688838	-6,31715471882729
-7,84918086955233	-5,94995705997465
2,55250373469756	2,23035439540363
-10,87997521034540	-5,73172592461539
-8,43860593033412	-5,32371850547817
3,69985625562664	1,82476255913783
2,80219282537132	2,17496343394362
-8,34940027650440	-7,56961321177415
12,09540441692810	10,98087923938510
-9,52317348479314	-6,66979573050071
13,20810201585000	10,60087835945950
-9,05413907978149	-6,56528118966491
12,73779531588560	11,68304816332780
12,14977075544070	8,58056046492691
13,66314976945850	11,03846832145300
-7,97850931136991	-7,09910089263724
13,48957387735610	11,51383059281780
5,08798615690895	2,54684307325048
-8,66455040405498	-7,15583702877217
-8,99119848928206	-5,24327785320029
12,58718831759570	9,35331710369176
-9,95731580029962	-7,11880516361434
5,05975368500364	3,53258426297121
14,42802453511650	11,31190349524110
13,13932640129710	9,30556684034950
13,03536862754670	11,92127302518650
6,39224659751253	2,31080173914235
12,45193602707650	8,80788343509634
12,40094300990160	13,37964052914900
12,06334976007960	9,78983493979096
4,60952794095617	3,02537312668031
-9,72767220047059	-6,51250771899004
4,56835905616721	4,24975310960809
4,67495045852613	2,63105340603065
3,09768906738553	1,15152926900448
4,71395481043521	3,33353568913411
-7,88411585474587	-6,57006156311346
12,39377782376090	9,89466331975689
12,78191085913550	10,21679740129890
5,81284849503947	3,70737253669029
14,57614844919850	10,05997251569030
12,96164058111220	11,92023684353180
-9,01888194146297	-6,03007278176231
-8,34600719866763	-6,08342347997543
5,23460914666350	2,72741864013149
11,66243115336340	11,62979629321130
-9,52100374597559	-6,43179759196253
12,27636201058140	8,95107616908413
-9,23885458666940	-7,04054788770078
4,40293976881425	4,43578639025381
2,30402500611723	4,24021708443607
2,62904733052043	4,71762534975035
13,59449437378370	9,77219120367650
-8,56194680436452	-5,77284694559170
14,11874793302430	11,09318749259250
-8,15157992988418	-5,42729073919301
-7,00885128479880	-6,73402715488657
11,13928367261610	10,56237246526310
5,51177842486470	2,71099375984060
-8,49181712239524	-4,77739677203928
5,49354269010111	3,04299411811669
11,91521032658630	11,89668193854220
3,80399001499878	4,78695771632015
5,36230657099733	2,54647092108099
13,43958388942900	9,00045592279506
11,65199086641690	12,41158702385300
-8,96006428999347	-5,89092595238919
-8,89545261107636	-4,84728288415293
-8,68883400889108	-5,88563851984132
3,82661193079933	2,56836642713403
14,16295787823860	9,71190811562538
-8,72653991467610	-8,12288355263779
3,26433016991847	2,59729769796232
13,22121218180650	12,82612307498370
12,69923564361920	10,93877444782790
13,01754855927940	11,00816643488840
5,51281351848037	2,67800613840236
13,09587008615450	12,26149224446120
-8,72507111910694	-6,39555773259458
3,74384653985003	1,71817884015396
12,23557734676050	11,36925787306440
3,17666060413208	2,92678099960684
-8,29130577015053	-6,27523060945828
-8,58950590399357	-7,43068262878443
12,36638925295200	10,93673417723840
-7,30297360047468	-6,17108606290362
13,07407585192340	10,53136430185550
3,97609343958247	0,93059145440715
-8,79533945660456	-5,78315414915708
12,38028440161950	10,84159932435380
4,66444490606286	2,64280351601764
-9,62069492304609	-5,05466326500236
12,58589954518290	11,48396659405740
12,23278260993920	10,73112339044170
13,31176141227880	12,60394320727940
5,42612644723900	3,21081569693373
-8,92745237330624	-6,26546553909397
-9,19146624028627	-6,68058177816850
4,41664735952317	1,80949345619625
12,06439696641320	11,21955946608150
-7,84425566296376	-6,61982181295255
3,73964917513547	2,45754311446125
12,97174408384910	10,01543719929970
11,49834760031500	10,10413770662740
4,22034569147792	2,49244929156928
13,69577754880420	11,73198232011050
11,75626865210820	9,38014212099593
-9,17341679965739	-6,83069823670410
3,20192439372530	2,69750318671073
-8,06662612636465	-6,83496747518066
12,89478567338920	12,02663345399820
12,22750562596870	9,67682012042527
16,05535359697690	10,89791216732870
5,20043422311967	2,98103233375716
-8,17163610114403	-7,27387312280787
2,81069406219953	4,54222338209945
14,30905147735050	10,59732617642590
-9,09911483545223	-4,98634911080719
13,64086290869620	11,18368883165240
5,66839481555351	3,15714723034133
3,90268051400457	1,35156205403595
6,45275373929736	2,11031627730648
-7,99637418937042	-5,82391208652289
-9,64534889773220	-6,44535366646820
12,47787340967840	13,54178916316380
12,80178284661650	9,41999766108357
5,61857245407393	2,49582689854696
4,62734549051763	1,99116718862879
4,84427466669988	2,03779960259428
12,40052651485430	12,07644260569320
-8,50168259781197	-5,83994208345016
4,40238709052044	-0,12786385003025
-8,60010661247608	-6,62273174994135
12,94216999321800	11,51104181942140
3,83080159840198	2,54480300184711
5,19376210148114	2,72671681097598
11,73460868616490	11,70341750381260
14,17468284610890	11,26916273054900
4,66694186035275	2,70414106598739
3,83209065478689	4,07886296711253
-7,41359627391580	-5,23452557898484
-10,41868896313460	-5,10713172520377
12,30108665197430	10,30464945663750
6,41351179749443	1,45174084096180
13,95207045381000	12,24389713284810
3,80311885821979	3,20529951319535
-6,80762334198267	-4,57257140196630
-9,85033962163985	-6,45262510005260
4,63440290182198	1,47941797584752
3,34023208833979	4,07006855785025
14,79471990688430	10,88393096901810
5,93672047653924	2,77120093569010
3,21666826960128	3,88636229991483
12,80679896730430	10,69062394180560
-8,69539539027524	-5,32820040366819
-9,14607259672993	-5,92870868798662
12,05217318911960	12,73924039005030
-8,45394520354481	-7,10710202625733
4,40773819729809	1,77953667160043
5,15703902385481	4,13852118533238
13,07347365284950	12,47464016221130
-8,79174514465059	-6,14999870086927
4,05304625270346	3,71812713978242
14,06333955938660	10,24601533822710
-9,57284359874957	-6,49552721519687
12,18602616782560	10,22834395103710
4,95576338160643	5,07439974921634
-7,44673390439197	-6,47351837975807
5,08965677187535	3,54644229493577
4,75451780582275	3,05681870098228
-10,36360796227960	-6,52654026117629
-10,38979148720630	-5,63653855920251
4,67476154608051	1,35192854957262
4,71090478135804	1,71645397306770
-9,97292820147486	-5,11633603740376
4,38820024156115	3,13323327874624
11,99107984108570	11,87051342773640
-11,56338181108390	-6,26269345873061
-9,63527386365694	-7,76271677421481
11,44273137007590	11,36179527110010
5,35148690180177	3,56601406839142
5,97875083062146	1,92655559131145
3,84675990266987	1,50450497049813
3,25431880048309	4,12777801027495
4,31045033993778	4,28260146987718
-9,58177005691461	-7,84203920227775
4,89079869171814	4,59040786457187
-8,17258692791620	-6,19221681388881
4,78903867647338	3,16348285068959
6,31490296092367	2,39998925903090
12,20834085115000	10,45608857183560
13,78576617092660	11,00276531299650
14,64946167801620	8,40936837463899
-7,88271867465316	-7,02740604193479
3,61257948648290	2,87369205359276
5,01113462946881	3,37018482276811
-8,65320154492129	-6,84251478193869
5,11673984776745	1,24604680118611
-6,96107899392675	-5,57057121804678
-7,93715393509469	-7,60835619224380
-9,01953676711949	-4,25302195053470
13,16088087359750	10,92365664810830
13,34953875847220	11,14658772084620
13,68031688110130	11,08675061009630
-8,11851567139784	-5,45253612525291
-8,80125080063882	-4,97455770558967
13,48156945620590	11,64062866568970
-8,73649115939550	-7,47702207918437
-8,42813566908632	-7,54524178916597
-10,22086630615840	-5,37864018447532
-7,64458676153117	-7,38793208007493
-9,10779362613761	-5,89572175635545
13,46494598378860	11,34045261767390
4,45485466835543	2,69964156106611
4,00157544765151	2,58207666666475
10,77977596175370	8,91801921167946
-10,40765923717280	-5,77856511943221
4,09721881805940	3,64557098393984
-9,24467721429671	-4,78421276174944
13,14837975709510	11,65428683917830
12,37248907738610	9,88084920288383
11,81269088538800	8,28158355847574
4,18575804315335	3,77795208084584
3,76327174270563	3,16940408968937
-8,63469867048309	-5,81463645198229
12,46705415666810	9,92187930283102
-9,07873127870044	-6,19603963989267
13,16392432374100	11,72999945630620
2,07899144259111	4,74181820504469
-8,62365707684369	-7,76015346692457
-8,93861532712836	-4,88564957785643
12,72617919177790	10,24488475045320
-9,89061477704521	-8,11271986356902
3,92513514562307	4,31421324969782
14,16698793686360	11,09090791230310
-6,81497232277896	-6,48229567275953
5,08446381316953	3,52910546375311
5,61892921503283	1,80570395762623
3,97001028905459	4,23700025831163
3,52459136615095	3,28765473421130
12,19363252528600	9,52062925378325
5,55206128172269	3,20807689843233
4,78503859593871	2,96871647309816
-7,67842279727662	-6,67934322465933
14,37373662169320	10,70461800409180
13,43519115146010	10,99695349636730
2,96117837112757	1,62756074450261
5,53792695417515	3,29174859296436
-8,98387085599656	-6,17964224423723
13,23336045023420	9,86559356113946
12,92695756618110	9,25152978164194
3,16702759295797	1,56429887321753
3,17398345280101	3,17939829587098
14,99245716049720	11,75752608564650
13,72528899065550	10,04015623142930
5,44039851244238	3,11135893419259
-7,96711117279875	-5,78219537065679
-8,25774010140130	-6,74421616377645
11,26792419786000	10,54209844198710
-8,03576845084422	-6,08168489981613
5,66829920498314	3,07406840841604
1,82265166568370	1,92195471116145
12,54608636415290	10,59690987170690
3,37024739143877	2,94566034854942
-8,75045489401945	-7,04744860485845
-8,32425695322565	-6,59178943495400
14,06537942476640	10,96508074124120
-7,32042790717565	-7,98325775271061
12,32324200614380	10,41492600545930
14,75955098217970	11,23459140678130
12,56121993968730	10,84913764721690
-7,88614396848261	-6,92101486149404
-10,72247438963020	-5,08292363370579
4,51662172875590	3,03178387581401
-9,12118270341702	-6,75698001152781
-8,94368174882406	-5,21243087722754
2,84696584908119	3,08586428661212
-7,83509687209525	-6,08146224179431
13,27485696126640	10,52190397197100
12,91184220337720	10,48868496955060
5,92553223673913	3,05448375473976
-8,83600438186183	-5,26897414644671
12,20651703141760	10,83861305849850
14,40753090498990	10,43879605068110
-8,43875724017728	-5,47880346468760
11,79943526782050	11,47366996185560
-9,03405025959485	-5,78074926629012
12,96241154964890	9,82223275219449
-9,05881721777114	-5,18555408003104
11,31020185251140	10,40636280881270
1,82219667674167	1,23476413766995
4,22459512665118	3,08999280083933
3,62051510115048	2,48277404491511
4,50307457203064	4,92421591723481
14,16120031831730	10,76708251261110
4,92219210358774	2,81754993850016
11,92273382093950	10,83473196009020
5,00911160145922	2,36994139216391
2,88540163070738	2,27552967330774
15,09057109170580	11,39092503015950
13,85043969580800	10,13441516720890
12,22779684530120	11,00601798951860
-8,67882977411617	-5,28431015235875
4,15534231264566	3,40614420924093
12,93324749472880	9,47748612279419
3,72888381451359	0,90361566562861
-9,01980317860134	-5,62718141885508
-8,33000992046299	-7,02217345998787
12,62650111859650	10,64971450835860
3,62730309549914	5,03364785790741
4,81987084721789	3,74384953958650
12,79306673373780	10,01327110594300
11,36977799538420	10,77698239150560
-8,00580386194087	-6,44630304653912
13,28127020120000	10,70574226352200
-8,62038233593341	-6,17372653759912
13,35828745681770	11,52389005910210
-8,44293399291368	-5,12331726888107
-8,72399942497219	-8,38642070527438
-8,82536369275398	-7,13364493934701
-8,85095835276634	-6,05418954818799
5,03739670089029	2,76059256100921
-8,69522035741486	-6,33707525241484
6,74576621348564	3,26684174272298
5,87782148776916	2,12974130427475
3,53249609464196	2,72377570950600
12,15138535791280	12,24464432658570
4,35419198386747	2,48027835466185
-8,47116362924684	-6,78922459498286
-7,87487166350534	-6,38608819416915
4,30207030182627	2,88708688087856
4,23630764321154	2,62629336790783
-8,73995451202850	-8,29576266702791
4,68610546052752	2,29065263943130
5,50256039778955	3,99045556415975
-7,78732919430015	-7,38886275734630
15,76784809624420	10,27725983304990
-9,40219357022179	-5,44829466629447
4,31395799879612	1,66447648086171
13,57586832842250	10,31350335037620
13,51202534251580	9,01188047398368
-8,11861141120190	-6,57701459078322
13,06327424987250	10,71626700069680
16,42687799347160	11,04065839175300
12,52152888063350	10,72636252055460
3,93295723942751	3,05497141913900
3,84072008939438	1,36789480241181
12,53827723968960	11,51769727847140
4,45825678069357	2,47328953648050
14,56518755513940	9,66052291792694
13,34684330339360	13,03145173513280
14,03742931245550	8,56485700714892
4,16402496579128	4,11375305726520
-8,85684957530308	-7,45713544645510
12,14588785839360	9,99230029355135
-7,12834472490705	-6,31575402886250
3,73428302265428	3,03815903058820
13,28996589821630	10,21572744929120
10,96745386989170	9,16925433287173
-9,34010789397847	-6,18486422776644
4,44148272773904	3,49588019801509
-9,16775983887433	-6,31164693332886
-7,65648518161748	-5,88702778499561
-10,32403376870580	-7,01107247140540
11,62081426832730	9,91150772862628
-9,93959311453319	-7,25966793833464
3,68097759805813	2,17033850977507
5,04834752768875	2,19374097907296
3,93046266137994	2,63179418769762
-9,98383043242477	-5,26826927789307
4,76325766118775	2,31022858665182
12,67143209932580	10,69037805930880
5,07601988155756	1,69746895707073
-9,46343367457877	-7,04080204877514
-9,88158493482014	-7,00517718189354
13,36452120228450	10,09095719365910
-9,55655509823865	-7,08584577616482
13,05896842155720	10,42676026589060
4,56826479707421	2,66359683071539
-10,83324930657720	-7,07535228298577
5,20358570245547	2,33856473945858
3,35735466035349	4,62331515188219
-7,87932512542421	-5,71517618228026
12,58149208922350	10,11799184950910
11,40119548720570	11,51660062079540
-9,22148737018526	-6,04923585352038
-8,76398617105175	-5,65175011218304
3,73207620219245	1,24315861405289
3,60999475211500	3,44390714219003
-8,41746617524763	-5,06666388877235
5,13000905580010	1,65585112034109
12,10015151407040	12,20907820286970
-7,23563427948205	-6,79786055094616
14,46902962232200	12,29223220020930
4,95045072080690	2,14794313736424
4,64798040018634	4,20143525599010
3,27388214849270	0,58449928462687
-8,98688786587838	-7,29610348190082
-8,21095608267865	-5,84611551426896
-6,50997810517943	-5,57072626899039
14,75383361501450	11,91824430703890
3,74939805629689	2,99213217066131
12,98838191133560	10,48939718702940
13,07813583473680	11,17169969831340
3,43459283770119	2,27385920543793
4,05288600083096	1,36905567929529
-8,42112576642189	-6,02002989868122
3,44677233535162	2,63791967575542
-8,99023308027393	-5,74666003551699
-8,59018457233634	-7,48094230249327
-10,67877500950700	-5,65292042035799
4,46338970244851	3,19582534035500
12,31704015318500	12,30472039183530
12,55787657412010	11,55734363547220
4,44927509445257	1,41561452262028
13,52145460475920	11,68931542251440
-9,05915861033465	-6,59051286345599
3,75914639858124	2,98213873920188
2,11592414063992	1,72209388702935
-9,99958796869594	-8,06094372060298
4,08816645862455	3,03009354335977
-10,57959567157650	-7,86349102123074
-8,43181633103379	-7,57537792762833
-8,84354473731429	-4,72498987908963
-8,98466952832858	-5,25149993206468
-8,01031791420010	-6,23198596705137
5,20638314892805	2,39710870290757
-9,16699449909107	-7,46460452387541
2,49346168623839	2,30421013985388
-9,64772563102074	-6,43363308005901
13,12580506066010	10,68946497032850
-7,99466803664172	-6,51128778264989
-10,63654103540520	-7,07013443442522
3,49150106270544	2,60732695668291
3,41817039001384	3,76300576959037
-10,72895922175190	-6,07277630132254
12,49885796145060	10,69634713343110
13,27748486015010	10,45091730437090
12,78785999085460	10,22980791977960
-8,87689040749505	-7,65368013540594
-7,46393790356272	-4,95348986592023
2,69295056419778	3,96665063630028
13,79801041028200	12,29627668770940
11,77354429346390	11,16416380149850
-9,10380686644178	-7,37792886098533
12,23749781675390	10,28638899096010
4,89072029721657	3,05149646013984
-10,17847623539640	-5,80140358237247
3,81305582161891	2,18949657839710
12,48045772930220	12,42985228477270
13,76398877882130	11,89440826549510
12,52314323840960	11,89223730723850
14,04467672657950	10,65642179078010
4,00543907688717	1,86381890623499
-7,57757543403591	-5,86245181555212
-8,18234190574744	-7,02536736697039
-9,69031402405305	-7,88435667723695
3,85944341759051	1,61125758885335
13,53257331705800	10,59904371281400
13,12949999100540	11,83304369455240
-8,31573355165277	-6,46218479218159
-8,72035116729877	-7,53551486353351
-10,58525382930570	-5,64703730590498
2,24015211025941	3,63535522434732
-9,08877257866737	-5,33724895081041
5,11477658648752	3,56788728321839
12,60760003958620	10,97728987994960
13,62425980721640	10,20201566180280
-8,67916720976408	-6,84299446228801
-9,89649499645262	-5,29976785100372
4,40934318877590	2,59999917698359
11,91631740052450	10,56345962577030
-8,98731887752260	-5,70210249162102
12,45640308493640	11,04266261115980
2,87693789984509	2,40118542987208
-7,75893902357843	-6,11060687434260
13,66104575977580	9,91456023768903
4,56826312396121	2,78359440430565
13,51805340768040	10,55182273758310
4,43566122332532	2,11547367355367
11,63409039340480	9,52519303636440
12,67205472428780	13,34258178535990
4,02250717788839	1,52050412903426
-9,12371301445714	-6,68728619482445
14,16496376197300	10,53110316557620
-8,98830571099223	-7,94973248660253
11,89917967352650	10,96554720261220
2,96293172578911	3,13177122553838
-9,32484508124649	-6,07847046320199
-7,70593684556804	-5,65505274196607
-10,06526597373220	-5,29833204785673
4,86118461459952	0,79745422993458
-10,29560129888020	-7,51844376518102
12,36820050319010	9,18507434973458
4,01093498230306	2,28672063957105
-9,21401330456553	-6,94225449269887
4,65461079968118	1,05297692119956
13,34594662948340	9,01697097844080
-6,75612582613383	-6,85896263690439
-7,00562059397841	-7,55079443556933
5,65259536873942	2,78299973409583
4,82797432685601	3,37578191055743
-8,30284590469388	-7,31307836908372
-10,88998551686410	-6,71349900221496
12,62314406717040	12,51304731276300
-8,37792375879025	-5,46932110901240
3,19817597001234	2,43204929148131
11,57938155285170	10,12447493489650
11,19833180915720	10,51145154259280
-9,42846606178706	-5,97631111553994
4,05318158962700	1,87733185845745
-7,79594450681954	-6,49938373868299
-9,45680949114659	-7,64379792040158
5,53428249914518	4,59481973736996
-8,29692495482926	-6,19835895875821
2,84922989984753	3,14103196232858
-8,28599804062242	-6,48496734756547
-9,69552628972837	-3,90345531229568
11,63312759312810	10,06841335860120
12,86581411395650	9,50207299539458
12,74523936209980	10,41247053011070
12,21937936370560	10,66957832111840
3,28698679017234	2,24423014446616
2,97182698119320	2,75087385905063
-8,00514801005169	-4,79039918276163
12,16102143929390	8,71344206439199
3,80270164824984	4,44986769660113
3,30493140929957	4,11186460819950
5,32449478823166	2,54500577322454
12,99657250858950	11,39494204733440
3,43934278759803	2,52284528942496
12,02954320108290	10,55358043297140
13,09782360468660	11,76332609237550
-8,00681803344776	-6,96847279152582
13,65406844175090	10,63782459806560
12,76222947290950	10,59084035713810
4,80153928848775	3,12422595081948
-5,95369662695302	-6,04131144543079
-9,82360223360301	-7,07866691228799
3,92467079048204	5,38683051579816
13,83273164334340	8,16774775639057
-9,83713325800433	-6,81748536205281
-8,59363195320149	-7,00524118228015
-7,99812694051449	-6,08250563125695
-9,48163625163911	-7,43857419548131
-7,16643982675616	-5,69230245061429
3,00266316593857	3,47959966472380
3,82659744027146	2,88540498527702
3,59416051472125	2,93809532707897
-9,27570732020976	-6,96228440857100
6,76337929730775	2,79858327984087
12,60418845030670	9,70840040791976
13,71273353934370	11,24791086070910
3,53942278213276	2,40724008940646
-9,64151134716431	-6,55308693048401
4,01774682033583	2,52327739363232
-6,90776360522296	-7,70250081854436
12,01148320132480	10,63709752205160
5,91040672891787	3,40888494126975
14,26481425884500	12,12797854405180
12,33225091337550	9,38985264624420
-10,45670978107030	-4,54527507893589
13,51272777883070	10,27472173310660
4,09253205404551	3,90448753531738
-8,74378193310177	-6,30842692472428
4,09355067757533	3,23750410096082
-9,90433938285373	-7,59843964610815
3,30860906009135	2,16665142704571
2,89913868450506	3,29629094283214
4,30953519137222	1,61483079537762
3,48428801738048	3,08055498625388
4,57942653980187	0,00718924537436
-9,59240554265875	-7,49196787157229
4,55638463465267	2,33304166822069
2,42027702744437	2,63910511116323
4,31177510106339	2,51794084285021
11,54192285293590	10,81914427027320
-9,15147550458258	-5,52085271218802
-8,48413076178132	-8,56108906165803
-9,22717634053356	-7,16915668042361
12,81853235198710	9,94768649377426
14,84870033162340	10,90688837745250
-8,04062499704205	-6,15701274149243
3,92738239415479	3,30191472876255
4,76209519928161	2,52400181313744
-7,75505550538918	-5,20972406378022
-6,94541272523661	-6,86672769244531
2,40257952812587	3,63046472038793
4,22817807044617	1,03666605857152
-7,36454419707622	-6,88161682637377
-7,34341201774690	-7,26394537042416
-7,92684125899703	-7,31448223130983
13,65891188530240	11,28082268831010
12,73690981296900	11,77011742417900
4,49720237688507	2,27745009864928
11,47064216206260	10,33846599498130
-10,34462182829930	-6,24872232313229
-8,32196375561661	-7,77276931864716
-8,37063547910831	-6,67978908971940
12,99762977105540	9,51468276161782
13,18445234977680	10,04711111058760
4,66565626784437	1,37341834810367
12,03579634959140	11,53599907645350
3,85621445993713	1,44565443440343
4,69744732584540	1,59354496812206
3,56192481798090	2,66558768568093
-7,25037101037198	-4,15777539773350
-7,99087196550310	-7,98163549158185
-8,85342266303263	-5,82997671635611
4,56746885564450	2,05433139251877
13,07530360339850	11,30576402035340
12,84715736104390	10,99328364621390
15,38628283324530	11,61013268064730
13,44810351605630	11,21929849404130
12,52667862284320	9,26377955858632
-9,17981802508322	-4,97521949450360
12,40305067917890	10,27230248320600
-7,83056390432838	-7,44281424860890
4,87802781122596	1,57898214554947
-8,50660694538432	-5,74604222039811
13,63391223054790	10,90264479581030
13,08006783938300	12,11478427528910
4,86432404690647	1,06030864014433
13,38429643215500	11,13953655545840
-9,98333213677909	-5,67531962147635
-8,33163206300840	-6,49039468511454
-8,31498197956226	-7,02781243349777
-9,06231509497771	-4,44292282331829
-10,16479615305780	-3,95662086769032
-9,93329340693073	-6,28085376513889
12,96247007801490	11,77930684157420
5,05470871837469	4,19597142614311
14,67092447844480	10,34631660624810
4,29102888470958	2,40510066639405
12,77902917121010	10,25800523791710
-8,26785795145978	-5,50154021688537
12,85859322102270	10,11464591143370
11,77805626339750	10,70063299820430
12,86752138247880	10,28827984977960
12,67762187939050	10,17642847402960
-9,45044388293386	-7,37239149375395
12,22892495976220	9,88320963697820
11,82438634681440	9,32258597256286
-9,49379735636863	-6,53210484417745
-8,82721359540390	-6,41234547181662
12,60422042561100	11,78587515905900
5,23266809367734	2,92114568086958
13,75066196606010	10,76323983291080
13,73722715663320	10,23296293631850
13,56483223631660	11,31735655099140
10,62889518526780	11,71763643043260
3,59902992263154	2,27834015751861
13,36962587754460	12,07570177889840
13,62609891068540	10,42269898966970
-7,81118604958993	-6,84291856183215
4,34970967989219	3,16663652879872
3,96488878635352	2,22748287282672
5,30930452280149	2,37829989603649
3,83672236264307	1,79986824981530
4,72081794203268	4,62784819832214
13,50338077572700	10,68979613539620
3,24101878652044	1,83242878183081
4,74521214200912	3,87956426176122
12,60577188514110	8,87876327778156
12,05363700416220	9,92612841578600
-8,92331134837449	-5,75949022593749
4,64901969945862	0,24138667774152
11,84253252270340	10,56168993945830
-9,79743375763793	-4,80200283521708
4,15555898077047	3,35776900376462
12,17189194132310	10,82051009692590
13,27359314306650	10,00464312466050
-8,72284172109228	-8,33145909158930
11,95567319551320	8,86392260257721
11,29708610616420	9,83564743487351
3,21533437586395	2,78968593835515
-8,79781806442856	-6,22748331611466
4,89980026149681	2,02880078143500
13,46782154492400	9,66289042690945
3,63164767779945	3,37190433281833
5,15613615209196	2,47456660616272
12,24198224539740	11,86315093994820
14,29486156963230	10,17009627615280
-8,56608922738307	-6,57160585627571
13,68347176640720	9,81149381377996
13,67403758351520	10,10094854133300
-6,90950315176803	-5,52184770231450
-9,53370039982174	-5,03159262649125
13,98399605768820	10,21689888294080
-8,06143304253601	-7,98614990873858
13,18064308533850	11,47582209114480
5,42289520169540	4,08966517958460
9,48856660673054	10,45110403030140
-9,80532249959069	-5,73679027663866
14,03741446317210	11,42565815376260
4,05200944683273	3,22481617752925
-8,56028027226361	-6,86899081966011
3,60148140594238	1,95922759505250
4,69578192397046	3,87968318248372
4,07905709456800	1,01004248304427
4,71402106969778	3,08374215215788
12,29607464056310	12,55033031962630
4,22993575307587	1,58180375121130
3,55705074455952	1,68558837162523
-7,88191010250537	-4,46441863841366
11,69133765676000	12,56554671774910
4,01222064778352	4,14083075109365
3,42745525083572	2,14580032631709
-9,51402993632449	-7,39890208943389
12,58571399228250	10,24649546853370
-8,59606473116989	-7,12062031441882
-9,41157516826260	-5,19004561753764
12,57060225468530	11,70350924277500
4,94645152825800	3,91845936206728
13,69435768624700	10,29780267897830
13,84013785645400	10,90368342922010
14,14908803894770	10,26084984506120
2,53127952118772	3,63205040457631
5,65823802697183	1,70309201456802
-7,79658446243410	-7,32933349650590
-10,85759349738510	-7,37331483722191
12,42428443926970	9,97990798475439
-7,94596413386844	-6,14419370753944
-9,24354422949680	-4,76406746112149
13,38286038695830	10,50399708531730
15,29314508666150	12,58420112368290
11,82140481488660	10,16290621484030
3,89952205787488	3,40420446408633
2,53479955710012	0,86861468452198
-9,49797850788602	-5,10637641563574
3,81675807847705	0,39388981637066
14,07288502294350	9,78324269301427
13,01824457075280	11,39430355630210
15,08492569744640	11,46710958772130
12,20879652600540	9,80768068444580
-9,71307680171963	-5,48792548017882
4,01915826110427	1,83868324770741
14,42953696239840	11,12982007439350
4,07501335119330	3,53276248863992
6,19837846715104	4,39414829700935
11,95367516236010	10,08733039997290
12,74344886432360	11,71170616999880
-8,34266817720793	-7,01997478006955
12,55961276333980	9,56639975206806
12,13522257571320	10,47017751263890
13,35400224206900	11,14373150177160
13,33837227945660	10,84371718397990
3,56410420546157	3,84018603926853
4,63435313126316	3,62442518686185
-8,60633839956102	-5,33183789746081
4,93851289540865	3,15695078823308
-8,06194025286033	-7,35250579271427
2,38441807016340	2,37279123215760
-8,52285710250109	-4,76007541069735
3,45921821936116	4,71109128779757
13,64611776551780	11,70561684463250
-9,78333484297873	-5,01638746621074
-9,75953372688877	-5,99239607618454
3,18063950967653	2,64005549089613
13,49397199425710	12,41830898984730
13,58176105082450	9,75162797023359
-7,99996655340996	-5,71967035722259
13,01062713400410	10,93114979926600
4,70000386575106	2,27654706407347
13,37828250070470	10,19369065697000
-9,42893180485071	-6,52463346010390
-8,92699611461649	-5,10043877435057
12,15207322579740	11,72405429890960
12,21504311151290	12,08660246236220
12,66800748357420	12,09809390456830
3,95240002490730	1,92382126769594
-9,31429444983891	-7,41398193832883
-9,59493944790186	-6,56834988324386
14,90334914363200	10,15213836907050
4,92819215973107	4,67093253696296
-8,94756178573387	-6,07707755956593
-8,65348759836714	-5,99281955591088
11,29128574806500	9,15340269099430
13,34030405007730	9,32877805532619
-7,75881970593007	-6,32819106640129
-8,79546342053253	-5,94232374442893
13,17592497672250	9,51341887632696
12,04096173270660	10,43546371975600
-9,64256903157207	-7,21592387188269
-9,31350025230451	-5,15556153820238
-11,26420175778680	-7,59123645905618
13,19106688137000	9,82130383507794
5,02254186924921	2,36778131688392
13,86773072943730	9,86500092608311
12,50127082982930	11,09368665407220
12,84502886650470	12,93358578553800
11,56618094021400	11,53245802028160
3,52998549384499	2,17103248561773
-9,51695393379496	-7,30693557112739
-9,69061551267239	-5,40741800203662
3,89504587686406	3,87933431538070
-8,45655183696408	-6,21323373477194
4,74738321463046	4,50333417786058
3,72503232599502	1,69163670991567
3,83465172883164	1,68549027874315
3,62340677462081	1,93400279312166
12,46597647212670	10,31561006854980
-10,86471390658620	-6,97268614455387
-8,33192318431434	-8,40190302848127
10,22754370482050	10,82556092750100
12,16603511631380	10,55339235307190
4,38625153892643	1,78749063209806
-8,04818625433113	-6,10396674575983
13,99521725227990	10,46111894911200
12,21448513818030	9,90745766906357
13,15730497891190	10,40327039471000
-8,53323251262212	-6,17879009660270
12,33479983834300	10,80147225320100
12,88477953298080	10,48289400464010
14,58627463787340	11,79406149156380
4,09164690642052	3,20214400868971
13,50311975333190	12,51444939464010
3,94377651643654	3,78565711412783
13,78239570226380	10,16299616427010
15,43965512467950	10,82798889172240
5,07685663027881	0,96133080308084
2,92505752116099	3,03912930231512
13,56071477888180	10,95409567397790
14,88540440189700	9,04547139571475
-7,69613723799976	-7,22448204009459
-11,80800246427350	-6,86565566120451
-9,76978640741109	-6,23528209824998
2,96730716953584	3,52355784573705
3,69063925703483	0,76848936027469
-9,07688331509172	-6,13248015183315
12,79063809523530	11,09044890598850
3,18458959957773	3,48747237622122
-9,88040781267378	-6,74087525894799
3,84370884891302	1,72211278485984
2,13576466151345	2,54641653963129
-8,88420756114037	-6,57960943547708
-9,08542492182517	-7,30060714718027
12,26659307523020	10,72720081435000
4,93756651347058	2,65778025932941
5,11030771603690	3,16398333299027
12,89785168862690	11,50347629494110
-8,78624603775763	-6,05641855927098
-9,30961220950275	-6,16800612944728
3,62879454374689	3,33183410018330
-7,83247502935825	-5,46459877528356
-7,20778749339693	-4,95603234201284
4,36335498256154	2,56776995263998
13,69237432651290	10,91232072552290
-10,41099080419570	-6,85261271959204
-8,51027019362690	-5,67964552151671
5,08387018468074	2,51595924794886
4,34541072001896	1,59876266552320
5,21939395644725	1,34172236856962
3,14974334544714	3,06091403336818
12,06224333543170	10,35873718094930
12,17447399783820	12,74058575370500
-8,50090072115499	-6,38304315024533
5,49670413284991	3,03265365120317
4,85728398081872	3,11434987442973
2,71759083840447	1,57628216011898
-8,61170500849114	-7,15978179687982
3,09939845036259	0,60390762845263
14,27961576909890	11,71187062696010
5,50375118907320	4,06626453295302
-8,35509690764058	-7,11551608322790
11,74763799104010	9,32411703932299
-8,36099465254813	-4,98864659714623
-8,21167240848930	-5,98652483219156
5,86059379195905	5,28803040374929
2,66478174832463	2,49942348563958
5,48339465782062	3,54614993020866
3,19099074820145	3,34157848439423
13,23739345627970	10,52765354959960
-10,69215788500120	-7,48573491662318
11,54720986433830	11,61659615192180
15,50587365100280	11,59265056582600
12,29806904912440	10,24771854626310
-10,58118300545400	-6,69361214640460
-8,97649021328947	-5,92557684045801
12,83410220965810	12,28939994197590
4,42115866466696	2,29529931096781
12,82203203634000	9,76532549306642
5,33894954806368	3,82823475565753
5,78850017391081	2,85382295535969
4,39762976368930	1,03527205151948
4,44273510876019	3,33168366351981
-10,31946007455080	-7,46494862504318
5,63384484973968	3,08547200761245
11,97680305496400	10,59346242554750
-7,21349849115839	-6,66677681809368
10,65626394291490	10,39111188557330
3,73542934463375	3,83658044366676
-8,24052776047263	-6,30875741840380
3,11613862706271	2,02044433608495
-9,44882061858123	-7,45932108075978
14,74046736393380	11,36333733617030
-7,29727348001342	-6,37963964486765
-7,14103096032132	-5,60311856863748
13,19762211938070	10,76493004147210
5,42034556447038	2,89496441139225
11,39099406808750	11,45455337621300
4,34636226541368	1,83782599210587
4,95362416049783	2,79442944669740
-9,44037745651915	-4,25574849484232
-7,44506108872774	-6,61195392269932
-10,29685598331910	-6,68633841424727
12,39687122597450	10,93930095678360
11,55970042833560	11,14891012772960
-7,49679361455116	-7,37646257120489
4,37003867520534	3,13745640340036
13,57483117272720	9,19816259597279
12,96386233199140	12,25353756326910
-7,38795521889271	-4,69588863409278
2,62270390958706	2,27053180342167
3,65944802592115	3,54752137205789
13,77162230931510	10,15553865090110
-9,66649138722479	-7,95534462173579
5,29954283911226	1,99687519980637
12,84606156016690	11,29029813902500
3,44064598439587	1,80004681098924
12,63245561698140	10,98313857100420
12,14855020763720	11,88639557861810
-8,66872513404809	-5,24558088627113
14,02361883440200	10,15159994929060
13,98605187043860	10,96294269965570
4,29970817827359	2,43174013609221
-9,73380793350746	-5,86579175906255
-9,04608505294790	-5,30520623813618
12,81020154162090	11,97164471134280
-9,77140338864182	-6,39062118485795
13,59123746528290	9,91353749685492
4,30547035223110	2,12458823262066
5,02948351004896	1,01390579787664
13,11309749180340	9,27390980374964
2,87012247171548	2,56070105501657
11,53421008364540	11,36308381529470
-8,97735758071082	-5,73094383729318
-9,57642308664356	-7,53435538817365
-9,79084562378751	-7,20192122138801
-9,67705002654925	-6,33746919635061
-9,10860537195409	-4,32737471914033
-9,53059034631574	-8,54131996079133
-8,73666593288740	-6,41871914507380
-8,63812859634907	-6,67723130696442
2,97073784269926	2,59796471591799
2,61161621235465	2,84166079197490
-9,31991226350814	-7,58557844669503
-8,55398611033152	-4,09486713056869
-7,34458613686966	-6,88744263893786
4,50554364543754	1,76632951184855
13,79326931220560	9,21180927863338
-9,38383802052005	-4,47696634391373
-9,54940847867506	-5,65018685779019
-8,19675457551058	-5,15607805018896
3,25186700849123	4,38180927386793
-9,09265510911484	-7,25351601618546
14,40797297246110	12,25868670336980
2,64001087241303	2,82965669552296
13,28346372826430	10,98494206056920
3,61595990344957	3,56098950025315
-7,85480838868037	-7,56337068762922
2,71512419276547	2,26689566545487
13,00932565423370	9,39689892803106
12,69760433402900	10,42090124295950
12,72262762608450	12,06576844861830
2,53138259365472	2,81864648820795
-9,37591228956204	-5,50912246778257
3,71529698496023	1,69574685477314
2,44520822568283	4,80232982235362
4,94319982959830	2,71671661176799
-8,82910038285420	-6,54348751783977
4,51303645229298	2,97389080813406
11,84225519155640	10,23370835353350
-10,74914426810390	-5,70216493853279
-9,26273492158719	-4,95507910604636
11,42440574428590	10,01048908164970
3,35401544914922	4,69287810775780
12,83864490547520	10,93522912693600
2,14406229677117	3,35425965785897
12,54898334705140	11,38434055561310
12,77016595668630	9,87160609608446
-8,69133902722503	-6,87234772065123
13,86144227129690	10,13980434651070
14,01695845462530	10,15541440824220
14,36507113584520	11,09306596935440
3,38792671115867	2,90503601687719
4,47784452226483	3,80004495461775
3,35921479018885	2,32455390180868
-9,50746071773172	-7,41345306190636
-9,27614709208759	-5,43964730514973
13,27243596444490	11,27958783005040
-10,55240783682950	-5,56602226347638
3,16658630192131	0,62175876835685
3,85279650645164	2,20300024078547
4,12158343619132	2,14423469126901
-9,07726349963203	-5,69645809919244
4,29081924398820	1,87041671007331
-7,51381522377758	-5,31257975791535
4,38240607447874	3,00727361144007
13,38373978708340	9,78244987628586
-7,23086497715051	-5,26151427555891
4,69065513516830	0,78033853663445
12,31450449447330	9,17223634981893
12,02984965578220	10,53067294735590
3,00035137346737	2,30150439054411
-7,21514636752047	-6,65638000613696
12,58164278123800	10,83723247055830
3,65228844924464	3,22483426755160
-7,64375721272053	-7,30953717631919
13,00964044842080	10,53769307621140
4,28672939215624	1,95311390068737
5,17469970056781	3,48818505851187
-8,14890134765913	-6,98955721990043
-8,20858007615246	-5,62842448839104
-10,52010683592600	-4,79409923305486
-8,76360384019409	-6,83304521784508
-7,99230798484206	-4,18450738811733
2,69258094743228	4,02757497956249
13,16535750692840	11,79715702129630
-9,81579013223427	-8,61760572521007
5,29273430653792	2,74079466735407
-8,69272125906713	-5,66619248330326
-9,18362751993224	-6,55090824975966
-9,12394852990804	-7,59834123159451
13,01814284881580	10,40873963602850
3,30042003434409	2,40536685846377
13,11514702406010	9,49026386169029
3,93878155882327	1,59420071928160
-7,81143278018710	-5,41183197293338
-10,45945671590930	-5,41973256264037
12,93689837200600	12,10417961445140
4,10834106980619	1,94651179161463
4,24079625696874	3,93874061649178
13,31030710823640	10,97967357588990
13,25426209441380	10,87552113104360
4,33682215497996	1,30349486086099
-10,19771409377000	-6,74825169212807
5,76580313996000	2,66161971244142
-8,58631690651989	-5,45205711732405
13,33230665828360	11,39144585906110
-8,02386662868561	-6,99957341521654
3,21116907889517	3,76106103479209
-9,12911189546410	-6,39284045336638
5,12787485000061	1,26585822729304
5,17960684223169	1,64967394921602
13,39614620633090	10,18803630207160
3,43940527477098	4,24682154806562
13,31471744897280	10,04184618778050
4,22594804739041	2,52548938886711
5,05667316791876	1,51129160234272
-9,20019220059243	-4,68313452316434
-8,35038448271901	-5,24929177261815
12,60406145286670	11,53739195926750
12,79443485403340	9,64329385230911
4,24242529173268	3,71659689977328
12,49484617911670	11,08107868916770
12,52450074365120	10,32226722556080
11,81058910612180	11,35264265253620
2,33388381116503	1,39396883995366
-9,37947914435546	-5,78953518475378
4,52184480401335	1,96324041123106
4,13677296020732	3,57756017643076
-7,90099109884767	-6,40755930514653
6,66560862786003	2,40012715205428
13,03261334460950	10,81626933017590
-9,93709837741071	-5,85750750651430
-8,57864677904795	-5,83528904318681
13,22690496798240	11,33374721884460
12,00468501314260	10,91781834555190
10,92133548378060	11,78234697104680
3,70178903028661	3,62129716305455
4,83149922214629	3,11327487577117
-6,48370343590795	-6,41517336866315
-8,19914964154568	-6,02128859431392
-8,81344042628910	-7,02131510435824
4,91526573699781	1,69652838059541
-9,55166817069158	-6,90255415824756
2,38482857954243	4,16063591854050
-10,59714717566140	-6,40584057481130
5,30418165796774	2,34218521167360
-9,33493041914686	-6,20346633951541
-7,85174009678836	-5,69614107346799
-9,96584956968563	-7,81781334402717
-8,46941251156050	-5,79959387339243
-7,95654459633752	-6,56062545615220
-8,39722826505779	-6,56005245223017
-9,26032914766171	-6,77339972462484
13,82405030278350	10,92026517663790
13,61290262404410	9,59333496153340
-9,80332217308015	-4,62207338579527
3,61464875353797	1,67460155325241
13,04755727914020	9,84732488275219
5,11635981415116	1,99175851570410
3,28054758869158	0,69333092999288
12,99248292237590	10,21095838599140
-8,09284068578195	-7,29496565190295
-9,50498890952347	-6,34013680833009
13,03677178780900	12,10023919456100
-8,30469867817248	-8,00582415742960
-9,75965428042056	-6,33580324037554
-10,13278198203280	-5,82620558497097
-9,07500219342852	-3,93334841084156
3,72407542605927	2,20950263584733
4,42737817285920	3,00097019313541
11,18237450060910	10,67802995898870
12,99872515317900	10,29779187329750
14,69501947933070	11,55507402564310
11,75224894124120	10,94199667510530
-8,43059252976571	-5,64443467839404
11,77963166658320	11,45990747609950
-7,22640030868463	-6,45524032192293
5,16663870455854	3,20183838914877
13,38902420416400	10,13620621578140
-9,44093698911234	-6,74340771275873
-10,25919028403490	-6,41237996178859
4,08293759219655	2,75175464265604
12,47465784736410	10,67270104106360
-8,01443045440973	-6,27151646489602
12,28379801465880	10,46230696991700
-9,81784682841362	-6,10048033514683
14,30824401692940	10,77278889008480
13,87547056236610	10,56114392743570
-7,17280803855260	-6,42470711976667
-7,60237530675120	-8,81180171754077
3,77950021636260	2,69377693336596
4,10915479382528	1,77301322746021
-7,45186760854942	-3,95667614910465
4,84008795286205	3,25105089059769
-8,64067757096601	-5,16790306838915
13,39378202848110	10,65295648042830
12,40177861178480	10,36882581659170
-10,64457021132800	-6,49630031047165
2,77796270427368	1,85214514967970
12,96012663626400	12,50074210529290
4,10570403817761	2,55830413463339
4,71643515351170	1,57998007852843
-9,88263581257069	-5,34744583736571
-9,28981136465932	-5,42854341740501
12,42609931547070	10,69962211729500
2,04421086643246	0,28934991045725
-8,70851384112072	-5,94928288610195
3,99031988490047	1,25717014198331
3,98043029928660	1,46462107381500
11,50872470284460	11,61334163478040
4,38844978498672	2,71354242663517
4,84439832705753	2,37199057761406
13,69170813697210	10,86571453097320
14,33397583255570	10,75443146858770
-7,76570756682889	-6,57842045473516
5,48034507531740	2,95794468946126
4,46952895988871	1,60878051068924
-8,60404079841965	-4,96229889543595
-9,01773936982647	-4,60775830593636
5,53671290263000	1,77906687075181
3,54311211614225	2,13790140126650
12,51859113256470	9,92837290116264
-8,78613774472123	-6,75309300385292
13,17982196472030	10,66039926937640
11,26726701589460	11,06606213725610
-10,03360180990070	-7,23697081493746
3,50433715066371	4,74000024327275
2,42721844906184	2,80982099835531
13,13267531518690	9,88610582821900
-8,31934913239595	-6,23585998699788
12,18102568883010	10,63198731088590
13,47556189827190	12,21183190061020
-10,35607660050900	-5,94386944238490
-7,54107290140187	-7,39310255712527
3,78336792918434	2,48137215935367
13,26554470490400	9,17277706573937
6,01005090764928	3,69826710527529
4,77077764426007	2,15192256251256
4,40167905665229	4,58909726305041
2,97826948263366	2,40377448798509
-9,14178260700894	-6,05521526385628
5,16540951290488	2,17434531226451
-9,17641802923807	-7,30586161015302
4,30540681372020	2,56288983117417
4,11287583385613	2,13349071702932
-8,70640347041434	-6,91493810944452
2,21111587459663	3,56021087508930
-9,55778396965844	-6,89327948249745
-7,11711636183072	-5,99139935344928
-8,21707315461687	-6,96329881019771
-10,49192308878150	-8,60840499212737
12,70878478108520	10,50220555190780
4,31061673699735	0,59219085620039
11,26861738449600	11,09198166602310
13,53195661030480	8,77697858946406
-8,86399232940788	-7,66623452422603
3,19641971987488	4,10649253921232
4,26845771785228	4,00862844681502
-8,16828565270550	-4,89188776609997
12,56387330464570	12,59777576031620
-10,27024125176050	-5,65194634788527
4,27134429859635	2,58900517678088
11,69505259714860	11,60337620914580
12,60933769064100	9,91286449646952
-9,55487346928537	-5,32219964996804
3,22344020653967	3,67862554418219
3,44027460939639	1,81618178527032
-9,47138673991658	-5,97384887937771
3,86250414313735	1,22079938396868
-8,20329051248139	-5,82316059079452
12,14007443197290	10,30003842269580
5,37021081005225	3,43681070362092
12,18705903710230	10,25037356166270
12,52800092652220	9,98869672826072
2,78287215212632	1,70179798623185
11,22731544737850	9,13032789209004
12,01625517373070	10,73952590709300
3,45317420467657	1,59111263898854
12,19382450502580	12,73891505344890
5,72281262314450	3,24164524596890
-7,47881010657328	-6,89131547431811
-8,93529877862569	-6,69061798807318
-10,51661497980720	-6,11588183528436
-8,91567904815341	-6,30977578201397
13,03719228187540	9,63280501222166
4,61760888024516	2,97458003514171
-8,87031596326427	-6,20236407804410
13,25213860264440	9,28616689797704
-7,05240306584131	-5,96669424145846
-7,63144868270081	-4,94191334610734
-7,79082929498163	-6,27537423558022
4,62374229843916	2,60250729297725
3,69214307680326	1,87312545597951
13,90944759747050	11,59243406878470
3,93630720605143	3,66575813652622
-7,95808842950893	-8,59843205393470
-7,97505283569023	-4,38581007135512
13,19801948627660	13,02652597298430
-7,67634496647620	-6,68403576779933
-7,63338623498731	-6,66654405270423
5,53522583788171	3,58236835202114
-8,43183451150830	-5,43446667090548
-8,44502558945082	-4,64060217683696
4,10590663155057	3,82436953329371
13,20468609157810	12,31462557235820
13,39818322616700	11,83382413553060
4,88011003359622	1,52454372789592
12,38712860709990	10,49784910419430
14,76963253758880	11,24939296396880
3,94880036454088	1,27877508871299
-6,69738945122670	-6,80247032156294
13,69830288023380	12,39881757751710
-8,91620356601638	-7,64996093452725
-8,07554690139423	-5,89523072865129
3,83434972018195	1,75291700812241
4,84554400232844	3,59841587365684
11,55508959685720	10,66414304991790
3,97709339696492	3,38237082974083
2,24428322756750	3,78974116988882
-9,19469824119270	-6,66712340401623
12,92405075683600	11,83847998612020
-9,76041190364365	-6,61358792231287
12,40168697837630	11,90246237791050
5,13839569781474	2,26259770589092
3,68136557331598	2,58897360411701
-9,61044238233209	-6,73676005844241
-8,05850303263647	-6,53363372920917
-11,34743420581260	-5,74334141011821
5,05310926912481	3,56515527900557
12,13702843217880	10,31335726768100
12,97693312220950	9,74672122306602
12,02198180427850	10,02789605622230
14,01326095181680	10,98611843382920
4,46235676982902	1,69149181575188
-7,40360768809427	-6,29997053978953
11,05459014045030	11,69625521490350
-10,24587829700430	-5,88287657902861
13,15726019853800	10,57436231859190
3,27121088114368	3,18187727401622
3,62829468853688	3,83552337386093
-8,73433667391823	-6,29772310963372
14,33306561549590	11,23075479187460
11,99185644324260	10,32788494248650
4,36409323153450	1,89915647902153
-7,19052836493873	-6,98849904876832
4,53779960357659	3,78260822560632
-8,60309776674220	-6,88436150879971
-9,13630648519117	-6,25477440093564
-10,14579897684450	-5,62838724622260
12,31953369858340	11,68220199029890
12,42359266017080	12,19283334448750
4,27058962820841	3,27665821036253
14,46285436743070	10,42732066400900
-8,13222869795924	-5,06152754770032
-8,47373752266364	-4,49398258320009
3,77467871563679	2,27211083556467
4,17846847515903	2,03549599305304
11,87850615023700	11,96170696945070
3,49752147886887	0,59752824603379
12,72224572288560	10,19149006238620
5,31385328997631	0,49043582767797
2,38635285878579	1,88020332865436
-8,78825108291445	-3,82222288985503
-7,70415810946703	-6,40775611754964
2,80694057874620	1,72486026879160
4,27852447270274	4,03796381536185
3,64113256201285	1,66577515061909
-7,73374361887571	-5,19026835190867
3,39552909685089	1,09493449883707
11,45518083545290	10,98418249524490
4,49849715837586	2,47067411209601
-9,03951905623950	-6,62571423987720
13,65603933253340	10,91858062922530
-9,38857328683003	-6,01553882945338
-7,39401473170518	-6,15192985519488
12,57801794506030	10,69054950228020
-10,51593334653940	-5,10938339238385
13,08952912766810	11,88476380428920
4,90604181273202	2,16227837827808
12,39384101539950	9,20203801116169
4,65065648454458	2,45359642637414
-8,66842009088016	-6,78020064977852
-10,73236824732670	-7,58466203372806
-8,33145247500633	-6,02938216082722
-8,21885761143363	-7,02807724628240
-6,22708710158891	-7,71745699617125
4,72325088922479	1,48947889198954
14,59333869770980	11,25842738196930
-7,97798305422657	-3,96065082171731
13,04454697169740	10,57113750662100
12,35437505111030	11,66610450536180
-9,99620792153985	-5,20423453214820
13,11874383687820	11,04381594675690
-8,45282741027566	-5,09415492895901
14,13087479274910	11,15517981916000
4,21903058780412	2,74038314593640
-8,98699851714874	-6,60695838940473
4,29319218613134	2,57812454774316
12,39166744221740	10,27515017409660
-7,20993350901270	-7,78790956439589
-9,04615271717678	-7,12831798753139
3,32873726597396	3,42623381028822
12,35732674150220	9,97032709387679
13,46718169682400	12,11404013141290
3,84682019543707	1,97301791659310
12,19428959777810	11,23329051846910
-7,43809061968677	-5,02768071760425
13,11568000674250	11,96424860499440
-8,65900519697977	-6,39704804684840
14,04625829454950	9,99077748085808
15,65750448402370	8,78564851935309
13,23933046383570	10,76427963436730
12,28933218499200	9,36504066643261
5,23486430321090	2,66821733447523
3,45324813770307	4,45176571679441
-9,82262941406091	-6,07841572323090
11,86372494541000	11,99129311672510
12,67141005084720	11,20698535309310
14,31139862675320	11,34489138055950
14,23880165202150	9,62539027178370
4,44918986110663	3,07295214409282
11,87403694017350	10,13223093150740
6,09010721062546	2,95507779569499
4,20120042567910	1,33054382272931
-8,79652574302621	-7,17307608786430
14,59926852194960	12,22993392946210
11,90414741166630	7,84326065416324
11,12860336246410	9,79294968224230
13,84116294857170	11,15172578220940
13,01130047356080	10,38848059385160
11,74192200737560	11,36028370563240
11,02802250265830	9,23071049613687
3,48659197914455	0,56778771132855
13,46058883170750	9,61209186597444
-9,82883912116803	-7,00792531733976
4,74834903428954	2,12382110696279
-9,27046549607039	-6,54669276369837
-8,26809198520592	-7,50465244936526
13,05991372872150	9,49999468688496
3,88979248748152	2,10143169483704
4,49496264855809	2,69557480817030
3,66726023639102	3,22444956979530
-8,41444557920043	-7,44240359437146
5,59503626822711	3,30483815289980
4,26640294937356	3,92361233298995
2,82626706301358	3,81735789792991
14,27662683010420	11,18554046676820
5,70782836720602	1,95791126124914
2,72635213531989	2,12712988203140
5,88639417597755	3,18616391127619
-8,77034934039816	-5,26371473620529
-8,51377015316301	-5,60141291092881
12,97471582278790	11,60935619123660
-8,04267544156081	-5,93650893651211
13,23624483164200	8,16162568532916
-8,91895928365126	-6,50424273439081
12,05191954501450	11,28925645797330
12,61957220029420	10,93591893932820
-8,76782357606957	-6,21994569580534
12,14888606796910	10,18480169712570
-10,39391532510650	-5,78323725692369
12,50704646297430	11,15734414824170
12,99512304167280	9,16856018932328
11,90167501100240	11,66603195393170
5,16489907479735	0,85216651761280
12,79573867545810	10,78803359908510
5,69282966787290	3,18221067617204
-9,29513876165396	-7,82541454375116
-9,49509567023772	-6,74735927774838
2,98396445778530	2,11700997838582
13,72638026718940	12,02391401129450
12,99254192845860	10,41112608963230
-8,35798114973484	-5,85882855541373
-9,48829195300730	-5,27944509459512
-8,47700365262627	-6,94907840379930
5,36358513049762	3,13402409137684
-9,68391437971831	-5,20717784383886
-9,18752293556096	-5,51987161683581
12,58444791202120	10,11923494084920
-9,67190251057960	-6,32661132805676
11,85913133089540	10,04085228400160
11,58913493278270	9,68463464605459
3,76602531698643	1,35192868076533
-9,63014817460822	-6,06950397380611
13,39972277082230	10,84310894288840
-10,33152707135240	-5,69088848816770
13,19994624987760	12,59327261508400
11,26134555610370	10,52406785532900
5,62529812419232	2,39798793453213
-8,30306279250126	-6,45468437651580
13,90760724064810	10,98284764167000
12,49902952468240	11,28049551501470
-9,70221366963609	-5,61887900158818
4,01627063483572	1,91973788928670
14,22921465738780	10,81451710925630
4,12132262672676	2,11799675367423
13,13840423415680	9,29517556234621
-9,83883728816046	-5,86842295303283
3,97716757725400	4,03428080840285
12,02639872341730	10,68798695325820
2,68067926771348	3,21525086569217
12,73085641929390	9,96284658327763
3,96352804441908	3,47346216578337
13,71551682856360	10,64074002014710
-7,34639602880513	-5,74920023083681
-7,49765591922798	-5,52654268519979
12,57040581185220	10,24942401033790
11,31608944051100	11,91901085848220
12,38711861273050	10,34298925971490
4,64225140556846	2,99058723997252
5,74294107243245	5,02544478538178
2,49199917897708	4,48400399371819
5,26844173235374	2,34212569741127
-8,45007519335449	-5,60620664617872
-8,80874388668058	-7,40781095348959
13,77830634367990	10,99269007453270
3,29904217252898	3,31126714959489
-8,24576327585198	-7,29459741347565
-10,14528858334420	-6,52332366224045
-10,21427165117470	-6,46337513838490
12,97653730112590	9,97747092787884
4,63218167340625	4,07005340358802
12,70666393284570	10,15931881491660
-9,30930560196816	-8,37650479225686
3,73367177943837	2,20516834622606
-9,84853755969006	-5,45035383442136
-7,61412705757304	-7,02378227120170
13,36326665462660	9,32758522157594
-7,44787647843577	-6,84480605941646
-8,77143649711661	-6,07908034121429
12,19120431491400	11,13167499502660
4,15450835252558	4,08461956680863
5,01572471487457	2,44190143367191
-8,59358678892991	-6,63397252433602
11,80942267749120	12,14322315283490
11,73671938518100	10,20208814338810
5,30381257847836	2,80505764653650
12,62618847732100	11,19116033800030
-7,54155580415105	-4,97001789594092
12,13723327946890	8,74751748722816
3,56664485751153	2,57072328698161
4,02611557166123	1,79493281269302
3,60192629787063	3,74866508186266
12,91353394750140	9,70630945141314
12,13245793657660	12,28426731352090
-9,15649834271691	-4,94104458323088
13,79218255405830	11,53386909143950
-9,36960493648287	-7,23748782627045
2,54055957465416	1,04744335765768
-9,13693344806174	-7,95099008758026
14,42048519306170	10,89101524438640
-9,22471287135060	-5,34031316148226
5,36403837100969	3,12171738859792
13,94226299301170	10,32618599260070
12,73285993899030	8,98655053637893
-9,57805612129987	-8,43110091850789
13,77279255177250	11,86731476914150
5,75118652999400	3,31553938895911
-10,29609522213720	-5,79665692197294
-7,83653959708914	-7,56148267121579
5,18268709734049	4,57293685612565
13,61005900934240	10,10553705945100
14,18836758125650	10,83036014841150
11,53877123578270	9,64355513896922
12,34776987215670	8,15713574151649
-8,20490180877171	-6,67961365655158
13,42746165029140	10,69858507771470
13,24309358074300	10,08873614256380
4,00038552591653	3,05972509951021
-9,76115823432071	-6,89321712645901
-8,46888465135384	-4,20533664492202
12,98786711238500	11,40775924539170
-7,75973948966670	-6,13788270219385
3,58296380640712	3,35108641746939
-7,41664719455037	-6,78624364903210
2,72900873326487	2,90605238291905
-8,03181177796211	-5,02082020466519
12,79622147739200	11,45341781774160
-9,51279710757204	-6,08855437411359
12,73847892714960	10,81261289364650
3,80974550689635	3,65576875968651
12,83198387856610	10,47205114034980
4,12959351547734	0,51627848099194
5,47714728718970	3,60275143533530
6,63683937412056	5,34386046530165
-9,07116247738105	-4,47001617554981
11,34460443565520	10,25756940548790
10,58012934070920	12,24612894918650
3,65396958069899	2,61908934923466
4,41700631108706	4,59656069926353
-8,69568569539210	-6,51451680535526
13,26004091466020	8,41964259749659
11,75177305638560	10,95861260947970
2,36266550291438	3,84232275988968
-9,80807472741504	-6,07857456408483
6,10068666306760	2,07622524696494
3,59232612334999	3,52707075270527
5,28154011233929	2,56604513512010
5,13026887834780	-1,11826331527431
12,58651000194950	12,00490725042940
5,21721789675644	4,20624145325129
3,50004677786646	3,90010350722345
4,31968908271892	3,69061783000971
3,31020773044759	2,85765795794041
12,76609301924260	10,18312301990490
3,42051507318691	2,31172980025390
12,04108542906300	10,18588940379450
-10,10161100503310	-4,87733576016410
3,91147162562382	2,11903847647122
4,31104052476653	3,49667857217843
3,74363444817855	4,67625965427295
4,85199915975462	4,06302076006205
4,36541714802477	3,61881583190895
12,93839817372330	11,07107191462330
3,33124824657282	-0,12351387141402
-8,60275542140519	-5,09000146882524
-8,73764628084908	-6,08613600945228
-10,08151237527040	-6,23663029179962
13,83117377090470	12,40438189691020
12,92252227541770	13,51187116430340
4,15962365025143	2,51000258597821
13,34129962313380	9,93503770695988
-10,38207092957060	-5,63110339644768
3,46087135908427	1,62977828323237
5,13016375243797	1,47620393531332
13,49241826104700	10,33038411269670
-8,27184534630527	-7,12232763193168
-10,28978818660380	-5,77726818159612
4,61846988837392	3,73736374704675
3,22537869534837	2,03314995298444
-8,32640995190487	-5,21433118514772
-7,45756394011304	-6,79953801120049
14,43820434971130	9,65615033537897
13,76330600772520	12,30244642530080
14,28883742518970	9,28543158154502
12,65005135782020	10,83362238467040
4,60209053242942	3,47764562633655
4,24033451566663	2,45162736065024
12,86887910127870	11,38879463765670
3,80146132489694	4,35081624683272
4,04200893846256	3,47602854561944
4,35352531873302	5,21088404968615
-7,29908928958949	-5,24483057260229
-8,83256117528764	-6,65815859669940
13,38958385406280	9,50406004327327
5,83240855652997	4,15549423827416
3,29826620540758	2,30466064006476
12,34542510510200	10,63021766109010
14,58249790042620	12,67976543925230
3,13515853874371	2,71174675246822
12,63765689587100	10,17042085904260
-9,62303651746425	-5,77722986660117
3,98775275804801	3,92572990119529
13,63878380796900	10,21927577051440
-9,34983174563116	-3,91100317383656
-7,62544283031895	-5,36869965672348
-7,34738768459430	-5,62232365866813
-8,72975142277574	-5,48396436839682
-8,57859912433067	-6,45938676022798
5,09616043482823	1,90001995006353
4,19011890523221	2,30014833541736
12,05865321485670	9,96979250593415
4,48045298252778	3,01376270167849
13,28010021904160	9,32458929417512
13,47240974248290	11,04423644489030
-7,95744480274607	-7,42363567211069
-9,43551405328076	-5,70553188187163
3,96898796167294	2,44615469496044
3,89241937526318	2,43259359361316
4,46063927494043	1,52097958940704
3,84770109212508	2,29565053950625
-9,85161675864506	-5,54716741121612
4,59492324003626	3,84099597983973
-9,80967045510738	-7,14593116287547
-10,40985397875530	-4,33453739404840
5,74749090833101	2,40828488935001
-10,05740927285410	-6,58477748961191
4,27662863425635	2,99394727179004
12,77043387171060	11,55666069723030
4,42676840183817	3,05762103210630
-9,58319032163594	-4,83798903034001
12,63532175158300	10,70386698636020
-10,68116973828520	-5,81457485105080
3,16588056376856	2,76413648795330
-10,07300850064100	-6,57714891199046
3,95190830327649	2,78183954739922
4,86511481074365	3,40800885682666
12,34769895357910	10,08123107514990
12,40103263744650	10,27020132106460
2,86468232644869	1,98652813979672
4,12509273817955	3,17509015752488
12,42381647762680	10,42952366185220
12,86050914613910	11,79717817712270
5,52919456569246	3,18724600611544
3,28045603069131	2,24563158046227
14,28763154230380	10,89303905942130
4,32901713153553	2,79485167739611
4,05700600893244	2,21434637958400
10,68401740303180	10,98674909424470
13,45362816676260	11,71225816619710
12,98534987365920	11,97248742218660
-8,92304879154672	-5,54858961036647
13,37599159953640	11,16643517508840
-8,31740997915912	-7,31652913846569
13,86169705898180	10,05195760370170
12,18824069709450	9,57793049888417
-7,76449872688216	-7,08925150449326
11,97627939583570	10,36524600704240
5,48919953411932	2,78101490241392
-8,26445371943793	-6,37957579890491
13,54481989290220	9,12723933696208
-7,66904132142579	-8,65865989215521
-8,43671833112836	-6,60322961811845
-8,78253704623455	-5,46463323270758
12,66443506700000	10,81980742293500
11,80579810517190	12,95368907391810
13,11761367083330	11,28832122275250
3,61358426774977	1,79830613363593
-9,48224661048585	-4,86128220197596
5,36991432248782	3,90249957406976
5,22677493825219	3,77121890646345
-10,86813134048760	-6,92279184991518
13,71545386796850	10,96604122410530
14,56119355665020	10,35002041798840
-8,54826045391567	-5,93690312282316
12,38109513884850	10,36582899082820
3,78364715578591	1,53248695771283
-6,44117622767222	-6,19406360463627
2,61029806957505	3,57757823087009
3,08637409320919	1,51852274262101
-7,87343356820143	-6,28713851074097
4,62728912373076	1,47184914091985
12,98734380309040	10,87165719604820
3,65380746181274	1,08313099189490
-8,15821002612186	-7,02895089617449
-10,03645204552690	-5,07453956021855
12,68120862892420	11,10771858750650
-9,18435393228382	-5,10139314757836
-9,04540084203207	-3,84010234486730
13,82692731697640	11,90678071382200
14,24345152029440	11,84879616942800
11,58104804735110	8,52981132362599
13,52769511647320	12,14631998478870
4,16397776324889	2,26144053623310
14,34098132628090	10,87711021292530
5,15252691915989	2,76759778156156
-8,66113118335408	-7,59833984279364
13,40764253044870	9,09659807838784
3,80994280733903	0,95711025622297
3,42419581661181	1,87132733949431
-10,57258287127490	-6,02108006394934
13,63597464345320	9,98239374589802
-8,20361755465515	-6,00351304266945
5,40811504049289	3,13814952423416
4,85481582784279	2,34302746153825
-9,36981391413474	-6,59248994354107
12,93070971263100	10,93765794434020
-8,59767085723761	-6,56525391992547
11,42037948051700	9,84731172155114
-8,19309774040597	-5,75151510765029
11,35977357800840	12,09595153098500
11,65871756940900	9,72938897331760
-7,86259684560682	-5,02284220279850
4,23625516107721	3,12323181176007
14,39729764076870	9,98738471347729
11,21829994598770	9,96438115186252
4,37908556894010	4,49354223435102
-7,90397952334320	-4,56274413139798
3,72341257602690	2,77890632273805
4,58980004776911	3,16196944164877
14,40093899602050	13,40477588778540
12,86591556598230	11,73113326112960
5,13709227688986	1,82769540005166
-8,14681483126578	-5,82351789261470
12,41053464708940	11,21434725745320
14,08109076331200	10,91847361926050
3,84986438671472	2,50590487847761
-8,04038782762521	-7,39023966182031
12,49043547601940	10,19709072349560
3,64254123314628	2,41648983599662
3,70539014932497	2,33796122748258
11,67570357924000	12,02311345800750
11,80136663266650	11,96120853276160
12,55230481311580	10,34684629985090
14,66532811324470	10,14705085460540
13,77078405469300	10,58554811520470
11,85261524348150	9,79365665776857
-9,79666775398090	-4,90204860910210
-10,67859350218440	-5,54397310320735
-8,98787222005150	-6,10662807291433
11,80141209724710	10,75780858041700
13,70946770946160	8,58400216188423
13,58457737671950	9,21086089731572
-9,13768072767448	-8,89976531686721
12,34391969115920	8,00397539050966
-9,42535098896353	-7,58705269640451
13,02683874548610	10,89094271496950
-8,98033136516135	-6,34635036668880
-9,46129936485967	-5,94729476164301
12,86650772509720	10,37987582390570
-10,29328591897150	-5,16583634227303
-10,50709042393850	-4,04682049803028
12,69514640095250	9,45565315658324
-11,72445788629780	-7,17516107727306
13,70857656907800	9,29085934879558
5,02292934283722	4,16524034520992
12,82930340712420	10,87209229263910
3,40144460999561	2,29315280432723
13,87211772762000	10,40984204772760
14,15584598821820	8,34246297014782
11,56766058328200	10,87180020479690
-10,51702091283700	-6,67853607916113
5,04123272962889	3,67393694733890
4,07917089237937	3,89410753875560
-9,29544936613051	-7,04423200039795
2,32035572634289	2,63412610013417
13,76309055044000	10,92668570486010
14,36573005009770	11,20318658918990
3,44198701336450	5,43893298104158
-7,79657131241148	-5,38030706519407
3,02091486930465	2,47511874262189
-8,63458983370411	-6,90845537093818
4,45308347086705	3,27551379572877
-8,52591636290082	-7,23106454335622
3,20134738368839	2,39529981964185
4,94795309506736	2,52187412074011
3,92929192099574	4,19900719565403
12,93838204130580	11,22405942534450
12,82513748700710	10,29243073289570
4,17272565574366	0,71709218040580
4,35662784031872	2,87849351089308
-10,41951748598570	-4,11841454767279
11,12467340084470	10,16058556407430
4,50251171443400	1,42634866317238
-8,94670512888893	-6,71705064021885
12,15813098889310	11,07695533447080
-8,51646684567096	-6,18596464500065
13,58201641435610	8,76127255605855
4,09548083826439	1,51448693323229
5,52004246133415	4,05606798258727
3,96548244646577	3,83525478932494
-9,36496303445923	-5,82546164669671
-9,05562820638095	-6,21719621697220
11,52792051630470	10,09963657909530
14,11100760199240	11,47770807794480
-8,58768346681662	-7,02623338619352
14,93680725345880	11,72546013355710
-8,36915390931037	-7,25715471609257
4,05747444523740	2,47996798957287
11,70945211034190	11,79774369575860
4,59194104199784	3,43694409198248
4,02207971743467	3,33155975283600
3,61808646894602	4,42262240028999
-9,45363198696335	-6,21172626582656
-10,62804213312080	-7,78308910442081
-10,29916035565610	-6,95474086974116
4,74340112331643	0,87376469997523
4,79291196934503	3,78766313351315
-6,87727449527948	-4,11885415003792
3,75483196200774	4,24137342557626
-10,94007542559500	-5,58267501833048
13,78597736842390	12,66237057293230
3,41993467135349	3,27805017445010
5,07259155602875	2,24136324302985
12,95606739567200	9,54961695235818
4,45741769207624	3,21242346599038
4,33685088346358	1,99866121618342
12,03658601737920	11,34805536270020
14,90123392981760	12,02367554835490
4,42011290939404	4,71776420399880
3,97961773983323	2,02991669107842
3,92674811155970	3,32329752106024
2,51418431956571	2,85092100089462
13,16669507874720	10,07433969153620
3,82691562873919	2,50290640350007
-8,60341495702413	-7,24248798076565
-9,30056010945670	-5,42282767840341
13,76946091711010	11,02694403894760
4,20735720624924	3,05385360939203
-8,92953582310636	-8,24054512817729
-8,85101700970619	-6,17111977119731
4,09575119170821	3,77637088183568
13,04319620502500	10,09300002394540
10,35504651542640	8,64751556771861
13,76826454514680	9,96580138665308
5,34701925359092	2,02873152193178
12,58615220945140	10,53265793802120
-8,87002157569571	-7,54864608290404
-8,35119254603620	-5,09052233939893
13,14660999687250	9,88257499944261
4,31976522149376	1,38767137569796
12,95396949501550	10,73046310014490
5,62048831484401	4,57067756420147
2,67444194891803	1,66205512303272
-9,11792936859652	-4,46166732863666
-9,90023430503985	-7,62913309258304
13,45977258280820	11,82350505063030
-9,54913922964384	-8,24636282391378
2,15593547744474	2,07360944302061
13,56772810136210	9,45752259754508
-9,63540408382312	-8,41121800279262
13,92339204805320	12,56690558068990
5,63118437699160	1,99934854173992
-7,67719198180164	-6,12365131900646
4,13518792335302	2,47745602138974
2,57966232270979	3,69931613993920
12,26877592578900	11,21654272196790
6,06860587424799	2,56710483069456
13,02543268732700	10,19044306232390
-9,80045147050238	-5,57274967210596
11,84823479444750	11,12915718430670
12,93433705380080	10,44472456366200
12,24786447987350	9,97119078379712
13,07147976603050	9,40682848065673
-8,94421429921917	-6,25482188361855
10,14322499208090	11,74604610011180
-10,50407957454200	-5,22415977268455
13,83900505838450	9,42340468127483
13,13584976439920	9,59706392936553
13,55076336029440	10,85016234661240
11,71061117851270	11,14106801458040
3,38919374082841	1,05638387946479
2,58685207758304	1,18146815546307
4,12355678941928	2,58269637274197
4,27634114560721	2,38596347099266
3,38374078735062	0,36666092480866
-10,70872842248930	-5,59986400932142
-9,43913290044586	-7,72935285839846
4,13652555265096	0,89470583105859
4,28945831301818	3,22267130079999
-9,09803745043982	-4,33143141163635
-10,05937453171410	-5,42070478965025
-10,25301586852800	-6,76141094528810
-9,94529283406228	-7,55458580050641
11,96311950796440	9,22078944107494
12,52213659323850	10,26358456187640
12,74063431144550	10,47110147372630
3,42547150387011	1,94084718745723
12,42546826417090	12,34827852307770
5,17642375885062	1,59435273900952
4,56032588750910	2,03557845698123
-9,95584856182663	-8,30261756730907
11,51406046803850	10,67440509597760
14,33634387115630	11,50780035391780
-8,40737709277138	-6,99903891291999
-8,64449402610151	-6,07583629500487
4,28931168038309	2,15419348232374
12,85029384131700	12,06865627929720
13,72741056430870	11,31268295260510
5,42991685169526	3,68475521832438
-6,96554768517948	-7,48822307096517
-8,88228329534790	-6,18267384272877
13,92752556816170	10,74240213414870
-8,15341337393996	-5,22373793055675
-7,53148438189995	-5,74857769127051
14,30064486869890	10,81404268918320
13,60213158327830	10,48501524061930
11,27540695433770	9,32579801411111
13,52197996434750	10,01448298887170
12,73073639876690	10,97327836661500
-8,40007148256401	-5,34748943163008
12,06568873961650	10,50913847625820
-8,12742713382014	-5,55708594371746
-9,03193874653181	-5,46191253510198
4,59301678423619	2,51188124751301
2,60052613188344	2,20162213952553
4,69590269708529	4,36223565460353
-8,64911551801396	-7,13297938971770
3,82988635717825	2,02539021987555
12,29544006582740	11,41914976290350
3,21637633275693	3,22534952991890
-8,14209924423592	-7,24311875684279
-8,91832648030887	-6,28449059142366
4,19992102875930	3,30379652304984
-9,79063174496480	-8,08064417368214
11,66479945773360	10,44933524975920
14,68059325246070	9,16730738066372
2,90521356501232	3,31230530924875
12,77938040208840	10,02971334099680
11,25094505577810	10,03088184468500
-8,65521082467861	-5,21656518821017
13,67733539802750	10,49171807295620
12,69355241647030	10,54944069375950
6,12918043009028	2,45165716802155
4,80507255399924	2,23921076875148
-7,61481330122460	-4,52641261536742
3,68852935220415	4,18036358853743
4,88990616984294	2,48490817427344
4,39514251334005	1,98229198865467
-8,44845217159078	-7,81883814423787
-8,59687370102169	-6,62191124101921
13,17300442111070	11,40032434050320
6,55308278053816	3,61744201818852
3,31906821238036	1,68480951023679
-9,12552467264502	-6,85657583552502
5,66705577813720	3,42825793491193
12,04307257200060	10,42539559811200
12,10379536591590	11,06662433712730
4,68086908061791	3,57643675272361
-7,26693198869523	-7,64175371800131
4,50195139693639	4,31781896568412
-10,17748002867570	-7,57057691047506
11,20760016596910	11,74967853161970
-9,47971118405946	-6,53880241656576
-9,64619510417361	-5,56084425329242
4,29913793520084	3,65320906759037
13,05828400551270	11,06996836582210
-8,63702597460941	-4,15074535906741
2,80644193597091	2,51206737131680
11,92845540025220	11,32412140318680
13,64778316676830	10,27448425387460
5,79716809750978	3,11421497809498
-7,83278043804701	-6,83283968901206
4,06129061879275	3,60186740067956
5,00744975927004	4,16610741586172
-9,14525274948999	-7,54754396037845
-9,51091420728197	-6,55769349604555
13,42608724463050	10,33338121919630
3,02623643929697	3,86076863709187
3,97130115390704	1,48641783789910
14,09598686838700	10,40810848844370
5,48999380314904	3,19322985667115
-8,85347659924694	-7,14515856211651
13,74972867213700	11,08793302065030
15,28579527219970	10,38049527858690
-8,93662470364082	-6,40399646897536
-8,17207438127310	-7,07040281186859
5,59822439819175	3,94944154238392
-8,32811788538378	-5,71508572057157
4,21624920632259	2,91552639977005
4,50106240224740	3,62905785864263
-7,47992359625666	-6,62019714224462
13,98525948856410	10,29027394895780
4,28411381833630	2,51234006999514
4,23439042124429	3,54127365786949
12,31058507356280	11,30134155847630
3,86247527624741	4,97353395513612
4,16688197107601	3,75387820163523
-10,75746658328620	-7,35535924780846
4,07540715337310	3,98206468084472
13,64844272300810	10,08643019066310
4,37763856887375	0,91350645116696
13,42696728410670	9,94629253801683
4,75266220317002	1,73472007575467
14,77191506685840	11,30193903971470
3,77986348252565	1,74346634571460
-8,04007506283738	-5,70520047567078
5,55790133861058	1,30697487144565
-6,28674827195890	-5,76917200884098
14,26457023098650	10,44501362944020
-9,80596553127315	-4,81270069057215
3,98235866355522	2,49897344503103
-6,89534281027499	-6,91862311985081
13,10210724280930	12,57091607645690
11,95495740414320	11,86511993740520
14,02922238074480	9,68211785975599
13,39312924237220	10,08636859949080
11,76968680693730	11,66333520562340
4,55661405075136	4,06668764959724
4,90017396074786	2,89812842168488
3,78779368505986	3,05856361656251
2,42204474670895	2,17744951627990
-9,09191729666498	-4,86019378083041
12,52726996691880	11,09672045216550
13,75358048180920	10,71765011222090
-8,36581066170466	-5,31203495423503
3,68378725212772	2,43164777043632
-10,21469758155870	-5,83763509048710
13,88856217407230	10,52146015208590
2,17025718060901	3,65382968962671
5,77648175159724	6,22669967597962
4,31906336167442	4,38312948336779
12,74757709626980	10,73141376224930
3,41922190489387	3,27789232870206
13,78892589414120	10,25247097925110
6,53391360916439	2,99597038905428
12,14552149408460	9,58541136708876
-8,91820430255664	-7,50946124168792
12,18278389153400	11,16345721076190
-8,20269876173750	-8,23433575675124
-8,34708156340008	-6,66113758165553
5,22738709159029	2,28468355280924
-8,99164991412152	-8,47024735113920
-9,15400064656001	-5,69287768131701
12,88668952935440	10,07975327484910
-9,36494661900873	-5,32407293879387
-9,80922830434497	-6,48861372306072
5,25588883045376	1,32195004762727
-9,42146866519785	-7,11012072338002
13,73862015821830	10,59835388231430
-8,53095655262247	-4,74125361290879
-7,68548626936739	-8,71974106523769
-7,92929461700344	-4,50736285868257
-8,24778489085913	-6,89981570069750
5,55604812438432	3,76837917230046
12,52894220804260	9,57719221988839
13,02995621923990	10,50123847986190
12,34017651072460	11,41581833796450
5,86617429229115	3,75119402738978
12,98150237460600	10,98820288105270
-8,05668004893735	-5,60657905642325
5,86114909902656	2,47986071268794
12,73383667044000	10,51184985022410
4,64980347539925	3,10436358722761
12,14005466864610	11,62871677173480
-8,45536495436086	-5,63787765904864
4,65591432072900	2,67793073238942
11,38867834207750	9,29587613033868
-8,31741261580117	-6,93984358572810
13,31253264688490	9,06083881715423
-7,90494612800754	-4,85379903589925
5,23082306427412	4,40009320091076
-8,84532991500854	-7,52627050320161
4,56131192883868	3,17796844065507
1,62453100107614	1,15944579748469
3,71059438889614	3,39623161818990
-8,45944086104621	-5,10488069928995
3,25381473171892	3,00959897401497
14,53515115694750	11,38356448373540
3,63206532660413	1,81708660507322
-8,28091899911600	-4,72155611982493
10,73626068747670	10,95593389328880
12,35096779523760	10,62529649124550
-9,38309052546437	-7,64318955680989
13,76541093717740	9,47521603280178
-8,82832157486215	-6,12091395480003
-9,17808094748077	-6,54246989026784
13,59893568581780	11,04750105610250
-7,37562092689635	-5,84149069666510
4,51831649830061	2,32357735255902
2,28833807647145	1,31029968038893
13,23349431834260	7,44191018445635
-9,55808174933179	-6,51689353604998
-9,68642124599599	-5,23489447783685
4,57217764457393	2,75800104541382
5,07775309181899	3,12035769979228
12,79456253760010	11,48730619096070
2,63350399058144	3,36178657579643
-8,69996748135871	-7,36160753464044
-8,97436754376354	-5,77422859007042
-8,72395822543554	-5,94584868900669
2,77485346560994	1,79483325886840
14,65456450635400	10,74020918584510
3,58232945901097	3,75000208104215
-8,60420311533919	-6,51552159646287
12,16049795219420	12,06952191488310
13,50153672156210	9,49759726585135
-9,52602788057631	-6,27159009773593
13,90599329745870	11,91233513098490
3,89149015801822	3,25702964981598
-9,54086561427234	-4,36587124904134
3,54431542389519	3,97309674276382
12,86307849955950	12,00018458762730
-7,04810575099647	-4,51527326656958
12,29028776763090	9,44849763387123
3,42848755414438	-0,15283859701274
-11,00978835477550	-8,37297008549655
2,81016116938368	3,45857209683410
5,87921722608065	4,01768146153512
-7,59687655868770	-5,47744586345349
-8,32035287363105	-5,69721978963425
3,70962531135946	1,81285021237668
13,43002290276090	9,29746729818542
4,44993029892255	3,52605455539841
14,22793285072200	10,76453606875830
2,88876774255541	2,85382786295940
3,76452873911726	3,05099033915058
-7,84930917879889	-5,59323936839058
-9,36654247166361	-5,77927510507011
-7,25129354209764	-5,49485409143587
12,44261595464090	9,88567388958851
5,54176059927029	3,48488569764482
11,20110298311340	10,61872677963230
5,09783920043197	2,04017979418912
13,84436916111680	11,22212787109870
-9,11356087708337	-6,59648044626609
14,12234959024210	11,85140984492650
-9,77804077084016	-6,86436999760386
3,53170094442742	3,89973517816074
13,39146245841780	11,28125181052560
12,22528612420900	9,29784955452010
4,01907126703712	3,78513702732387
2,93801925265343	2,28640136589028
5,52342706907992	1,70975870952822
5,54973583130005	2,77094483172690
12,36466745588190	12,39643928193450
3,86420592385348	3,85409049071737
2,56095883850981	1,60850113035791
13,24927642497190	11,00657788358300
5,34814261478108	1,61456646264990
13,39926571849590	10,85063359720420
12,95479243826590	8,93416959815491
-10,96866405286700	-7,34748266515016
14,05160127912220	10,23537565377400
4,06965391083763	2,20965471611729
-9,17608409748455	-4,70767956830763
-8,72020625142662	-6,81984472916712
11,92662807373470	8,80676607291228
4,87966750871342	1,43375025026377
-6,77907285693517	-5,42955936975800
4,39016720570787	3,69624087461544
11,55378808819010	10,12509488099010
-8,91099573308642	-6,64283626525011
-9,08599249732299	-5,73019989534151
5,14360443418861	2,44983213536530
-7,86743898928315	-5,82303686708661
3,82278114044160	2,33371710952515
4,53306353162582	2,92189462532930
12,63585117788520	9,40303759377690
3,69550724265174	0,39908891219036
12,68252667916810	9,03922976761248
-8,81238405266618	-6,64978025677079
3,71573777607633	3,31822379395086
14,23811870931240	11,97751411725640
13,26911173961440	9,58389257282115
-6,93613938302277	-8,36177891672397
14,65779673792750	11,37916452620420
-9,55469401183952	-6,37575212325261
14,69324583018110	9,52495018458582
2,84245830353883	3,02651369839312
-9,26270677458373	-5,12601874534916
5,39240745916967	3,33490062621050
12,52125324234630	10,63716211936690
10,25638948741550	10,35027415970970
-8,54879989333109	-6,18905350838759
12,75363250315720	10,10139846110290
12,33769669538500	9,74052759282898
13,08538094711400	10,15912006954620
3,84693544796827	4,45482127424674
3,76028476008068	3,60930479794476
5,68347951416159	2,24740864290426
-7,22785170677537	-4,70647182207614
11,37717245870640	10,90275238019940
12,71914445916590	10,79218084113330
3,73977553681534	2,54542997384593
11,45335266861470	11,40113167564470
4,45553528924043	1,30989467501340
12,67880442573050	11,81458265165880
11,37631942081320	11,07965674439290
-9,58987766062864	-5,72993080233768
3,02958757970078	2,79021440966572
14,17635774541700	10,63175615443290
12,67965597599790	12,30571242419180
4,97213892542632	3,02416486085319
12,91270089097510	12,93257799642240
3,27356439304331	1,87028538059296
4,41601515000045	1,09296547519419
-8,35476564837487	-8,03068895071362
5,40954309412010	3,56575086296186
4,27647328653748	4,68591987539559
12,40357163679150	12,16644172355340
-10,87736316627210	-5,39859830660157
-7,87458180644230	-8,28595872818171
-10,34212409028320	-6,16346503114126
13,88863775170230	10,26919580900540
-8,94412834673599	-6,49706523047855
-7,02213327896596	-6,99436080516017
5,86748136373623	2,43656138533657
12,53085225329840	11,86960763202970
3,65445236038329	2,12297793494501
4,07164630994260	3,81023960627246
3,92982798987758	4,49212655671698
11,51730964460400	11,15445401298010
2,78822658156331	2,13498170955215
-10,04660956337100	-6,13938916027300
13,96238477785130	9,78069512020515
4,61157368309574	3,56896515344956
12,78538010506370	11,33971794769780
13,92362001060060	9,79462876646434
10,70098897959890	10,87965630950410
-10,11095480650760	-6,58770688887060
12,16709324903630	10,71707879407110
2,91654787191272	2,57592070550684
12,79574380670260	9,41145981275962
13,25965407702430	10,75285347292050
-9,12782093677438	-5,50291904860193
13,24024683358190	11,23199352883010
-6,72197763570546	-6,15032161097084
-8,39455400875832	-6,02057884820800
14,28406745398040	11,84056352940070
-9,06356630683188	-6,03762360271399
-7,53283201018881	-5,77615917209119
2,67030558381252	1,71703955026059
-6,99436140387135	-7,27261697975817
4,36203362886560	2,66372943251032
13,49711174815900	10,79020495945170
5,50280101075446	0,80242891131287
4,62510972838258	0,53290717221906
11,52626857013990	9,72671857969717
-9,71197698775315	-6,53907418729931
5,49014815079300	3,96548103825409
-7,83137782805011	-5,66287942299212
-11,26997879871900	-5,88383354529901
-8,73285846642150	-5,90784047157753
-7,09856337238321	-3,31578863740280
13,17382395335950	10,16978710405700
11,24133155539200	9,99872445342993
-9,71634972863740	-5,19723201520305
3,27402250967642	1,92979760874169
3,62914427946250	2,28385632212163
-7,61243655333039	-5,88450964081896
-7,88695489045853	-5,06989947252694
4,63556820987361	3,15999749332613
3,37773505527904	4,11195981342447
4,54317191479298	1,62112927579370
11,75404633956850	11,15280084911860
13,15179406190300	9,81709238478230
4,02410698250889	1,85406252290825
-7,78934243076479	-5,94790740681422
4,02406719253818	3,17093900126029
11,92889718898250	12,31923298977480
4,90066901758765	1,68478711124158
3,34976672010169	2,43218409436916
3,54268533587894	7,04467284832965
2,81706424057320	3,84720925880000
-9,08409981184464	-6,55600961444156
4,91969609169577	1,39213218116886
-6,93345683117236	-6,60018355643883
11,17607597615610	9,87519040627552
12,60582799174330	11,48644394628040
-9,61695219990856	-5,70819807924746
-9,58262164294404	-4,25560724392201
3,80989956705728	1,46565583890066
13,56797567137710	10,12808075811210
3,22859974245152	2,11365922186908
14,32562452926170	10,06150509144560
11,87369825848700	10,42123681253480
4,55750976767840	1,35864979653006
-7,82240793513002	-7,34158719003548
-7,95241852472601	-5,55026837651522
-8,53240152401388	-5,83447679946692
-10,19984252234520	-6,56081210919959
12,10327769315820	12,01860757885410
3,75168430809995	2,75266333971435
13,19150454411070	9,50298272136222
-8,90032372884719	-5,52241809054245
12,20265856925360	11,65965096694740
-8,91715133775555	-4,65191805081508
5,41370707101062	1,92214047977237
3,56463292002660	2,95833162066184
4,62153412371841	3,86099644953145
13,98744422559130	10,89995098003890
12,91611774294010	8,95302994722519
12,61164890971470	12,28240271181330
13,73996733996640	10,29828545691110
-7,37415534214254	-6,75550209872960
4,94325692408538	1,53359841371582
3,94342706962632	3,98863709077381
4,82041190846386	0,87667212203782
-6,66959633607862	-6,47650579820214
-9,89404534808396	-6,85182772706671
4,89938704233177	2,61867875437628
-8,63272428309777	-6,22362839096778
5,54193241520572	2,54702101374944
11,57431749855140	11,08227078757560
5,33461158115793	2,03897390771129
-8,37376073622482	-7,75519330515530
-7,07932564987580	-6,39342238087155
3,90104677219403	1,75697360621953
4,59905248081372	2,72475413296762
-7,46835049244866	-5,02875031874996
12,51845038309490	11,34672028755260
4,51606228625236	2,80753382920225
13,95009794384510	10,20273541839790
3,76916860061082	1,41985232600254
-9,44711951945971	-7,32337484372464
6,76168635786479	3,09403241742587
-8,73798690456576	-6,32175707174179
12,74761180589410	11,55904091858690
12,32970456714300	10,31390207992310
12,73148675593660	9,80911091445289
11,80117898164650	9,96894513398891
-7,61567859527703	-5,23906839410810
2,83987435565842	3,61609537254423
12,66292949098150	10,84899585592990
13,18120626675510	11,63993814594890
12,31338028183140	11,55057704528070
12,63411879661770	11,28082619955680
12,52178991634190	10,87531065326700
3,67957336501355	3,35294687708010
3,71539157818432	2,03435731739282
12,08625973367140	11,88902532560540
-8,61664318340080	-6,97213971745020
-8,41632702888587	-6,08276349748469
-9,57843406016253	-7,74193708451640
-8,67369830554794	-8,37576423136069
13,17033918425390	11,13373683694570
12,26490933421930	11,43656052069770
-8,82797779094104	-7,95420877668817
12,88281905742430	11,03819123057020
-7,11996390058333	-7,07131430142680
-9,73320692593123	-6,92644298058228
-10,02677700968110	-6,43011405692908
-7,97669752252695	-6,70582579596135
-8,13784415147795	-7,15456119054110
5,01028163893964	3,27693859820442
4,65777160031525	1,41104294468738
13,65678788264370	9,60566022915605
4,50997561252703	2,50091921216676
5,88234705081708	2,00161258414490
4,98758829589618	2,48645311236448
14,89578664711870	9,60092263423011
2,81519281945797	5,56296952012439
13,42323165008370	10,27584513143550
-9,42366327958642	-8,61714129962010
-8,86211279137182	-6,48100670236527
4,58295969147951	2,11276950367585
5,76590162320637	2,49959304201543
4,22810446069161	0,92719168251073
5,35599046438008	3,14236268821249
3,71056795225650	2,05002856271767
4,00035202111019	2,59381840417612
14,19467999381630	10,41660468594000
12,99606151014700	8,40787949530582
10,89871446999040	11,57844739065030
12,16633271908750	9,95714698849753
4,62358734744190	1,49973992755220
11,07104611088250	10,52219364543710
3,28701102498542	4,35764040607481
-8,67980752806139	-6,28317729406007
3,04115377619702	3,34248979025927
2,69887117129455	2,10559402117021
4,05556357909339	2,62080053756249
-7,31936018489677	-5,95719643072375
4,32603729396827	1,27770997316028
12,92273785393290	9,32472990515454
-10,87976367972550	-4,84220202009932
4,34978740096408	3,22292058211094
2,09599465664610	3,49915843447968
5,06195627060134	2,23507832747412
4,32085672720701	3,98852172794492
-8,98443316770148	-6,25519155274542
-8,55946066577731	-6,41083217455896
13,36395976398480	9,27973722950798
-8,39788797255727	-6,62948262909108
12,45727092120320	12,22329822346040
-7,88253535218261	-8,02128976322011
4,51507955799528	0,52166599129525
14,35076130215820	11,15198319684590
13,09441426886620	9,75626191593115
-10,13157616987690	-6,46280442384829
-9,05705069913002	-6,85441922018085
13,38981065078160	11,48829805914910
12,95004243941860	9,50483616962797
13,47032374454160	11,17346914630570
6,09373618116930	2,76548644984599
4,14644577514133	2,90918316041080
5,41427147718395	1,24777375442694
3,45767286466046	2,30790786771635
2,14907830085061	3,49738171730114
13,59761507751880	10,37721964434740
5,09806113735655	3,18463944559595
-9,87832541028558	-5,25938902247443
12,19492836688380	8,48075893108948
12,37752313232130	10,70393830291830
5,28716605576813	2,53276554196376
12,05664550382530	9,97481152247414
12,77094505185190	12,65770832240660
-7,10308261160030	-7,65132246709686
13,19257432948600	10,66391164720120
-10,01416391044560	-6,62918289853473
12,94764017353290	8,83419480608932
13,10227969056870	11,38158209940720
3,92172071305505	2,63400633833146
-8,73877736523193	-6,20833533696362
4,82321630332289	2,10925800064928
2,85126860513686	3,14020926776300
3,13091010967308	2,81573651501871
4,72043074772056	2,10842093260613
4,00330382164479	3,02403399454308
3,07916464797378	0,73176236425629
-8,55617641151099	-5,91290309435313
2,32715528046459	2,98533745918621
3,28178499088860	2,81500234353443
4,29505476568984	2,99507949988665
14,29594005172760	11,01778512562670
12,50637988070580	9,91600334866969
12,03698515885680	11,53994650579440
4,28701324045745	1,84568320918021
-9,21565498963291	-5,64919733511943
2,85728740563420	3,79493382713507
-8,84411820594295	-6,64454645911748
13,45279188376010	10,62695696417280
12,25353639192900	8,67516282045321
4,67764588917783	4,59999451780799
-7,82500905102517	-7,97977986754227
4,30646149474343	2,50405199994821
13,12588039283130	11,81457829455320
-8,34748110947618	-5,32132279541396
-9,07865236907839	-7,90148607126120
4,11953035874663	2,97391238377049
12,24182063390100	10,42373081233610
2,23941648035423	0,22640910226854
-9,29588694712586	-5,94918541850306
-9,39389443185130	-7,39652720508151
4,28943039863462	2,29007052755431
5,12562856019269	3,41700458660094
-8,31394241510073	-4,09915240848754
4,42084054016824	2,50492652217876
-7,95591437782219	-6,50203140724529
-7,29384813439464	-6,68547398917840
5,32309973447216	2,36880505171015
-8,92770074869588	-4,31908465244315
14,64848152362170	11,51111520756660
-10,77617408055060	-6,51329499071516
3,10463848723620	2,99274829728433
4,86240288071213	1,14685735836567
11,75729809486820	11,72396146791610
15,09421783026440	10,71737526404900
3,44938517023355	3,10182121073846
-9,03497452117101	-6,89345645323089
-10,46817258363270	-5,81657711863045
5,49435075171746	2,13064144086242
11,90151397060550	14,28385163521670
-9,12433506345387	-5,76856849732775
11,93720745227930	12,44781441028060
13,10011685068240	10,68241802282560
13,02547767378250	8,57849997698504
3,29951433420019	2,39283118543464
13,94355068082480	10,56626447946560
13,29484530164450	11,36862940509460
2,92103877175451	2,92194671470235
-8,27341844029561	-5,98621075592059
14,44061339911440	11,54295845998340
11,54598484081330	11,65617805413590
12,64170536388780	11,76548126024250
12,91793449844890	10,50148678268450
5,57869437489797	3,01772231890663
-8,12812391403252	-7,68764666124310
-9,10454723611375	-6,43334291066279
-7,64834922478009	-4,76486903684499
-10,52885470188680	-5,04111339676455
4,97981438399270	2,92428309820344
11,77924551550100	12,45118981149410
13,98384207714750	10,87365124127510
13,19295216453710	10,92995356695880
-8,92564567139762	-4,57634671705163
-9,70701913986676	-5,15404096293754
-9,57114000978137	-6,18886542719200
4,19378851112950	3,07347113517194
13,43364392025350	10,95436008149030
-9,23167711741580	-5,18702557199784
12,87685472485130	9,12351441559788
12,37331074849000	10,39814999253480
5,47027950578074	3,38056266691845
-8,00207577633463	-7,22614621173171
5,94593182305499	1,36890183223344
2,91134706904032	1,28219366002637
-8,23407983694799	-7,60540398719598
3,78683738774911	3,37166596244291
11,90104744169750	12,37323662682700
-9,25895994731802	-6,08513513550848
-7,36150186654620	-5,05979580812095
14,68234455096330	10,54782148086140
2,95195453088613	1,27038469070631
4,74477102436067	1,06863615192590
-8,88528969367502	-4,75539411946577
11,58033390939580	9,89096085213121
-10,57931463589580	-6,21490722434392
14,59925245323840	9,81648012202260
-8,13885298164315	-6,21217120808956
4,03119663287490	4,05626216673913
-8,67535734403241	-6,42126419151286
3,88696318433468	2,93190216333958
-9,51490930763458	-4,33641971540094
3,91219798216578	3,25107953589040
13,57908664899680	10,82866127241050
-8,62987981958843	-4,84928419867767
12,50726791789730	10,86754067430270
4,48031124895023	3,92571806276535
4,66112066359262	3,18165575990768
-9,60033968766262	-5,74289015149269
-7,36942749870227	-6,57252347585953
12,68700123643280	10,97444872117250
3,50592851653308	3,59456231353880
-7,83698832330134	-6,19998232269967
3,97680097676726	1,94196335619379
12,29794852238200	11,54166247193020
-8,70295155264784	-6,43427970219884
5,30774500434139	3,27438404160405
13,04558993688690	11,33258057239320
11,66461226523570	10,55950186332870
13,12149650054530	10,95974045204670
4,01846630479639	2,62048396141170
12,80951270504180	9,39124722012368
-8,48760476627863	-4,75980475525551
13,23930098825080	11,41356250621550
-8,42385890263393	-3,05676865687311
5,18625439589960	3,60856474793255
11,85601059793550	11,05577477458400
15,19721989465390	9,04380754952913
5,99181900789491	2,25192607527270
11,80053578108180	12,14634840629960
-9,25903537707010	-8,20580833119051
12,94627083726770	10,65445663649190
4,81554606596398	1,72666142433719
13,18722116776840	10,22365402130940
11,58774562144450	10,66443050235050
11,88360062673260	9,31031226959519
4,31964795630005	2,70659418475769
-8,33407636885292	-6,89661269139571
-7,14418834427146	-6,71244730563072
13,67168522034120	11,08871854593600
5,13278630790413	4,40813672062980
13,12047409412960	10,16281967403550
4,28781760820050	2,13179688445466
-9,24363182524356	-5,14331350935661
-9,86863975908247	-7,55419635212375
-8,54650056929649	-6,53512452801244
-8,83337470404915	-5,38257613223255
-7,83794238383070	-7,57934537458442
4,68587007374340	3,71341217737918
-7,76324526378018	-5,95095052919658
-7,76468574663594	-6,72127039511746
-9,06841326828824	-6,24814586579086
12,85149663887320	10,09025428429520
12,78011152787620	12,11670374642800
5,06602804584706	3,39116211216908
3,57806016449476	1,51587954055163
2,78252721156612	4,32814836667021
-7,66945773412923	-6,14083795028644
4,93346965716289	3,67584091356546
-9,19560429540163	-8,40867640293977
5,39702850753312	2,83354945192976
-9,54411189936085	-8,55181839703093
5,41808450788352	2,97514494185386
13,69304882030800	10,93744728089430
4,34306842865587	2,40460221476229
-9,19002224711972	-6,48149266982806
13,66330021062380	11,83666124814490
5,01209423126807	4,68885377554365
4,72877823895325	2,74036403296102
13,22168016775290	11,84242269803330
-8,22398953652724	-5,83410087161114
-7,71345263392022	-7,22654781652653
2,93047387650736	1,88973688300723
4,31982387380177	4,26783948802422
12,90644752844200	9,72193921489977
13,91025983864610	12,09517240970200
12,34573729279020	10,67355838861030
13,26700775314670	10,71128036197020
3,03376966519468	3,25585937118715
5,54486107809684	3,55951704767453
11,59164783249060	10,06418221237390
4,05761574531014	2,00289545108032
12,31626093859610	10,61792200724270
-9,33754418753937	-7,28277641363514
12,34243774978650	11,29343510833510
-7,39015574686272	-5,64204255700307
-8,49111669448747	-5,86039683404761
-8,90831787105009	-6,12618719641910
14,28214289585600	12,11478901620240
13,16236644246500	10,21683405384340
11,43501336938950	12,09264697721410
-9,32886569285758	-5,28918817104927
2,10009037851455	3,05715286518804
12,48058459637880	9,31681328727433
2,49239460634794	2,54173844254757
3,55509115961644	3,54667279731643
-8,80302375693674	-8,49848048805160
12,42065485311490	11,25529956452880
5,16673627853658	3,85736001837624
-9,56925793307646	-7,08049762971050
4,00835717139982	2,34138967842377
10,10278480863010	11,56844442249580
4,36404530405159	3,98656805314858
-7,62583152917246	-5,84404078638366
-7,40418800490473	-4,37764554703041
-8,33112733480717	-8,42892445913160
13,84561674164740	10,39144985885430
-10,62679978160960	-6,61453682763649
12,23861183105210	9,88683929024966
3,55817367594818	2,34073747841214
-7,49159549153570	-4,26764587521905
13,57014563695720	11,66821524637840
11,37957032867380	10,83017546467990
-9,52319791630093	-4,90105582823374
14,71556115361860	9,57590439367434
-7,64920701411129	-5,43121355892637
12,31930348425100	9,92207081016850
5,17363401635182	3,92876321779321
4,74667278332697	2,48405336045042
4,05936646744092	4,23633072487655
11,10423940864050	12,43868128372290
14,27455579780560	9,94363320041524
-9,06217427935006	-5,90288003216326
4,45391999314744	3,22422793373734
13,16839287371560	10,20921914653390
5,80445868960112	1,24199562171663
13,65590061385910	11,34819621878440
5,63009628526513	2,37744572383503
-9,00303816460535	-7,54726543106860
13,22722250947230	11,96965140886050
3,18175118476569	3,75920906519025
3,57711788518825	1,07391691081652
3,63319826441065	2,73954590090828
3,39453076793466	5,35887887697371
-9,71919562699891	-8,59456611428806
5,25530181178699	2,57142912161620
-8,95032384499478	-5,38328490035600
13,50802547535270	9,94848778283435
11,14245016857740	10,96599619924770
2,96114201595744	4,07232860488685
13,63353163475670	11,07281798107170
12,47275054476140	9,89576615487816
13,12768959894110	10,95987201287620
-10,11628235995780	-5,00241533776704
4,00020474198207	4,59309386399603
13,68666694551890	11,70216792146440
-9,35290594905676	-7,05586392405086
6,02201393525128	3,29167150083155
-8,69680063282767	-6,14356506224644
13,39219662056700	10,05089663122270
13,22525173425660	11,29436542283740
3,80235146688373	0,30340654394245
12,16671220332140	10,82460654291220
-8,92806278580242	-4,81758195511436
-7,60328110292891	-4,04645980031518
13,41398443622540	8,00122329081684
3,81079654678259	1,32194211120355
5,26626467360944	0,17580054955322
11,03071461220510	11,21653077207850
4,48055322729552	2,16116706613951
13,72032604864750	11,10273826113780
4,82826771142981	2,67818500959230
3,23949280277726	3,11418868990342
6,23278206910670	4,34251542429934
14,23886729045880	9,56614584514247
12,88650505967950	13,50123852153600
13,17747967158690	10,18310348924860
5,16367305793195	1,98678845918049
13,11685195944210	8,98915192331204
-8,41849443840741	-5,95008863426004
3,73740691314596	1,96920781390357
-8,49700800422227	-5,91323960752972
12,09838358843420	9,78425635371973
2,72055689191074	3,81473286984213
11,97004298369520	9,87709788457816
11,65985920311620	11,25008134003350
-8,99265861500167	-5,50025938567838
4,56064510147999	2,82854650445155
-7,81067096242733	-6,13525157542800
13,63229916654950	10,59255761972810
-8,75161523309397	-5,79590843974392
-7,71732615907836	-5,64135923182929
11,31431769561330	9,87442656959107
-8,33498784426130	-6,13751976726474
12,79878863230100	9,55150239726316
4,02575881387869	2,67096953351063
3,92411052603702	2,19706980013867
-8,69419110400958	-6,59278023338608
13,07162446451280	10,31777643801100
-8,44349907627658	-5,97538417978862
-8,10787256647165	-6,61472781209317
-8,16964060001515	-7,01828451599200
-9,15520095720766	-5,41792884091870
-9,63023267854016	-7,71288678698883
6,66642569288464	2,77895760757479
10,64950501210210	9,85526479566535
3,60937966195302	1,50605296011410
5,29343915675051	4,42812840995546
3,10068383474957	1,68131109982418
-9,01951971374485	-7,33628403851408
3,53104176018232	2,59721907298257
4,40911406259617	3,63772712588605
2,26178434028545	4,69740806259556
3,56369640617536	3,59887643229482
-7,65527339143580	-8,54879165511009
14,81058735979460	10,86990713366960
14,11778929968860	10,30356918756490
-10,38104699935660	-4,84762085890645
3,55678094922210	2,95952633356127
4,89698037889943	2,90630418734733
-7,49463689545109	-5,94414460089038
4,27864697413187	2,70435501955854
-9,06394886962028	-4,67153475303726
11,51020411014650	9,13752443520081
12,12145254939160	8,50431441804708
-7,39065703744682	-6,98227542963622
-8,82138721661187	-6,56508498976763
13,35527196972480	10,86978776660610
5,13658628259599	2,38381260585525
5,50766950406838	1,42539570281895
13,29618282672830	10,64600203630170
5,52288772661126	3,11824039088003
-9,47784257789759	-6,80971417145162
3,13623203448096	2,21534160929010
-8,44088085500558	-5,61887227970078
-9,81547865987468	-6,16495223939697
-8,19744465269760	-6,41387193994323
-7,43956754114380	-6,92089431403338
-9,74025157467099	-6,59234029353242
2,59779320110937	3,15778401807400
12,70888004640360	12,47845734342310
3,37269997546548	2,09131656997257
-7,92174809462846	-7,17129154099554
3,36933627920550	1,44323331090205
12,34958115783180	10,45254765210040
5,16974020561894	2,76373460314504
6,58759405853787	4,04026631129328
5,20544606736337	4,39358962637443
-7,66784040260818	-5,95400422419758
-8,80989990197529	-5,71963599553129
-8,43651781754442	-7,52147638437808
13,46116745150970	10,29962672005390
13,36697621380670	11,50271098820820
12,00728007991870	10,49059065448560
3,57938747849562	4,05693372791110
-9,43225363257548	-6,15205340635720
4,71483020124825	1,62623734029160
-8,00729967737379	-7,12035481982660
-9,18134760297533	-6,80162933158871
-8,95463852344608	-6,07577424225624
11,53604699369830	10,76959124882590
4,62074851281018	3,14135303837471
12,37768417772070	11,55833674229170
12,55012200723120	11,20789758846120
4,55289772909929	2,27320351986118
4,52258452853546	2,96936954811008
-8,85927973639304	-7,27660260627116
-11,15123229449220	-5,77604698268472
-8,71312658468283	-5,62818534740189
3,23209021182728	4,02738172199904
-8,99907972262757	-7,28017316664326
13,56348726898410	11,06371020569780
-8,34072738237275	-5,27565620622312
4,84967437211358	-0,42867297562897
13,54492553469620	10,39838354971690
3,06775716258799	2,43834265210751
5,85597549766834	1,73770617737454
-7,87039068974175	-7,10943305577618
-11,03642554254480	-6,31033137094184
12,55878439242500	9,70311107484356
12,55298340860280	11,51879942555660
12,86159418025460	10,16717558092560
13,32406603128960	10,33633728432140
-7,64843418675876	-5,88714239709647
-8,16995589996511	-6,13519946993352
2,72506058175990	2,88918292784747
4,08516602749249	2,48364336029366
12,64083611241990	11,33510406933260
12,68417275359420	10,42232997937250
5,49890435571666	4,10575447861404
12,66011470254760	11,10206730851170
-8,92405185001430	-5,64309754075957
3,46741750021293	1,44140373435986
13,70226900052900	9,81472003986063
-11,10988796710870	-7,96754316134865
4,82493365999351	1,94287248414839
-7,87995100695019	-5,90682707490876
11,18594313327050	11,54000065854150
13,84350129512580	11,04659043647080
-8,90911972176340	-5,49319016964060
-9,74855598005543	-8,01577428448528
13,00217878951480	12,59034871923660
12,62865464736830	10,57633464413040
13,15443649257580	9,17719599528044
-8,51650450880148	-5,68672755080209
12,97710798432910	9,51131105275416
3,10538709378400	3,22117659331118
13,20609915121330	11,67726623952100
-8,18465842454042	-7,79242090216990
3,04136011642285	3,47902298606523
4,88994368997420	2,05540371097581
4,03654955505856	4,09961377433973
-8,12552555314035	-7,12800086957293
3,90017891723328	2,18353080490720
3,86600343610337	1,58530398581649
-10,77659847525150	-8,18903241896545
11,73265907255970	8,38434965636490
11,66418481721170	11,40538169519530
-7,81162193318473	-6,61679768010567
12,28042630126930	9,90848065250116
-10,44882694048790	-4,58151640838722
13,19844121488800	10,06339919211970
13,30564258950670	10,55924188373110
-6,49619811821911	-6,63194223785024
12,37378613159480	10,32681203635400
3,57208857731401	1,21845481351040
5,77407826856395	4,04963575413149
14,14382922753080	10,10876718661000
13,32763651272980	10,20804165548350
11,21348350891550	9,96646563937864
4,35104354354496	3,17557833164589
2,47671200262217	2,42547529753656
4,61254814216238	2,51845894060605
-9,50072297444571	-5,39076652823160
2,97104690852919	1,85935325037816
-8,02314203210491	-5,61992295846418
12,27218760681890	9,85422598952738
3,05471822712700	3,83426259984553
-8,47889394035243	-6,57349052068267
12,56245993975420	10,94442443115370
12,24484717401660	10,76488951613230
3,23654423582536	3,65370580019206
-7,97842135904395	-4,82763766523659
-7,40695611556775	-5,22048049722400
-7,82145722078234	-6,16157127567801
4,46717562460781	3,48357772041422
5,51092284127907	0,50258218981742
-8,22437033132032	-6,90536055214187
12,53128198864010	9,74212653945166
5,69896712313751	3,06796125148587
-9,53966826169786	-7,00711006369398
10,95112659188300	10,42604566438740
13,41083352952680	10,95587635968410
4,35358541289582	1,28197348050294
2,54310235465729	0,84311105475067
3,10340646497382	3,89171570347350
11,42469614355400	9,44084851965872
12,77359322717700	11,93535536010730
-9,57000115880771	-5,06872923197632
-7,43018710329127	-5,98020567419986
5,93803250928541	3,18082685388455
5,18848665960676	3,08443231922392
10,94255007683620	10,22361776289100
2,92169351020019	4,11728207845971
-9,64520599847203	-5,28721108973423
12,49184980670860	10,96511673864820
5,10627907277883	2,85358482199198
4,76340168019857	3,11870995775323
13,53063917884090	11,22332102601260
12,62969713885380	9,79291023655957
-9,34015499150992	-6,34646755614717
-9,75406074318683	-6,46038465665185
-9,65461584623997	-5,95770833872271
4,85081960010683	2,65455989507915
11,69002128398450	10,59745071705480
11,25836514764160	11,61270392060270
-8,73517042301546	-8,28372722550873
5,57157687204440	2,91069493128451
13,48036765609570	10,08832325176070
14,77669135697930	10,09842800260680
-7,70466662494433	-6,16679087893763
11,46742855265700	10,53854222600990
12,25455112620050	10,64695117615060
-8,97824180860053	-7,30750834071960
-9,05549344385898	-6,01200741346404
-7,87854180603076	-6,35720235915537
13,09865537149830	9,22616506156798
12,94067283427080	13,13847084232000
3,76049251526259	3,06330671384861
11,46555604014300	9,14703587712683
3,58731469382042	1,06586230954481
-7,35390239014497	-6,82472943368353
13,16325666024740	10,56095781596550
3,41639422934675	2,23007518483133
-9,13685857142311	-6,63723199876968
13,16371163837300	11,39515047922120
3,98075002037596	1,94146342787939
4,59302044146015	1,25081699881909
-8,92647118703847	-5,53189817106198
11,84237438906000	11,98201498986930
4,44086828979508	1,48032751002860
-8,07540645873597	-6,04946601208113
-8,26195472077474	-6,33220810111815
-10,93420563745530	-5,41616714737568
4,70470217320891	2,71600208976174
3,56431660316819	2,32757076736482
15,00233142225200	11,45363507959870
5,40581658965303	3,28142738657080
-8,46949271060583	-5,69442065557218
-9,51870362390130	-5,77749902048247
5,70405371350051	2,59630463311247
15,16388837949880	10,24036191456390
2,62751127305244	1,87538230623944
15,00033530347200	10,27989127829060
-7,15106087080169	-7,37141818538532
3,92610833014057	2,07533866552515
4,91156989376735	3,41607777690990
3,34909237684006	0,42579566083195
13,44441100797120	9,18208805995705
11,73615854342210	11,72559002855180
13,44756147506990	10,00693465408600
4,82857398103953	3,32325279688037
2,73877158315450	3,65091370331730
12,43776756571560	12,38157771471960
11,14595071885070	11,20208255834000
12,47640861274120	10,35132855343020
-9,03734209056465	-5,18718642600868
-8,07129141554432	-6,78505308362743
11,85069080722560	10,73393529634700
-8,30071104720179	-5,67706012388963
-9,52088160432459	-6,46996379475598
2,78087405207878	3,95022116152937
5,29206414406820	1,13353334949132
-8,84351438826416	-6,08172418759183
13,05449873182150	9,98922915476635
-8,41512661870241	-5,26655892326937
5,00544140517307	1,67906713078450
2,74764267622429	4,46042585016216
-8,62783731159575	-5,88510073122327
10,84471033007720	9,68539888558737
3,18816751620250	3,36539019233533
4,77078607578267	2,25333089548274
-8,97751632640611	-4,76432210262353
4,72420767040674	2,04878404067619
12,04960566376130	11,51863122743030
-7,93682250432140	-4,70016321576570
3,98626719626241	3,18980089123380
-7,40029980417472	-7,29014442293460
-10,09108229003780	-7,28304105277906
5,27721566815440	2,34568714386726
-8,97943901701402	-5,75012522713745
5,17259857213899	1,21668516674367
-8,60733133848408	-7,90015229072496
11,78301883024360	10,62612270703780
4,45994983986131	2,80989373684968
14,30828352183080	11,97348358962510
4,17042926937495	2,86380767488781
11,68394216168250	10,86650835488990
-8,53138493670170	-7,26056953136992
3,81142976263031	3,37438667470077
2,91958792579244	3,01286329003713
3,93242120174205	2,57266330676896
13,97672036264280	10,30313803891530
2,75898658084254	4,48130485446078
-9,03292989820744	-6,92474931698272
4,02998878484110	3,01382423917753
4,27284260951887	2,53888546406418
3,75866557002043	3,00019942645096
-7,49529140509417	-4,11233005347116
3,53894355157942	1,79447526233270
14,81810448101650	9,26196362849161
13,62870554413620	10,80753780565050
3,47580086403770	2,39349158334793
-9,28361438297911	-7,09634374138935
12,07068160573140	10,40664115497400
-8,67864951876369	-6,39119577402543
12,54082437330340	9,07671407122490
5,02910943083327	1,36570013361348
-8,66342820510825	-7,07060317468241
12,39429153978550	12,52736878620360
4,20242288904695	2,97309794506743
11,51791388768530	9,17463276749400
12,42410509579070	12,22295364128230
-9,15320527138150	-4,90527329259911
-6,33836401209080	-6,54319873670281
-8,14075216562273	-5,40325257778428
3,19574717822619	1,72179941479318
-7,94668506776957	-6,64667151187488
11,12042067087660	9,49206405660774
14,39160811599650	11,18992367943220
13,75614773825420	10,09256565395820
3,64858406350184	2,21277614407035
-8,62285598081179	-6,07913222040870
5,55716022412380	2,52240798070733
-8,74753161483603	-6,87114429157979
11,80667142422360	13,33397403448000
-8,56207083895881	-7,45712005502875
12,68072088371870	9,97901090458384
11,74364933242160	11,87519911011940
11,92553393297060	9,24364023853610
12,97983326364030	11,04790618529670
-9,64340301950060	-5,07290414770177
4,24869474563957	2,01893231117181
12,16467913791500	9,64008984019515
-8,95036943060785	-5,63399003906118
3,39811281902615	2,65746081923322
-9,34243840176112	-6,82782253457599
14,51550143281310	10,03653635119810
-10,79435674234360	-6,61541319102632
3,53692909993737	4,70755799022889
12,00001196069730	9,29928792116860
3,86377674138148	2,93484324743373
13,27445335775260	11,69452471037490
5,12668811787433	3,54648664854903
-9,01701391360765	-6,85987232660294
11,95255548741280	10,13134580445590
14,48678329461410	11,86992429220070
-10,04304887555880	-6,06614560859252
-8,69752543077460	-6,59918426147274
11,02941145484220	11,33068606201480
3,76396571202277	2,62300954245871
13,46358086713190	11,73898902080490
-9,21709906106421	-6,88621799062379
-8,57669155110774	-5,25466735974629
13,76740649611560	11,42173608473790
13,43068306766320	10,22222938642360
12,66073299434560	10,47051275788320
3,87479640986221	1,34979192797482
11,90016926414380	10,85143224790720
-10,32902362530540	-6,61653195920241
14,66365851082130	11,10230066544530
-7,42699005892814	-7,36433678765648
4,14927809748091	3,52184071172778
4,61789509762427	2,81471319363947
-8,49971129186861	-8,03055372795398
-8,55539185100304	-6,55442133589617
12,88620798371040	11,51312391907640
-7,59347274789747	-7,97258186750611
12,27888601091740	12,00190962731960
12,03037938102600	10,43724087508230
4,12693229298207	3,15608970874466
-8,15619885762362	-7,88210591500391
-7,27064964541427	-5,65547239484134
-8,48265664398438	-6,80389123465235
4,69374200188946	3,12580331657977
-8,15763621635585	-6,67501699742537
-8,43260660226435	-5,12360212741592
-9,22714625108381	-6,17045168015914
12,16750466001860	10,32214212514810
5,20545294324852	2,74788211246164
13,01446858862180	10,45722256905580
11,90045608615930	10,27595549255160
4,31061869867975	3,83464003642815
4,56364260787923	2,66030193439161
-8,20980965533415	-4,77535088947977
-9,09179761243902	-6,92082548859797
-8,01275951678896	-6,84839336519867
-8,35131115581311	-4,87578024937874
-7,26584054325365	-7,48286984596068
-6,45904050919651	-7,24753692715771
13,62088210526410	10,35326660641980
-8,76993511983466	-5,21236998392439
-7,91083714632613	-4,89025338550964
4,32617849866817	2,13624205883877
14,60050232288560	11,18672254462880
5,83393252818126	3,04228804061008
13,23524069999120	11,11233057610020
-7,59036246007615	-6,00154769060099
11,84669511426020	10,86443554019410
4,50395023251365	3,07612882547231
4,39117243795337	0,59373805470903
-8,63757440610815	-6,76695767851164
13,00038692624300	9,52225472005031
12,78738064785160	10,71815204921850
12,00799267340290	10,48534408447300
5,33454482997037	2,66259022685397
12,62507231935820	9,97615335776396
4,34178116057436	2,23065317375280
4,57579398766511	2,03613784230286
-10,48054007246350	-7,07761664925339
-8,47062671986364	-5,96511643972113
-7,56929409640961	-6,14220360804475
12,74995001841590	9,82916449424797
-8,57898817408601	-5,07092453893546
-7,79084869631098	-7,53205551793356
5,29435852404914	2,43084077358484
11,59500239577850	11,04270038031630
-8,69322185462262	-6,39441911259195
13,17463063445580	10,78959060126100
3,90958895098572	2,51863734667160
11,51232719266270	12,21594581653260
2,93174124126182	2,91458266669511
11,28145062283170	7,99301903041461
4,41980854759476	1,91431633274868
12,18594644565330	10,50328918245160
-8,43499905113576	-6,14051405550845
2,83414154557108	1,31459372812822
3,30927413482912	2,76065806720849
-10,44257654076060	-6,32606635698947
12,54084467367370	11,53870574364770
13,20276149726750	9,67403606489065
-8,56880637398137	-5,89637677418648
14,06715149868020	10,12374806574280
6,02108473603536	2,38981963997763
12,80090923759620	10,79834042205930
11,54411368437380	10,90997652201430
2,47929616820115	3,88800589055224
3,92593883459390	1,85793665278224
-6,09781773274363	-6,84980424133759
13,38004052400840	10,42850148412730
13,72982755572870	9,33717535553653
12,04100893684770	10,11764017903130
5,29962496195124	3,12178374634482
4,48505856964836	4,33944627369836
1,45233987778127	3,47161197884847
2,89478479869474	2,79649597765394
-9,58537111505466	-6,28400495090162
-9,00257071575090	-4,38995701469508
12,34108202417470	10,20979462119380
-8,91932594719646	-7,37845757703568
4,97972654875126	0,45364937364458
-7,56752197596131	-5,75135155638829
13,27526994762760	8,57686075667334
12,31177944117780	11,50504600438320
11,82220877421530	10,82379470216750
-8,52795460957192	-4,99367345033854
-8,98330610567714	-5,80952515289521
4,82184663455994	3,30309373459460
-8,62404931502128	-7,09260980489226
14,85798808821290	12,19412884589890
-8,84335767961096	-7,80644413076895
-9,16880581790204	-5,99728258294781
5,82013462622943	1,33243835302496
12,09780802232200	11,38187475584330
4,84474207517031	2,31986568718763
11,30343313493730	10,42790325560670
12,57729444463070	12,52033579331590
12,67955230649060	9,46251227069140
13,37563766053060	12,17108240979240
5,97392152469701	2,13524787132182
13,62216178651310	11,24860687330680
11,15978058040820	12,25780619773770
12,29362658893430	11,19448701520510
-8,29957943092504	-6,22454215974010
-8,07176641687242	-6,52834016543874
2,43181818422834	2,73626664503695
-9,67351513803275	-7,43783526838525
4,50475493754157	0,92852707783086
12,59435268253290	10,14327447198200
-7,82346189486159	-4,98511820884955
-9,73333265779965	-7,89012400065516
3,79066699641387	2,38980292308633
13,37407182147060	10,62972780722420
-7,78505044552117	-7,23577628030069
4,88478225504606	2,68176496330304
5,69418644108916	3,05822339408869
-8,37572180759924	-6,08169518979092
12,58464770032450	10,09884973116410
-8,25774363560966	-3,72851218291957
-6,61113845591344	-7,72490296133013
-7,90613157374409	-6,39087875501106
12,74868628221370	12,92325875147750
-9,14640118808780	-6,39905026859265
-7,74736141821421	-7,60592777976202
13,75016905508520	9,88647585514544
12,48659751022800	11,62703391278710
11,33414663909100	11,07709541335650
2,67327260665364	4,12319596768208
-7,77191312567765	-7,35150181665609
-9,47829985123468	-6,24630433190832
11,37530671953470	11,87775985454190
3,29700242963861	1,82940511072000
13,82594833045570	10,93054218346830
4,15974810488489	2,16307128426392
-9,52177573785138	-7,48017606329473
-10,00622682257420	-6,02091124531351
-10,29060794942560	-6,82563872671550
-9,02542820925336	-5,36961991831274
5,81030461167505	1,43087431327097
-8,63744883576942	-5,81077631484501
4,23983335544969	3,76246369869890
13,16213420185810	11,15305074289710
3,54441197947638	1,99866217399329
-8,12983632000333	-6,95197284101876
4,54208038906225	3,70297822341617
4,93897895076953	1,14313682439373
12,75534401915690	10,80387322546850
5,77308695683709	1,51880764591024
-6,69447284779401	-4,65554324354655
4,90771266109963	1,49252022319396
2,75684126630956	4,12075891950925
11,28514079642640	9,97027165665030
5,30803795937219	2,39825321160666
-9,06951757996765	-6,53219598391264
-8,35494070620091	-5,88498988344583
3,07815561416479	2,79551279016816
13,03798826151540	10,06906969142090
12,43538084321330	12,89815038923050
12,88593947076480	11,81387293935250
4,64137953452423	1,67464115794168
-9,83477402234561	-6,39942651959481
-8,52579554147902	-5,67521919074482
-7,95199310552768	-4,16261426928164
-9,77773601666149	-5,50931525602852
13,82477810412250	12,29279047163830
3,58734688204072	3,53688242414475
4,81768438818673	4,21624488360624
-8,60806330217371	-6,57469225086442
12,59591559713610	10,70687215910090
3,78769754419229	2,17807546312800
13,22793690691120	10,09828428910860
5,71658732447249	4,04370482498687
-9,82915647597034	-6,06560797754527
12,89813245778770	8,94519969179488
-8,02481250834682	-6,85467188379863
12,03479492951250	9,44745672163631
12,88143389964540	10,41625934966730
5,20857459162293	1,40181251287702
11,84867575888540	9,06549080868348
-9,04966567006004	-6,43558579173015
4,31054605999186	2,84916237575148
4,36482919399061	2,70785516413909
-10,42678722317300	-6,73106910413939
4,64056886601294	2,69448378182221
5,74804107361944	3,65134891265856
5,80517685466780	3,84387083723479
4,85590189402967	4,16611143706926
14,46009293052150	10,33523081727370
-8,43251343271132	-7,16930237055382
-8,25415633414831	-6,73146452029804
-9,42450389988735	-7,62841244377432
4,89525828639640	3,30414271769060
-10,20906861940700	-6,96695540477667
-9,64358847084059	-5,66606243056877
3,82609986591449	2,77878342774853
13,03378502781280	10,18842072754620
13,74785431541550	10,46361678095120
3,99585422841118	2,53320823003474
12,57351304456240	10,32513408151360
11,88138358293060	9,83229727241969
11,22881764814670	10,16149094911450
13,45565480096400	9,79271397422276
5,54082843706413	4,02462748721055
4,43241119705384	2,24017403200906
13,48630643873980	11,31193408262630
5,63524751818845	1,21944622558085
11,57855078992660	9,67965996232664
2,65445657611578	2,80602488234059
12,61669469444630	11,74235716798130
12,67491188685080	10,72243697925950
-9,01749335634124	-6,15104324380572
-7,46687529268972	-7,86069218725620
13,73936172945420	11,42182587406350
15,12673208031340	11,39292379777270
-10,33372670970930	-5,46823340202935
13,04462540319500	10,34444432424110
-9,07699909002489	-4,86832161317153
3,51033489691654	1,42468494998428
13,54882215874880	10,53181880590370
5,46096169001654	3,30323428601001
3,72122688725864	0,93781746024051
-7,85499170329588	-6,10733305787036
3,70688016499233	3,64451879397162
-9,72198472965792	-6,15240635795668
11,86249371242020	10,85025108412210
-8,66168239591763	-6,04915019853199
-8,90150724098782	-6,51802253358715
3,28339401905014	4,33701485758135
5,60069664028401	3,83171355252232
-9,03986729766478	-6,36023812611638
5,55242006779500	2,36744484018918
-10,36852953223920	-3,51978480530940
13,18969095809800	9,16084656391007
-8,10156422616155	-5,94739337873824
5,46550865426873	1,80845602238317
4,12360562871529	2,67524549547710
11,88590643050090	12,22648164043140
11,30713806984920	11,87740143395190
13,34711943661230	12,35224747132070
5,37746709896510	3,23785327367953
-9,73228276696987	-5,48307402047284
-7,30170847134210	-5,61645680875134
13,79909350349140	7,63054967374113
-7,14539923544116	-4,44962955331253
-9,62276478894731	-6,22366034103945
-8,96681456682560	-7,70882327072057
-10,01756253122260	-5,96724221044996
3,34536574394970	3,09220140560317
12,61491480691640	11,17005253695750
13,51305830629310	11,77189154294400
-8,44188532279783	-8,36023625668785
11,64283344413280	10,42996067411320
3,92433448017982	3,37149287420455
14,13226397375840	10,53565035534430
-6,68762496916042	-5,26925186912790
3,43976847863343	1,66114701098901
4,52042409455770	2,96184650139029
14,40197831187030	12,24168437637070
14,13525088577680	9,97474651898490
13,75475403906760	9,07179335110447
13,86757268359040	12,88930827172520
3,94274583372999	3,48999650395314
-8,36427174058897	-6,45604175384433
13,44215700482180	10,38639222930270
4,37572176968241	3,50939718594553
14,04626804340990	10,22987110372390
11,44976568417350	11,50509179846580
-7,46208912473482	-6,80267621369180
-7,26294602331621	-5,04574354003773
-8,05948498070841	-6,15733386586629
-8,35823325581454	-8,36447630003084
-8,33769470543852	-6,45205067116333
-8,47418818650831	-8,36914954704876
6,14414856407390	1,62219013149194
12,79330557406330	10,59480232800730
2,91972381458110	3,01782762148389
-8,32884730186094	-5,48853738915909
-9,68333759199969	-6,74085417342914
-8,98666186852849	-5,92452233540040
-7,72696145254968	-4,71539152198837
13,99276368455410	9,27872651374945
4,92713028973150	1,76675683626653
3,11682495270452	4,63722742068232
13,65481897797980	9,87822244635706
4,40798990666528	3,28631093801077
5,25900513888153	2,61641893662439
4,19808898200503	1,34359053723392
3,53919195298258	1,91901603179734
-9,20709971723766	-7,17269998172192
-6,07798232053896	-5,40280646669730
4,51757508156141	1,09162531233845
13,60301054193330	10,98496729901570
12,70098619485550	11,12036618914010
-10,79069166819900	-7,53303358761805
-8,63619965932591	-7,48381756242809
-9,16208990547619	-5,97691738661915
13,98831190168470	10,44978353178840
13,59023129240730	12,62495323415010
5,00065305503312	2,70822842500437
13,57870890610950	9,25176772393395
4,10642306987610	2,31943644552874
-10,19008793198780	-4,67766246877295
3,57092776612477	0,79875062927179
12,01362327349290	11,00991354994210
-8,57458806089608	-7,19119941791486
13,48681516138380	11,06623115826570
4,21110569539475	3,08540665076140
-10,16788640339300	-7,84849711151157
3,92818625619352	3,48466046939187
-8,61120210680085	-7,33326167699297
13,29503588027220	9,32639598942938
13,36096083175390	7,93146916746566
10,60684250324020	12,30334171146320
12,90926306976600	13,21980933942720
3,28841635690690	1,49087900014950
11,20267222962990	11,62138771580090
2,61205058691583	2,48722936935273
12,03829463238830	11,09663850275490
-9,43527119644836	-5,29107469992577
13,12225050044890	11,56479063310530
-8,81939415595506	-6,33664982770458
13,34469769106850	10,67900545604290
13,17018941280160	10,63945081633800
3,10354445889495	2,55508312133147
12,41146753874740	12,42926285173390
-9,66620127454113	-5,76784821436040
4,81504480997159	3,03099138732924
-7,54527320665048	-7,96000129618716
6,68358924147104	1,79516733911914
-8,09298166047798	-6,04819862922771
4,18619198981817	1,27373162509330
13,89487344051750	10,68843800212230
5,14689652988637	2,78928502946748
-10,06585245858100	-5,73193345738182
-9,63646620352971	-6,35317774325666
13,54660773856830	10,72607213643810
-8,76260337895638	-5,97589800715484
4,57909564938332	3,18170731709450
14,72819394300490	10,67588156082930
4,04178854386508	2,42165004582723
14,24003138733870	10,72834939476110
13,00598374840090	10,94711846882800
4,93117046267032	2,70590521244241
5,40679571537959	3,09311104801760
-9,11721371927431	-5,95660548023649
4,68411040815149	0,86842845808453
12,48331199273830	9,84184440877034
-8,77475008604062	-6,11226864669366
12,67384505803110	9,79842098857831
4,49222885562100	3,18081523655925
14,86360364768610	10,88971289542310
3,66427385610421	3,04960801730562
-8,70664161425402	-5,98301976546963
-8,73036405837527	-6,62113606365028
-8,92272793517719	-6,79784750111890
11,93428023740230	9,72993086496792
11,29932111601050	10,68979053803590
-7,00686193979113	-7,71096686574373
10,97646608906160	9,41731364062009
-10,02227851262140	-5,93207465708509
12,33554872941630	10,31779361829650
12,60266453928460	9,31014580964791
-9,21143790356163	-5,45205422363532
13,91177269024990	10,18116561113470
-7,16256631552513	-8,01068220199196
-9,98724831171648	-5,59457084037923
11,44438680022580	11,37272879968530
-8,26532177833628	-5,99603419297400
5,63301899169423	3,30207614163372
12,70839224909910	9,91074735057991
15,27854800400610	11,72480686102800
-10,33539646105690	-4,59744067500472
-9,43780933012804	-6,28715632232962
5,28659239789970	2,58985086750654
11,29182916886180	8,77882429816829
13,25240732801700	9,67886894784683
-9,00512170840728	-4,96092817249371
12,37400296663070	10,62086901422190
5,35562345757490	1,06908814197689
3,39573112642543	3,04908305545905
-10,11747452017680	-6,11087706275622
-7,93189995796058	-5,18753688208650
-8,20276648329788	-8,15551781131190
13,92624131499820	10,38490894513900
4,61080066245458	2,86245298833063
12,28373360917540	12,66800699536150
-7,26698275080250	-7,49863855973117
11,98000469522310	10,92812895634820
13,58354059985130	12,17630931279550
12,26415199515160	11,37902756707690
-10,94064196397780	-7,83882577019972
3,81130055313416	1,69751853953544
13,74737208379470	10,95386013816040
4,23659966791314	1,23465774760753
5,29249016103385	1,13640148356482
5,27802191656406	2,62418901077248
-10,03519277769920	-6,25680120135876
4,56807803259525	3,16044033806813
-8,78146371138386	-4,54765546163665
5,10779790759271	3,38342615333086
2,34966306570766	2,27861274576924
-8,77144742574428	-6,19110864240139
13,89688891174910	10,91401122952360
13,55975078186930	10,15622577755450
13,67374018818350	9,97647560332592
-8,13700123978262	-8,33149321591011
-8,46892627495871	-6,70028455098911
4,11143427956353	2,65497473062493
-6,34721420237058	-6,35209731260247
13,55639406030980	10,89472745870430
4,37399221589824	2,87481392155850
3,17487102197847	2,61603475120101
6,26363747891418	4,43322879276648
4,25069214928864	1,65914260460514
4,95909822868403	3,38204220178485
-8,16546115447137	-6,34358264518953
-9,78927815580254	-6,24808676210160
-10,32099834308370	-7,00468667665998
-8,53603109641462	-5,76794025454811
3,65294912049757	2,54560750099430
-7,07133442020657	-6,65170935524466
4,96860031424670	4,84963344304659
-7,76050687097254	-6,16024750234347
5,13675178305040	2,30792770663975
14,47756135315430	9,57636604874883
-8,66737239282522	-5,50377428808206
15,28134707223510	12,33361067789540
3,90470052763074	2,25557280324485
-8,89931785776479	-7,05367122018002
4,62181060801028	0,34098855934194
-7,29089235695409	-7,36948194763926
-8,88704690159830	-5,89576773410367
11,42487706593490	11,61070065581830
-7,86874170634399	-5,71842257878283
12,41586105133070	10,33877001418820
13,83557604889410	10,61733208332680
4,51762621284582	2,92896418962721
11,90386671178970	11,67178001112790
12,84590757568070	10,63520891540290
4,20719034793244	3,63406462693316
13,20413908842060	9,57467653085229
4,82503983512827	2,86006059475362
5,71687180486386	3,60162058181412
13,77131493736990	10,30851319012190
14,97232524158310	11,05737102820470
3,18584437825277	1,07512546906793
-9,58502577775059	-6,00722780588872
4,74204114386199	3,80550391823593
3,33946581859739	3,05426131257067
3,77489571906987	2,52192407077413
6,89680115564644	2,02591353458527
-8,30220729033799	-8,07133886852864
11,68926032437540	9,58947968143920
3,13817148494076	3,74932401398123
-7,67510926461071	-7,55725859650151
4,45640588559478	2,33752065868994
-8,95723953994467	-7,05180926855256
4,44476988545064	0,66660591805132
-10,65319585213210	-5,87764310319860
13,90407138193770	10,40272910161260
-10,44260597858010	-7,25853241597114
-7,99227349201560	-7,54383824845997
-8,90665937790657	-4,96483119137099
3,33367688168046	0,70670617146739
2,62583554766309	2,70562641691155
-8,07235695410865	-5,27535896939836
3,74960762628193	2,78174392227842
13,11677632304000	10,72182247109320
13,57423852569130	10,63167431262880
14,48821995370490	11,82847938328660
-10,06288647876700	-4,98583378256717
10,95616689651320	11,61214355135180
3,08875504580936	2,84310519376198
4,41741392154520	2,06856773833304
-10,28004591645400	-7,15654618532715
13,30070124301710	10,71028611457710
-8,80582389567481	-6,62018790140773
-7,37726371524577	-8,03768925463722
11,54394417506970	11,18937049802210
-7,93003823543568	-6,89047466207228
11,54060874264990	10,73497209394590
3,21970208238753	1,25903282550639
-7,65919457379904	-6,67017930117658
4,40186455805727	3,56453729331661
3,88627351267562	3,16037196783605
4,10328595610039	3,16669449311906
12,71377746339670	11,81482346414300
-9,51692522158850	-6,35175903539873
13,54732897077120	10,56949097008010
-11,12354089186670	-6,33214667642131
3,44879771334851	2,11426858502280
-7,62441894139527	-7,86581412589125
13,23394960927990	10,64916766727090
3,25928361554370	4,57738212924277
3,82190400091791	3,90166910148310
12,19423939740550	11,39572313449640
13,16701232954660	10,19546157634850
11,68717538029480	11,05244655710230
3,26276699163980	3,47962865407146
5,08234592849516	2,24423537025260
-10,81939520528990	-6,41982660163379
-9,60017311330589	-5,69792086839541
13,25587423407140	11,69043100247540
-9,63995753982364	-7,02108490840450
2,38700555671946	2,65056552066966
-8,10361432995874	-6,27628660330632
4,24507917028220	2,66016209099454
4,02174642038154	3,17164169594762
4,10949527346452	3,94701221105512
5,19399559548429	4,40597236174260
12,10363757253530	9,35773038017372
-8,39829082282004	-6,57449267611571
3,85103985011828	3,50320271240517
5,38571031436646	3,85455851527210
12,84338842576390	8,53715612278668
-9,18751686655676	-6,75295502100587
3,69998631556330	1,31297941340910
3,69599585088210	2,44350136864205
3,83146277598210	2,02906970197379
-8,69005056682094	-6,91562088302703
5,21278171929677	1,80520649973929
10,89051843267830	11,78565264896240
12,61260267266520	9,66171049936363
13,02562907643950	10,47582665451090
-7,84169049324544	-4,93813836085832
5,41431952203157	2,39291353592786
12,45828179105740	11,47274344377920
12,97265642444210	11,30374242414720
-8,98608646310390	-4,43525745137672
12,31912120019480	10,57706832082250
3,55233906213350	3,26283325142690
-9,12810972289198	-7,28365264836249
6,14198294713829	2,82004011204441
2,57449513944295	3,08275185729725
12,61075590575480	9,82177511834502
13,84099492437400	9,30243846240805
-9,21917191998721	-5,60374100371285
-8,97359606412577	-5,95097350979473
-11,50299501529680	-6,19825018934516
-9,11367984101589	-4,93655179020475
3,29518133190499	2,14909578140221
-11,97456437797530	-5,40335179324594
13,78699340189990	8,98233778527230
-9,83826807895492	-6,59121494563375
3,55512298914333	3,12919618586155
-9,35023621008770	-7,32694731340085
-9,21477169692113	-6,05988275561615
4,24458120358410	1,76356933102354
13,24341153661100	11,47222937195850
3,94908116707258	1,59237430365395
5,32416480889271	3,58187254076937
2,50000412145743	3,07787805481111
-9,44433128094083	-7,33489932083913
12,60175304131620	11,81748109280450
3,90321865507879	2,88735228999958
-8,16137977560276	-6,68400557223764
-8,29876739245267	-6,62096946753859
14,69568093154450	12,51812437576980
4,13664731882265	0,37805110918407
-9,24579405612503	-6,44058453696427
4,97405945780163	4,26470358014369
4,64892544548109	4,72173537894922
-10,40210952464450	-4,47993493580607
3,92698620938545	3,26372447504679
-10,34971841215430	-6,91512406303381
-10,39596150336050	-5,02004491625661
6,12247438034158	3,46903100856920
-9,71111518223133	-7,91001357714054
4,52638525437172	2,83895923039682
-6,03269128052494	-4,71871191930240
5,34439907476250	1,55961518367510
11,82423400817420	10,17007579345100
12,03398723635910	9,37568029590657
2,71077825001147	3,85573776902301
5,75661994538403	2,08459110312418
12,61809416106170	9,60389093339166
5,08800908354318	1,43443687315483
4,84776631795739	1,81002653096137
5,29619821082598	3,55112389593476
4,31224207187546	2,61005580333590
14,04995343606260	10,42118510574860
12,54033946425760	10,87929446240010
13,08422700531530	10,84956267890180
16,24208914564600	10,71181999639670
11,79875260547140	11,12980288070960
12,51258216867670	10,97205005315140
5,16382354109389	2,42494932888645
-8,32235648258937	-5,10224284763140
3,13289701212994	3,41624178877518
5,77950298998305	1,46271037574501
12,31900959195010	11,90402863977330
5,05942193026244	2,25820470497638
-7,70754147875064	-6,32051619169396
-11,10445111410460	-6,54794342957113
13,20593135268330	12,86818699424220
13,48134025960580	10,66399474917540
3,95229323807768	3,49501083615190
-11,14117258586650	-7,06379043417850
11,50382903650200	11,63298508407410
-8,71288975913449	-6,34314923066771
3,86927779598284	1,60396856996288
-7,17845868661572	-6,65082651532169
-7,96541373750388	-6,74736151176652
11,08113871628050	10,71951901895940
13,39959063381090	11,94913288142740
3,44334195897081	1,33139758868808
11,67082611531470	8,98587716308668
2,30392700403139	2,11871597716235
-8,60006310618514	-6,98047763453635
2,86240334545848	2,09622215720949
3,26617174915002	2,37285635216737
13,47785665983800	9,57182193141387
13,68847643649970	9,29475405050999
3,85923657936447	3,44046896052451
14,62708793349350	11,00669624242450
4,04998283223296	2,93618074141841
-9,29441755187264	-5,66350145465004
13,01366619218300	10,30764359753840
12,40269181308660	10,65845978558000
-8,60385086198098	-8,19897954229510
4,61206011951175	3,04749869069501
-10,04978342419430	-5,99362502817700
-9,01213841461262	-7,53880830826630
12,95489532399060	9,12732373972333
13,82734681621320	11,36239381987370
-9,96407795745693	-5,52048249606221
-7,49191512275643	-7,57250931749914
4,80937944777516	4,81340587768049
13,79855804983090	10,52415414926290
5,51641349783962	2,34674543751592
-8,08710350899806	-6,11122630170113
12,37128743285410	14,04310563572300
3,00430204587926	4,30428165236608
14,38176732455460	11,02267216083680
14,38659924798400	12,09291860338220
-8,26662919075542	-5,26362824518345
13,12866583730170	10,85760821009150
12,78251900562270	9,93988327718604
-7,72608778433911	-6,11708083652784
12,92349398788140	11,29155563824160
6,17208167864510	2,89098925627779
2,88683214921050	2,76594251626842
11,54774393222930	9,77350045884734
-10,86365505092790	-5,62228568538111
4,56938856423746	2,35960203936326
-9,11112853368869	-5,02472225538857
3,83424527218189	0,59894458776808
12,60399740942910	9,70425320045047
-8,48003945238159	-5,20642255358171
-10,66800472226970	-5,01088153484039
-7,85058495515998	-5,09601296130289
11,34148079835970	11,32497929932240
14,55719940160660	10,81918559079210
-9,61181330828914	-5,19103206223987
11,70094961921760	11,05359005618930
3,14473066264139	4,28719481591139
-8,85255650629670	-5,68464813669338
-6,99703787659751	-5,59045885655260
11,96033339028170	10,88202971120710
-8,74828612883132	-6,56208195849361
14,13469058744350	10,92196071406690
12,50397980729240	10,86803523460310
-10,33265481196030	-6,51304893428370
-8,82069953673822	-8,21057588915959
-10,00049749432440	-6,38188922936370
13,65401392129860	11,43335072026860
-8,77910382655421	-6,39914399247439
5,36125273552222	3,36210180716491
5,69569162610293	3,27458306316121
-7,39498555141765	-5,85955780689141
-7,67559500691499	-6,53478834561943
-6,90371021526560	-4,23295250789886
12,31561124228850	8,98043852845389
-7,96642835350206	-7,57448746072220
13,73104762564650	11,09403455278230
2,71299441547774	3,41207968065062
10,70900470963730	9,06584695935175
3,35564151077289	3,40779282839124
12,83632921336230	9,42513784424531
3,98046724031316	1,69324710388947
5,35911902356531	2,46933266893364
13,33085845528680	11,59601512782180
14,26061366550150	12,09960400510130
3,90861661942758	1,73348783631893
-8,28845604889048	-6,53245175635302
-8,40932703868156	-7,05683879846723
4,47354706094489	1,46290067931834
-9,91187430633012	-4,14999205244460
-7,74966244069229	-5,51079466456328
5,66636469711729	1,94193346071685
-8,14790442472034	-5,71557641384079
3,72437780749858	2,63191012386711
3,46495965402747	1,78361840921774
11,92408874327900	12,92292942808070
-7,64097088463378	-6,29063122022175
-10,10641894919820	-6,63819435745068
4,44931918705060	1,57763224956028
4,37852736916088	2,42670996239461
3,98650129445408	0,82703251230228
13,20134703314550	10,01447908392040
13,13847031531850	10,27677831846380
4,36458247275206	4,13919372329559
12,75960929679770	10,18116775976220
13,62397215471480	9,03196573852071
14,77367551748300	11,35577126068740
12,56452816912990	11,81505443042930
-8,10906337825468	-6,06212548235639
13,19831615966190	12,51612459737770
-8,73125732369406	-6,29219507253153
3,18755178085127	3,07478863183342
4,32894792502553	3,64864367106330
-9,13423672735000	-6,74853906374071
-8,19072143370778	-6,51991930849561
5,19599969614362	3,05107384756463
4,11225957580191	0,78324881116518
4,13173235120499	1,57483187147168
3,94797709562232	0,99108785301942
-7,79952071566217	-4,91105617961883
13,70483424751200	10,58182842941870
13,30973224433670	10,32155484685810
11,43258555075300	11,28135626766450
-7,11479552906180	-7,41587958855914
13,89641214870790	10,12294736970320
11,56699644786230	11,61733986014000
4,67912269080169	1,93261292005264
15,61933056615990	12,34545758062710
13,83407908732690	8,79538435076935
-7,89108273160603	-5,94555912949717
2,34438226639232	3,21257065769913
-9,96541422969380	-5,57880549519335
13,96088337726230	10,95375505911920
-9,31773909001586	-5,90505005844128
4,40084567231867	1,24436854163369
4,14802979498067	3,11120278753993
-10,05677987944990	-7,80297426482632
4,94700256961580	1,71194950722588
4,41793109586863	3,30988469999332
4,04303500587274	3,62942684752737
-9,21974198028322	-6,54096268757882
3,55995334399543	3,41731388412992
2,10334372531427	2,09137306644841
5,17051845578263	2,55667230439049
5,69228162135697	2,18127883060154
2,91412605480556	2,48044703713067
13,17126299271980	11,50086340544100
4,41752576149189	3,06409863416861
4,52622217248422	2,12105837755246
-10,14526626067090	-4,33291037081207
13,87111081031130	11,11074456909600
-8,24546302739133	-4,86242699414779
-8,64017755571921	-5,47255124472206
12,31723617279160	10,74885900318700
-8,42722541999713	-5,27949226780275
-8,80660945410664	-8,00115540066896
13,28670908361910	10,72304997907600
4,68387192633282	2,33765809944364
3,10355179360448	2,57642984165316
-9,38833083095303	-6,08812632667017
2,65162252691942	2,13769303505177
-8,03869702081999	-5,57121493398714
13,78510549675370	11,61982151491110
13,93454773677340	9,44188107920167
-9,11615586971085	-5,82013883838430
6,41349160604487	3,70520721806254
12,66132422489060	11,90219595277210
-8,30420180838524	-5,97150353768833
3,38597181420161	2,89809059761244
13,92011480732570	11,01345458889890
3,86991728836715	3,08128086236637
11,51226941828530	10,71369498311790
4,53097091262806	1,28373078139397
4,17965049798793	1,79743892161300
3,41948183211974	3,31267082041602
11,23585049683780	10,42200536980050
11,69745085944360	11,95706766554610
-7,48120399868866	-7,56565462599490
13,11153275875590	9,82640530842860
13,85483007659910	11,89992929019400
-9,50846932610702	-6,75447547983650
4,61574363154523	1,94592099951524
3,26782246857086	3,83716537044864
-7,90536858695794	-6,38777159910226
13,05047860680300	9,36225635416633
3,78458270937714	3,21925061944017
6,18125223283782	1,27195492351676
-9,45866764417651	-4,49261778330490
2,77463267537878	2,08927015120300
4,21120901131746	3,83447984575583
12,92243821480690	12,59222240128260
-7,21252894284645	-8,05403196870237
4,44698512910412	4,25349077441310
-7,98319000850418	-5,90843599117536
5,21772963585678	3,09853346621235
2,64775871636558	1,56786088583744
11,95100248014310	9,24413298362906
13,07633318509580	9,92781270219934
13,32767423833450	10,98593071662740
-9,75109932412916	-4,33919265887300
5,08420388391247	2,54353519162123
5,20755985744379	2,46120036752296
12,23474097159540	11,81669046109370
13,85651852857310	9,83305479802047
-8,84060042442681	-8,09258628573242
4,74784429034704	3,77535021767325
3,20887926310562	4,38393995015025
13,12066781865160	10,94987757109340
-8,36445643243343	-7,20368091240901
4,27209901315560	0,37985167985005
-8,39937430311086	-7,67290970185047
3,30078577324670	4,46006237970417
4,97972084283651	3,91883634438513
11,84456449004850	9,96657722647901
-10,04992557586550	-6,20074222092408
2,86748793069155	2,59113636355636
4,45421312586114	1,21546822417190
3,12917082900035	3,77290457052376
12,69526577389460	12,06339805090910
12,40399638844320	11,06840324774730
-11,04995024099220	-4,45761878566255
4,46725430981346	4,46805074585189
-7,22607282284729	-5,08028176946269
-7,86151263577930	-6,41372454107887
-8,06122458638932	-6,61293509474276
-8,09228492972819	-6,47353019786024
11,93513564652480	9,87748686666286
6,19531369496808	3,56373276595734
-9,08512893185503	-7,36819097139714
-8,96257573524443	-6,76576213731940
4,39600986430446	3,12291529940204
3,87736345910838	3,72395418242113
13,46768115500430	9,11155056036439
12,43662901203120	9,31385198538145
-9,68899848969043	-6,79434450831069
-7,58584468234272	-8,30966444793926
13,44944903681100	10,76980607264980
11,63623619606730	11,08568645959350
13,31680802277770	10,24045612177710
-8,76808699508343	-6,30829063262924
12,94436020668000	10,57740499442330
5,66185822470834	0,12065953508636
12,41161785818870	10,06555586318110
4,50491983240954	3,30016461633030
-8,18121660260074	-5,77502332996418
12,56543329246440	11,50773989190080
3,57686641394879	4,15030868356560
5,31209560980784	2,72097496509493
-11,09729228287100	-6,33598155214872
12,44752691354660	11,59578103261020
13,09081843298550	9,84532627726877
3,68144000039731	2,24548434839551
3,12955508558683	2,08024764753784
12,08033431095240	10,20441245159410
11,52762742412650	10,94652102721770
13,66162433306750	10,72092090069580
12,69123427296220	10,96293969048490
-8,98643177883155	-6,69867547131260
4,49140179252904	1,62817419391840
5,13720724129956	1,87194491633667
-8,68625264062320	-3,46556013367548
-10,02182432590990	-5,93140792941080
-9,66237275931158	-5,69896968070559
-11,30291574977400	-7,11831752844222
13,84349250805460	9,50369801776344
-9,17303047058013	-7,01527706045839
-10,32314740229300	-7,39330047324177
-8,39358902334338	-6,35666200505039
3,73945703990263	0,96210566554725
12,74412363129750	10,65332589726130
3,31659433912823	1,25956861132162
3,55547705940432	3,81522086536324
12,52884646466090	10,07855761070400
2,57906748577646	4,59753915789299
-7,06311176227973	-6,31202705581321
-10,03706629833740	-5,87539907205400
12,94589904368210	9,17137807856384
12,75151417387630	10,57000391860900
-7,85987919943707	-6,79012515283177
12,47753535795190	11,31891669698240
-7,88824925014281	-6,93872932592794
3,39572554526897	0,54542803195419
3,95236433144878	3,45323424893413
12,62171945828220	10,38665192300210
-7,27329814370111	-4,54799385542619
13,09413449664940	10,10643245130020
-8,25890574554770	-6,20902018757411
-9,15764807255515	-7,36494420656642
13,62662493894410	11,79354389583160
5,44266915943101	2,75048595789695
13,94450769277860	11,78239841304310
14,61290429381720	10,37120171772060
12,32933669697760	11,91231855558250
3,26599048360751	4,61997647131864
4,30823587907025	3,00812822794062
13,28250759046090	11,25402183704240
13,65586387659820	12,47784104448870
12,94877869829840	9,67476912281646
2,64041321661550	3,71762556057036
-8,86958608977263	-6,10988591652185
-7,64281837670207	-7,18318479783933
12,71356544010960	9,78842040308342
-9,53486995564189	-7,06565874131105
-9,49110168110846	-7,35511379798687
-10,88007077372610	-6,46725665180079
11,60120130754420	12,19805306152800
-9,09778590913212	-7,20470113328357
13,96000279636780	10,45200582054160
3,06657785434289	3,49255501648814
4,51437548563230	0,78151190816107
6,07157195608171	3,50932311220616
3,25477551544469	1,75526001999766
-8,64358658819023	-7,79218312565668
3,07690561007035	1,78006478030964
5,06090112243442	2,20123548082223
10,53355730888040	9,69979015460165
11,39997884474100	9,64835071575966
-7,81470568617260	-4,92953248948655
13,74461464037690	12,29296453474430
3,55303376432749	2,59812285718706
4,00141225870730	3,18514781103512
3,93638109200783	2,41618255069599
2,92845579491104	3,80148774496833
13,46110942671490	10,45218346699580
13,76518712180540	11,23627568817940
12,25170925245490	11,31887424457070
13,11005744933550	11,24351897231710
6,36489319021194	3,53748000138936
14,19272417400650	11,61677926464380
3,36816231476049	1,82128257290881
5,21374395484056	3,06382790889192
12,51356248746480	10,66537502029960
3,47028270997878	3,06014627231341
12,73688321639700	10,97848295548610
-8,99344531195620	-7,71966455126728
5,24860681959793	4,38309762466515
11,83592702258830	9,89658010819229
-7,39609261050946	-6,33747576255255
-6,99676184870755	-5,88266632329431
11,86177739431340	9,89397289414367
13,79633877025680	8,36228916543632
14,34455403661590	10,40925189525390
12,02574934249520	10,19773097643150
-9,28020994933300	-7,05392609743717
11,32518830914090	10,12132339816700
3,16724848041423	3,07172947730080
4,03334446793421	2,82059843115011
5,52477838650875	2,99361173786297
4,59808391768285	3,87579801221966
-9,39899131505175	-7,32231133200649
4,87906845709976	4,27149715674913
-7,80626118794470	-5,69299684815385
-8,54414370161828	-5,75401380683348
11,64809936297660	11,68074251691940
-9,44088219493418	-5,94127474590709
4,57287835204033	2,21714435501439
-7,86979139890074	-6,73667761576405
3,62915735001640	2,90479985196110
11,83821799019390	10,87450393251750
-8,09480800110229	-8,93860588853048
-9,02994301434952	-6,88374832141571
13,17497652908020	8,12866042825812
3,31004659053820	3,02527267657528
-8,72292527158256	-5,87570815841922
12,15505342758960	9,44366906622299
4,52868090082735	0,84864389396577
-7,15161296817206	-6,31421532802827
-7,27178743460164	-5,55699620718577
-9,31354429667727	-5,98495419024215
2,30431447165310	2,24543675352833
4,42758210517977	3,05496849870037
14,08356858749550	10,31519631853960
14,28084183308390	12,76946784905050
-8,36488860328219	-7,11863530813929
13,72034982465520	11,87924922021210
-8,97084296803040	-4,83583776118414
13,27599625183970	9,80162537213516
12,42398796727100	11,78757654510160
-9,00550007896113	-6,56049758075033
13,76043682874080	11,41294732991550
3,63542891680524	2,66511224639396
12,72012250479140	11,34180317551200
-5,88889262763726	-6,58715415682084
13,63077074882650	11,17747293548670
5,57219885862817	3,78014091635906
-9,36318915357022	-4,92264079499380
11,89559130097120	11,36586514198300
5,96586331136126	2,47396399722649
3,26000389096789	2,92530165404992
-8,09257401910013	-6,92734243216420
13,53438347358740	11,38112302443340
13,64318536271090	10,42375515376770
-7,23846547747446	-6,85952811824938
12,43646348146910	10,58720284510890
12,61958998267730	10,73610350008520
3,65682042043040	3,30460165456572
11,56256533628410	9,32053825299167
12,87895612795470	12,84249357630410
-9,70076714248887	-4,69074078992334
13,78473616070940	11,01369190742970
-8,49623070020837	-6,40762430719064
4,68363726656392	2,60054471339158
-9,28645673994855	-5,44735341614139
11,76522349474460	10,05320518314620
14,05050828635520	10,37570749568020
4,00500892996754	2,61142343418112
13,04424122706970	9,98279213522023
5,06880579539042	1,21965619456882
12,42019960476960	11,21736187630810
12,42547983296710	12,24698822886620
6,11062548622084	1,58216230886465
13,90388778368250	11,46550319495540
10,22102011259140	10,35737991071790
12,75421664228760	9,52890535659191
12,88521367719720	11,54395451156410
3,01191263685277	4,98650889053151
13,54476214254080	11,67514028475440
12,54537824823590	11,34448773650220
12,25355166151160	11,21247377388250
3,76563312970585	1,98097366525215
-8,08276198056400	-6,99263321049747
12,64996756316910	11,53476416419190
-8,12369333838284	-7,01635495164301
11,61064050535920	11,76667363824490
13,39226739591870	11,92440504820570
-8,09696015937957	-6,15501922065709
14,80649203241970	10,19247631057090
4,11347487575446	3,42169763371851
11,87145346657080	11,94403168761120
4,11883296632995	4,67303976325145
4,67287482049562	1,67255767176550
-9,05276019607936	-8,35954844153231
-8,96977489827933	-6,35281969378977
-9,99258235019237	-6,12773826816700
-8,56586139799960	-6,88891487984705
3,28145074091778	3,60957307291615
-9,59709234438497	-7,90146921567748
-10,59791340375160	-7,37871687394253
-8,06455993444114	-5,62588000224180
-7,63836123904657	-5,60476114723914
11,81587883904430	12,14862525698010
13,04194365957740	10,72954153446160
4,63674015464738	3,73489282103659
4,20971717148966	4,02150543328876
-8,57973064647375	-5,36621522192282
-9,12934010083550	-6,79278640881179
12,89199494085760	10,05016431415770
4,82467229164746	2,32344318719192
2,82615700708145	3,24331523753171
13,45500393327570	9,05967714742866
3,36159128872181	2,67748191521283
5,17496547238665	3,31155443043056
-8,52114686838449	-6,73793623510122
4,79208626231463	2,35961664353824
3,60646070353627	2,15916160171029
4,32693596880999	2,74391218380473
3,47505887575996	1,05881101565287
4,27420566776910	2,88322242133038
2,20231941992940	1,97606529539565
4,05711965626646	3,78075774931168
-8,58955375347090	-6,45760551194054
13,81706637928020	11,27065531407720
11,96273686142120	9,62895278509714
13,30288869282260	11,40149885161720
-8,80989417848349	-6,93809780781032
4,07404201851180	2,23925262499051
14,23702861427380	10,76091246281510
-8,87280170198695	-4,45413719820982
6,33939079068094	0,82756546268034
4,52056820523105	1,98056901636969
-8,62672204453922	-5,45786090131626
5,38628138512444	2,92033470008521
5,58888545386388	1,52666280795264
4,17785340381539	2,44130280014989
-8,28717945622284	-7,43001481043053
4,52658357736596	0,76114389735250
-7,84067667006932	-6,51332871262885
13,47383683292120	10,29752543132410
4,57576665687770	1,24563470539767
-9,99757587787281	-4,51029831357599
4,45470225757904	2,14782569631359
15,01325476808030	9,84352474860098
14,88752791615910	10,03738566463600
4,34215983322620	1,66734901403412
4,38779944846649	2,37037979807915
-7,13488995161090	-6,38036416991570
12,75416283235180	11,77372395176230
4,12625721947648	1,31396322025841
3,98071552665621	1,62359529926169
12,26855017021150	11,42549664568750
4,03219695498695	3,49384551506183
4,17833032186898	3,39264753990918
4,45857884949351	3,95899345090116
15,21836968882870	12,40658210006700
4,70474628482814	2,19457107579607
-9,96067042771621	-6,04542234650121
13,62994036120530	10,60058667634000
12,00114124706850	11,61185612682350
5,50408780979495	3,74189522494569
11,96217674194780	11,51809895718490
2,84128477531172	2,79704071980152
12,13767808513280	10,02964585107470
3,96933352106295	1,22252655016831
3,93948661531657	2,15743741485174
5,23833205864363	2,21571042999017
13,47572145460870	11,63816898885790
13,65237596433210	10,76581651489720
4,76295882164799	2,27328606882246
3,47597107817905	1,72587859398055
-8,15683909155913	-6,37572554449443
13,05982875255510	9,92594771777832
-7,54767780882185	-6,21406143311147
2,38636209246535	1,67717275411091
-8,79165196624188	-4,93666728195739
11,97677430868820	9,57747413530253
2,13205927558712	2,42209108679923
12,85456313668950	10,00532399142620
-9,61381823257514	-7,85372732121799
4,97214876507008	3,55240348844700
12,64718395116730	11,56793830677330
5,47839535068377	3,23555295271002
-8,86170661629135	-6,33372177217126
-8,71248394830868	-5,14997255009653
12,63773543868860	9,96271364586260
-8,43091511242802	-7,26431284888460
13,35473219257430	9,46577163438828
-9,60002234448266	-5,03706786762431
-9,73898124778425	-6,23505627149230
-9,90808689980380	-6,89469917966686
3,42418518776080	0,48354155994740
-11,07663146826260	-6,72640946357623
-7,51959203000372	-5,03400065029838
12,68924986590380	12,71443261243130
-8,79191236903851	-7,87762919906391
11,92907391588520	13,06186007515430
13,10482416638670	12,47115054082370
-8,62379865518221	-6,65255551608576
-8,40735557672191	-4,56108197506922
13,13208665816650	11,16008764085700
-7,67287125544002	-4,21397309200179
12,49686278534110	9,52603055323348
-7,27570034005907	-8,02925126220156
-7,50367704717271	-7,17088059080550
11,46878510084750	9,56737548084567
3,10212258189565	2,42437567150728
-8,84026385160365	-6,05730206303486
-7,82394751208887	-7,37433257168419
4,21120819270062	2,77044671378543
13,98332541889210	8,18341808481346
-8,88498480265088	-7,07317062734639
-9,46043275054324	-5,50648272708950
-9,77428570890089	-6,98808084183536
-8,98066118635557	-4,57494251151610
3,82576449394950	3,76291056616178
4,87707714066105	2,42487320315559
3,58299385225969	2,50806260558790
-8,25193285922734	-5,58742412225683
2,81044979140030	3,53180534088242
12,58159716441040	11,17863162036060
-9,88144424036124	-5,54508262222572
15,31624200180910	12,09756072872530
14,35580030578710	11,20710615939610
-8,44715044450632	-7,03118799747766
4,54275917467285	1,81615952153358
-7,35714250741355	-6,04961210766842
14,03887030664190	11,41028894009940
4,83284502879914	2,27487856134674
11,87472259963950	12,72433249639250
-8,97334356603277	-4,54388048695770
10,62005042049060	10,72186681544160
14,12903135546450	10,84405773878630
4,43092344118437	1,97410479925892
4,43655856607548	1,34002331394258
-10,03615840298410	-6,21248563900983
-7,81289926588370	-7,53923119295176
13,57119781106760	9,67659651968321
6,07061193545267	2,54038144290005
12,78020797691330	9,25215067376651
1,99467863443707	3,66159976081366
4,42409464884342	2,37148049415336
5,81488315243705	1,37296090770637
13,03495365810900	12,31507095657410
-8,63832373210695	-8,17334032337704
4,81878527528368	3,51395453742695
2,95773709626249	2,73792456741212
5,77734278181010	2,52132255699601
6,39254659989595	4,62138896467929
14,03484675699210	10,67767753565480
-8,94387960127727	-8,76744000490077
12,94882040775040	11,25289019852170
5,02660211640326	1,53239951477642
5,27898899469735	4,83341424238207
-7,62203210106015	-4,72214540418132
12,13164309443530	11,77907780244770
13,75327773440640	11,53579060465210
-9,65527141986479	-4,58475692854349
-10,43387310361660	-6,18280525147159
-9,17962526371396	-5,43606666864398
4,98437386359631	2,55816804987867
-8,52941229425698	-7,15954732903160
4,66217171536121	4,49414189932996
-7,75352602912541	-6,75205529114527
5,88687853021224	4,36398880059495
-7,85212771943130	-7,05217838163879
14,45974836102150	9,60825003869530
12,54741987947390	11,48788578240880
13,86081796546090	10,63107675845660
13,16160418978200	9,26105183946814
13,14314153886810	11,38772814774250
13,09113170526600	9,13497537776408
12,31854361160820	10,68225136343840
8,55060186286699	2,49972639653396
1,15524040113439	2,31495646339030
-8,05135143807813	-5,32656688710359
3,88259387483411	2,33236900091272
3,24167790257900	3,70628609558247
5,35010358855851	2,66463160173443
3,48817183785702	3,89837979817512
12,16876556155420	10,72018512822290
-7,40713569222878	-7,10298561160415
4,27734567761122	3,91055618982524
2,41755103791799	1,19281311941910
-9,35164622205457	-6,17543859051747
-10,41236839265440	-7,53799893937678
4,15329913702464	4,41338652159454
5,19824229819333	1,69758159014034
4,20719818292150	0,92417156648840
5,14890710232463	3,75225650506204
11,58721549440480	11,43922832545820
-9,07927676762669	-6,18009234384846
4,08967941834197	0,82707314033036
4,86354186316042	3,94933227443537
4,27851114889802	2,16670792032793
-8,33288264206669	-4,72344300017865
4,79608207274497	5,24328770073054
4,77911197354333	2,69665707287292
12,86462089288630	10,87069750771120
11,48421756251290	8,81414642677381
-7,44630987565921	-5,44148449419001
-9,03124319011565	-6,39319859059000
2,76514976488944	2,89765284868707
-6,99989285085670	-5,63474073962327
12,71999321098330	10,53465138295010
9,59497820005720	11,02334616784170
-8,31075862098486	-5,25153665825681
3,55187003708947	3,01757525768906
4,45870345188632	4,01333879488863
-7,40185534433814	-7,13889360825333
5,70219085507214	2,66576505878653
3,73363159058706	2,06952085944850
14,69476572515220	10,59365354679600
4,05979022269966	1,57458108188603
13,33240099795290	10,41337440996550
-7,64938431355420	-9,05788841162420
-10,06452882893860	-5,31529500246647
-9,53953798173057	-5,90052343074525
-9,12251993397944	-5,95236019872862
13,20630765709230	9,95912082647059
-10,23319364784560	-4,85377839131738
5,04050645698280	2,96821198500953
5,45098376587566	2,85287715084046
6,01343007836043	3,46664596794138
1,94015786837456	1,82106257767663
14,39396955124220	10,29154751256210
-9,02871162408381	-6,94252499384981
11,86390251983350	10,77767417212490
13,41257361945670	9,35074532629952
-8,12368748962291	-5,57821373744674
-9,28426605762398	-6,20108379230413
12,33966443085230	10,30349644899900
13,07814580660530	12,36549995654590
2,79555341033258	1,27031416983108
4,98674234906248	3,68084030200954
6,40308849616688	2,95329310062707
-8,18303181565040	-5,74395181944866
-9,02580524971840	-6,71847749301681
-7,33569015869854	-6,13461626343810
-7,66219238891287	-5,46382556026799
11,43518182434300	10,67823567297310
14,74620481817270	9,93378881114465
11,10872047586070	10,29873771305390
4,96063822448505	4,13160400126739
-7,53970036343818	-5,41227078192690
-8,77096862456218	-5,86762398555292
4,23193481811426	1,31908074965132
13,57212034926420	11,47392130661730
-8,71453650592529	-6,45289716984137
12,58472060149860	11,90757527205270
14,34479368162730	9,11299434945833
12,27346091379760	10,23980407731000
4,14486346302714	-0,23766154867388
3,44567555936392	3,47413779213507
-9,53520531027345	-5,54122601025054
-7,83880674592092	-4,78679323906177
11,99320588248780	10,79949094051290
12,31794759951040	11,67483986714520
-8,55931726554467	-6,12656531340454
12,39853160134380	10,95812997870100
-8,31441035602010	-6,20004782621832
-7,54128745921465	-5,62739254500465
13,51633152897280	11,69728191917290
-7,98773810201472	-5,21856205111425
-8,56198734153913	-5,94716964632845
5,44445756777825	2,45259893875716
12,08246139157800	10,46668888829060
13,25983586238850	10,92652092377430
3,85302609090209	3,58646235615769
2,95027643823196	4,45581154110686
-8,53797560939761	-6,05688324896382
2,60687961880207	1,71081761989745
-8,89291915888281	-6,81565098174937
3,53083398600088	1,80558651481649
12,90287226154320	9,20320155825254
12,68115200007430	12,00643418505560
4,28782210370354	3,57663757185612
11,57150445850650	10,89643720061660
13,17381533076420	10,17013760127110
13,87177728952630	11,71847366984910
-9,54942490834319	-7,08905735447012
3,74093663578678	2,10523372796044
-10,48623572089170	-7,28921442987617
13,34748977896220	11,77300980620100
-8,93678456388944	-5,53632799824393
12,04723443170650	11,17346740598750
-9,22016692441497	-5,01500849521318
4,25304127553059	2,38647993390120
3,83020786393557	2,43453761056243
13,45026369097320	12,24517596803780
4,01156796526124	2,57656902289812
2,60429786517705	3,69877170191926
3,88531504691966	4,23866542008248
-8,00975581186285	-6,38626683878494
5,85526045442073	2,32162639373743
13,23322510533170	11,62108762973280
-7,57845415084312	-6,44395696691365
-8,32605297480069	-5,73586514061576
-8,61225845308925	-6,12961553441954
12,99739059616170	9,92350092723042
4,83504052374786	3,63972001308539
11,50832202663880	12,05226156073520
-8,73171295589318	-4,99043550760497
-9,43607597654905	-8,09142134856578
4,06938819778517	3,07098053650440
4,66584196395049	3,18216861956383
3,74764323451523	3,10601575314592
4,30515530902757	1,96551954290861
5,12526327071651	3,75350073495860
-10,55629427536350	-6,76914092264892
-9,37365981922994	-6,46145801963808
-9,52386001969250	-4,79308053715234
-7,95341088319996	-4,00369339923229
3,30196288338995	3,00034048991415
4,78332649676094	3,60348367631906
4,26458752074895	4,27992581154653
13,25437664703090	10,64852652927710
4,15464501003927	1,23113766769232
-8,45531846720721	-5,64416070841929
-8,43692053008198	-4,67575769048883
-9,14469420965680	-7,03966258667302
-9,82752964668414	-5,37262282905927
12,31102541638230	8,58375325428253
14,81612201774850	10,17521243865480
-8,90650250417112	-6,75963647853049
-8,43645733228344	-7,88576092351180
12,71297469553320	10,80876201865180
11,29652141405190	12,63553961527930
5,45830511770892	1,77211899048399
-10,47054744026290	-7,75083983410284
-8,44346757409308	-6,47856285451337
-10,18926469486380	-5,83547095927036
11,29752437798990	10,07530319000260
4,94189074461534	3,23894369483334
6,24109522451153	1,76221713019403
5,73638101447413	2,69640322277814
11,89138628581070	11,31098385417880
-9,26453879319628	-4,78043003447394
11,22476195296700	10,83065038681120
4,82434369353429	1,85368936838265
2,61592492694182	2,77180433575919
2,73926969445880	2,65054168438866
-7,14159096546361	-6,91859202072107
13,00481656715040	10,62885854509010
12,93928406075390	11,53226331030410
4,27557298001721	1,43160440349071
13,56279467430680	9,96107837595254
5,40470883319361	3,05586550356595
11,72083951460810	9,06769887892873
-7,08315667006563	-5,84684224061380
4,76421934876627	2,92317700254065
11,37005485524580	11,09426984469090
3,77765488226952	1,08168705434127
13,53868076293880	9,54250545837699
14,16629123233700	9,67684690035210
-8,97920292096347	-6,67944627191215
5,26080681742982	3,36503034094922
13,11542072452840	12,00439468881740
-8,83159953877045	-5,99677530346057
12,18945879729100	9,99866295626665
-7,82249381263698	-4,98047026000477
4,92401837218905	3,70363393140347
-7,32934618959766	-6,66474479866706
-8,99137610706419	-5,35299155012044
4,50231345963713	3,54941696696764
-7,63476439728103	-4,81826446648136
-7,62601651670510	-4,73017669687030
4,24213434701920	1,58494105144324
13,41071578938700	13,09383804598280
13,64578819303590	11,31961796244040
12,53310790124130	11,62018021281610
2,84878902717025	4,24787970800629
11,55848960413290	12,01422384517510
13,69264055161830	11,04122559445380
12,91128483074560	11,87128921104640
3,27270470092916	2,20232994445401
4,61465420711130	2,63557467835018
11,15916016196100	10,64691306873030
5,26808057808528	4,22814427893591
-9,14760981306940	-6,00089800788030
-8,69204682216165	-5,15916685893605
11,69738122845100	11,32447711524740
4,81777783335087	2,64189569302444
-8,86976350037551	-5,47395612833390
14,24673193989030	9,46420863184663
-8,96998751077447	-5,96803721885396
-9,79126639791246	-5,45132316922797
-8,74645083451027	-5,38368211442769
12,06185077434440	10,30826692527350
12,11356881258230	10,46026412767740
-8,12810145249481	-6,19363359481419
5,26981628026274	3,98932906933242
-7,71727860330657	-7,45240348498275
4,23460643909529	0,45666034226953
4,13537303278120	2,48904857083077
3,83474815116833	2,70463369578809
-8,82303919115200	-5,58205892607628
4,44081425358208	1,03467205020494
-7,65104557536790	-7,10764168421949
14,62203947257060	11,83324341906130
-11,29060211196020	-7,11586858178441
3,24264189089549	1,14708749451593
5,61731820555558	4,49643747438819
-8,05980275764036	-7,64111008912748
-8,53761331568466	-5,88681633225660
12,79520536683190	11,38288238201120
12,95760965238060	9,65558438134363
3,61664063762895	3,05891590917058
12,29135365017380	9,67062863186905
-9,76797680737212	-4,91237259808566
14,30177706003020	10,53626417940570
-9,41495047836246	-7,09401812885726
4,97131446351261	3,32656752989367
-9,35833378661153	-5,84741360722682
3,57180461690130	1,32498097415844
-9,07489341668947	-6,01667499147428
14,02120958995720	11,00634192931490
4,83113863021569	2,74734364009820
12,29055862309900	10,61291287225530
-9,30316796240613	-6,06761038625617
3,99823705923005	5,04059693865432
5,13156414336446	4,20094175098483
13,66221920103110	10,18511083827380
12,32695243419030	9,66301726288673
12,61552411644540	11,35356089175360
12,27525945400360	9,50142018713265
5,52247314995109	3,41110040220072
3,73265937551740	1,89336701971303
5,52285450826168	1,16066404751260
-9,11570076044382	-6,63522196585424
3,78441434073971	2,72407860929502
4,55044317620902	1,99828636211813
15,21750984581000	9,44854496957694
-8,44218785551144	-5,70515148138337
12,59730110480520	11,52538642135290
11,78661031695270	10,18319024622540
13,11594687536910	11,30776604709880
13,82730027863830	10,90772669062140
12,30455740782330	11,89586559755320
-8,87081124034404	-5,91102592824950
-8,03831509593619	-5,77954162116165
-8,02007679751569	-6,22788386780305
3,42834641768378	3,30024286322001
3,59323074338389	2,24885083294741
2,47655249687639	1,92091234150292
13,65937577680920	11,95763463655360
-10,05270461771060	-4,90945902465100
4,86816637731764	5,11260798631276
4,56058632651549	2,24842166975416
12,07101111151200	12,31634813203790
-9,10886752164677	-5,28537701465884
-10,88875403414550	-6,89057169053728
13,76728377715090	10,58891667410920
-7,33430434295418	-5,24124929255353
14,36416635628910	11,91085167629810
3,47791125881823	3,04199066631355
-8,18474628087849	-6,22277601552321
13,88212896957710	9,81054085247647
12,56748022830580	10,86365971916460
3,70027589152359	2,72940917555166
-8,23339724271451	-6,27097714878941
-8,69791975634538	-4,84979737034015
13,03038118957530	10,92401266663670
-10,20532713401730	-4,37358353026024
-8,97510579536539	-4,39070876953569
13,57351576044480	12,06073410050840
13,42148782703960	9,61299661978568
5,28457233007900	0,77990040843259
5,09722812984613	3,03441439879367
12,67685527062770	9,17973676412309
13,01663770909340	11,15390929473650
4,65690311186766	3,08536995902328
14,72044220863380	10,32312799221090
-8,28058179143323	-7,66661909722026
13,75067788576720	10,25184462890840
4,73752563164305	3,05442032985779
4,32138532848538	3,24393947118808
4,51988586625915	2,82959984565351
11,63649638000500	10,46999490653920
3,30964277693957	2,83399390923122
-8,47871371591494	-7,09728462832083
-9,51779576950182	-5,96689008857054
-9,59442172005620	-5,51469143655115
13,27267128498570	11,28212697446760
-8,97578450301090	-6,51649717738771
11,89001300875410	11,79816043544950
1,67397784180243	2,77839914895522
-10,38773201445400	-4,08168756757704
3,86622672996456	4,07573086944224
4,59695759211545	2,14398979041658
-8,10572631497779	-7,02716930310406
3,02979560527358	1,48729318021656
-8,88020248870267	-6,68650214335334
13,62839032856310	10,78601024432670
4,10304150826722	3,41851633387953
11,39624463797650	11,03976071237130
13,49527956421600	11,69761729059140
-8,47427291537680	-6,29644041055138
12,50931454633310	11,52215147247500
4,52970844284525	3,64870156208998
11,05977818066850	11,35026210464590
-8,15473630843767	-5,37462817442691
-8,29845814848921	-8,05407045433977
-7,95665552093298	-7,58601700012318
5,95187701040652	0,43533463507138
-8,80870136872481	-6,74118135789955
-8,15467255638147	-6,39989017246578
12,18449047376440	9,68933664342998
5,30894175229417	3,09824569897007
-8,02527221983547	-5,92000775678619
3,30547885349647	1,41343060504339
-8,32047001587162	-4,70996098935453
3,84217048692689	2,43680080586244
13,86849493424520	10,07432817834950
-7,89078016362256	-6,11999479400728
12,51199106498580	11,26165065549760
3,77027262666906	1,44579672711555
4,47100576655258	2,55851711056877
13,03131991133340	11,38023252397730
-9,05331811899863	-6,65277422577170
14,49242714350950	9,62188787869794
4,97098021057741	1,47099089002110
-8,03978098257156	-6,84071323121459
2,64368259354441	2,72300271843208
12,74225170240170	11,23434445958220
13,13332290399560	9,49894776852847
2,25843800057314	3,04427255965304
11,75729233193100	10,18290961130120
13,15687677905470	10,09996070951260
13,42523572647710	10,99611611350670
13,63195960536620	10,69345654741530
12,37486698809320	12,01890710730910
12,65295872367710	11,40103087533520
-9,88049991056109	-5,64573673442857
-9,57053545667863	-6,97532651226228
-8,09648523878753	-5,67609641709862
-8,89928406985617	-7,81801393812799
2,96271748155351	3,01490979439751
11,66696598202790	10,41316338996120
12,82595482390310	9,81508838141271
6,57811004669091	1,36299003770010
11,27506903890620	13,13540024408470
4,81356833307657	1,17953953723935
-6,44625741156921	-6,87981080476058
3,88136300904534	2,53844710450765
11,74537096064030	10,25297224853670
-8,16508774594596	-5,71720040731152
12,72128546324880	10,47489014962470
-8,69718110770315	-5,50122595869592
13,56223864980580	11,07940030884580
4,99118636391436	1,85208407701427
13,93394399248590	11,87433498936080
3,69268036230302	3,26349138662190
4,10596820283880	3,84837379750809
13,08924123895130	10,96722939474320
4,44068825305042	4,16860334555549
13,86624627512740	10,80042609958990
9,80330380433636	9,64410784525397
-10,10197559988380	-6,43317742902927
5,82510203641331	2,74415992126443
4,77887147833934	3,43018979790266
-8,57626909411763	-5,27000864441787
12,52389882478770	11,30169273026000
6,52983099919825	2,27181423476511
4,48888793699779	5,21953117880728
-8,26338096188066	-5,48970734440988
3,08492133267379	1,63981183840195
-8,08100840057884	-7,55888645750806
14,91358820856510	9,78809593426172
13,70127504361240	11,31202162454050
4,18238938904459	2,65306034970170
5,39515734377338	0,38405414579716
-9,52743919544425	-3,09609484583652
12,44680692021780	11,36562349712940
2,95959140822233	3,80142205026000
14,11465343951210	9,30848557280680
11,82329516825490	11,40249356528280
-11,87658470382890	-6,17864377567201
12,48099777715570	10,54334219116670
-8,30616586394145	-4,50577522759630
-8,92778355925479	-7,15271707488500
-9,28400816533272	-5,64780382582070
3,89907602946042	3,36985857425478
-8,20397922570027	-5,64062318815931
4,44694023217801	3,32549196223190
3,03935088690604	2,49332524358434
-9,26509220700866	-7,12592882393000
-10,12754692922420	-6,60733131401789
14,10827225393010	10,09817820453630
5,16373448452653	3,20392672287636
-9,23269441666644	-4,87576688844351
3,85983715125319	2,02782421078927
4,33138146428421	3,06195049585650
5,79856837583852	3,99784367520889
4,79448332633789	2,79158035483918
6,20261099318661	2,77784335444612
11,25767860282090	11,06039919143340
-9,43481968157925	-6,00646504617666
12,37854306484090	9,51368699065286
4,00916874405751	3,75537701812989
12,96579159041470	10,24151769502970
-7,16232642649313	-6,48271394906011
4,34684527061459	1,87609922185082
5,22651797554899	1,16723808886409
5,11595816726109	3,30013410284008
3,62436546963131	2,24058199460543
12,52705589395470	10,40770667594830
12,48784975548890	10,25817354335270
-8,83424915710214	-4,64183804113235
-8,96759013199342	-4,34234973734980
-9,19003458958678	-5,03574515562108
12,01083430659690	11,05788712250760
2,96685520179425	3,14509015906545
-9,64723317968003	-7,36215034543643
4,94702285204227	2,76501390725184
4,50583366462411	2,69546179783859
13,42250058897020	11,26123290185200
12,73256860775300	9,63516928723225
13,50443528889310	9,43024900176250
-9,53114057505217	-6,61395851455708
2,17756084629317	2,44981035250452
14,95687722658770	11,02168743516690
12,14459812297210	11,05967812753530
14,04868773611210	10,02818579154340
13,04628944591390	10,40797466064660
3,90615489395355	2,33065204344865
2,31800523665522	3,01103026568319
-9,53199156541682	-6,66044269948608
-7,55565768939425	-6,24856384643203
-9,87825585655166	-6,58407327409781
11,17025267027670	11,12712428502390
5,43311763406850	3,21448605642984
5,42695769222555	3,03091835454852
12,76499304667310	8,98982132853176
-9,55636700285573	-5,22431690389362
12,95852963115390	11,94116760639120
12,99235223022330	9,79052071979412
-8,70342306511371	-7,16469739718339
4,16571415666972	2,60706023555413
-8,49735424470548	-6,86585246672694
-8,76346571957351	-5,69163244485233
-8,92960327372989	-7,50255560132375
-6,98856180267728	-3,35066566370776
12,77311220809180	10,31920298073170
-8,58823145240013	-5,69243256435497
12,95911488049500	9,11965621472142
3,26539650156962	2,60505888259407
11,83260894313090	10,89296383534550
-7,74792684084069	-5,24278024019644
13,92121343175800	11,28751963005810
5,17203053434543	3,77900872922066
4,10209293317063	2,19303854178814
3,90843942442382	1,82571171234267
13,63988422952150	11,25087291808450
-8,41709918807990	-6,02523583758659
12,70598883480600	10,46637591158190
-8,50646400324723	-7,29201333160951
11,25629371183780	11,06285043532680
14,16453144997320	12,24867776477970
5,96314018571795	2,74956903477523
5,15238577085470	2,58648858213634
3,86016351094233	3,37188928336930
-7,49899607465327	-6,18559449186473
-10,89401396709750	-3,91071861215417
-7,22435926729931	-5,65322698425953
-8,74574538372520	-6,24479119507649
13,00013603537490	10,03082748021820
12,80695812753000	9,76399718166809
13,00203008876600	11,82802302485760
-9,51615712144873	-6,59178553988770
12,73268060714060	12,15624486462430
-8,12304790437879	-6,28936716015735
12,95866845455220	11,14833244239280
5,44184552877499	1,79463607608974
12,17859871324690	12,60665228002370
4,00450413794119	4,36267876379228
5,21096335114332	1,25397324843171
-9,12515307237705	-7,85328221892611
-9,05203430574268	-4,95731128868619
11,58397887220970	11,45479502675820
2,74486313783772	2,37990370715320
-7,84861066002549	-6,35650481585066
3,76050948022150	4,52324177785667
-7,73449977233304	-4,04484253333964
14,42001981992500	8,95239592443765
13,31243416626570	11,46990544586950
-9,93772647141525	-6,02046167366298
4,73387672819946	2,50847710921680
4,70936378033228	3,13833691599728
-8,56072378012281	-7,39755441970386
-9,33240579668822	-5,97025348745153
3,69782269696978	4,78334955145597
12,84339617837400	11,67076288116520
-10,00921803024700	-6,36156642074897
-9,44128552999702	-5,50951754947351
3,60265201095144	2,44878128695437
12,48727093138320	9,74109466004974
4,40107755137722	2,26340930778988
6,55231974293920	1,54020603531961
5,97146769535265	3,34015509551285
-9,28244938677244	-7,67778022474553
14,24158357104720	11,38393224782390
12,93573564862000	11,60698710474250
-8,89570900009169	-6,67888230687554
3,65675048392987	4,48901660066721
6,10069649757909	0,76334008624881
13,47860304710210	8,54276153650213
-6,55500079699979	-4,52993266474804
3,81165077812368	2,06956235495770
4,63438370360459	1,34091216750010
-8,72501140709125	-6,25973100402459
13,37861268542580	11,03184063815110
3,33509483820500	2,73121275777172
13,78635545584660	9,71217868818761
4,40389402327074	2,13894978712045
13,33372946016550	11,85210771922760
5,29015778026448	1,65464741897052
3,93171528358994	3,68854491449553
-9,30492973770409	-7,78880498377478
4,11016226330599	3,88721100535197
3,09149199084901	3,20889259150953
12,83082196312640	9,93227957376422
3,88291365589378	2,98416480878217
11,13115046003950	11,40842118472690
3,99503568416673	3,23970971317886
3,66540214885317	0,52304186449512
-8,09609888823081	-5,97242275438996
12,46466313604100	9,72799132175059
-7,60362460634516	-6,30410135832017
13,53728541767230	10,64060089016320
4,41938881967384	2,22777137437825
14,06238858449820	11,20406195698190
3,95455816375698	3,03531049065918
-8,65861090078424	-4,85057670724377
-9,94468051994167	-4,51164178151036
12,08679537284990	8,95467411957766
14,14810797135360	10,50926254654660
12,85596859468040	12,20763790453530
3,58376678490802	2,89339625982067
-8,55872767852488	-7,84457409603510
4,16259545635229	2,95593003018458
4,01143449945181	2,00686346803077
-8,79183478167258	-7,62366816372122
-7,07221941660325	-5,94098651792871
-8,00546725537787	-6,03352537398845
3,35211095301807	2,75758738293804
13,06466730735530	10,88166990729370
4,91615848341512	3,03005932281131
-9,12793762659046	-7,85773644413184
10,87572829230040	9,97561099565534
14,54638081935420	12,21375457394680
13,22410488020020	9,81754861307112
10,58286859904130	11,69118424351030
-9,03361576179679	-5,98539247808928
13,48664688196250	10,32524824784010
4,43341851105071	1,63657573782346
11,34507386231400	10,04326913813900
10,90361505561590	11,71506012391770
-8,33149532461534	-6,63041656308952
12,07037702786560	10,68159394937620
14,22769452537200	10,89992509348880
-11,37843294800850	-5,66177237495364
13,35464502761630	10,60235757884940
-8,31678131904836	-5,75416354971469
3,81004238547429	3,71906101852299
-9,19226872650880	-5,20066655909081
3,37786511359446	1,15332284161140
15,07488294517690	11,05568271624490
13,02598491014950	11,29526856796970
5,05617733906122	1,96850105020538
12,30601865562260	9,52048292830031
12,00128693892870	9,77270914598432
4,63083266931644	4,57812473427033
4,41168798233262	3,86743434391852
4,65886400297859	3,42543031614018
-9,17556118692202	-7,17535381798624
13,96045928244020	11,98599013733570
2,86605383345384	2,43517821672896
4,51003559377460	0,67402124039319
-7,47432290957872	-6,99331501837371
13,72260801489940	11,04396552929530
13,39896774562910	9,82657081653038
-8,33794453488188	-7,44013728261454
-10,15500729675370	-5,84897056537485
-9,71306700137417	-5,20367109480542
13,11592116406540	10,89035136262870
5,65266577691858	2,90807036638952
12,24951334895820	11,67914956108210
-8,63190369442612	-6,54262026899146
12,05417241655600	10,70150385854210
4,90541029760917	1,65768391688609
11,04622324286650	12,07473411962770
4,69304589374055	1,05451904570535
-9,41815911472716	-5,71892817382228
5,24450158086059	3,92809147879879
4,25517467969441	3,38762070347469
4,66059899739904	3,09880262400032
3,78935821657126	1,02451808391219
-8,39554112729491	-6,66226391188880
-8,92575339245748	-7,22369831542906
3,71935106442063	2,24367868667945
14,21045985952060	11,18024424982490
-10,79076673259690	-7,78178013207103
12,90766347089780	10,78830412094430
13,63813826054440	9,91649102589824
5,26922050778716	6,26113701684965
13,07674034319250	10,39985869199960
12,54296073272650	9,82778885615120
12,95427147222890	10,53298561817050
11,56994818662620	9,10281532347477
4,29787059224499	2,95619578784015
-8,62628895083254	-5,84974382390599
-9,16986235029133	-5,78211276002826
15,63312167629800	11,32903533054930
13,05925828922070	9,89257504605101
5,25164071961558	3,86486029480010
12,13732964187730	10,33106979150420
-9,38550914024648	-6,91961981250487
-7,46972950817845	-5,62726244204013
-7,63845135871191	-7,02641755299457
-8,01084292169093	-5,83366025005001
4,51545946934186	3,69810852682983
4,49351732442461	3,17264260343690
4,98024722915275	1,74769262449769
11,89937592858020	9,52798361509065
3,56411726402407	2,55433181973907
-6,60422069163423	-5,44267290111064
-7,38501420952233	-5,39967108657271
5,37787189337545	3,24478424085939
-8,79072246652215	-7,73194632484067
-8,09671706299651	-6,29889982555282
-9,67694506971924	-6,80029517789301
-9,21920850560874	-7,43857273158490
14,11496783316440	9,10568017235998
-8,98593597106915	-5,96520740134377
-7,44719679520506	-6,69920971496628
13,14020737420450	10,22487631257660
-9,17019227494436	-5,70439741910661
-8,91429868545464	-6,35423838738299
4,25182624843870	3,21711230055695
5,43467755747209	2,02249595706100
4,05808838815102	4,10773651237267
-9,63294428557701	-7,10417502203944
15,11841964201680	9,81337159414614
4,73203203247554	1,52204654363513
4,22938442168313	3,02592833909040
13,48677314165620	11,24963428854730
4,10322541700942	3,01747774655015
2,32075244829789	3,68957528003518
2,05567800595721	2,70730295111392
12,93492008151220	10,98365047604490
5,02484452067692	1,75096881459887
-11,62176651908610	-7,01265826899079
5,26421736751094	3,79577295425123
12,77024610689900	11,03081359472260
6,55959705640217	2,04632429180535
12,86364917863200	11,34059714506290
-7,17582751921096	-5,83913728886646
4,23393361840763	2,54768978340115
-8,17012017797193	-6,73525325727406
11,71381125028460	10,47167112356850
11,51595254143480	10,58500951112770
-10,73986659186330	-7,28638532239651
13,61706471767000	9,94660021922360
4,49387881739500	2,06796919086039
13,43448613840490	11,08075447629180
3,22741170139158	2,34086475534020
13,65662337832600	10,00861068833000
-7,87817994075472	-5,40690266789882
-8,31399439554430	-5,71575579306262
13,85062427204610	10,85246723661750
12,93831113248630	9,53418033936497
-8,09328466926144	-4,48268878650280
4,65913170787571	1,97571776704547
3,49737660196650	4,18653786144988
13,42334630702660	10,06787235006910
3,16912031314182	3,11853056831728
3,75518603725151	2,22359840131055
-8,73684496026661	-5,29544733510284
12,04298248663740	11,51744894333100
11,73579314885980	11,37329095930000
11,01594162325280	12,28710512433930
4,58101758815200	4,12740885105407
5,55220537699026	2,21615670971084
-8,21884096048298	-9,09576435018127
12,44586946703970	10,09884173161810
14,32971103816370	9,23694105527162
5,62132539304979	3,92162036146305
6,17459896789510	3,94333543443712
-9,25973239578926	-5,88967186015579
-8,59296616197542	-6,07343177330901
4,14137779927900	3,83943575210509
13,11883561660110	9,59717376943966
13,05279484058680	11,63739188091100
12,30647968220650	10,70479780443830
14,40424620083100	9,56276840602080
-6,98413661405320	-5,71017868451198
-10,05276170440090	-4,78378362245516
4,64989909355378	3,15983605842395
4,41584403149157	3,56266666356884
13,64738929797960	9,73068491733257
-10,40334629261870	-6,04620419148767
4,63389351048617	2,48427758673218
-11,17733149323090	-6,20493004672930
-8,69206104567471	-5,16798267117149
-8,88797319638776	-5,89469015499000
3,92674524751074	3,51756283192323
-9,00776739523217	-4,39244604675742
5,60729078992687	2,33510335607903
3,51360587055932	0,29578541160879
-7,42502476143823	-7,15208926987633
-8,84840505289565	-5,68280351679035
13,66619562374140	11,82650690708750
-9,36972768768926	-6,02996924472005
-7,81779525934507	-6,56585173073446
-9,00600520946650	-8,18258286615073
-8,10319708002907	-7,25089763911418
13,73333664973490	13,05208177369680
11,20748611994930	9,77941923436466
-8,88609920279837	-6,68609370038309
-8,19079732815689	-5,29032152568160
-6,79075603288079	-7,14053524916932
4,47995298251715	1,97410809210491
3,92487691780255	1,69373414234605
-9,70579190354367	-5,86743590921430
12,92438899168870	10,55373854076250
4,57693665370448	3,78061050018656
-8,79404496956261	-6,62271471630951
14,26577884440340	9,93693542687034
14,57605879957850	11,01230405869060
3,77586002118358	4,68103620048164
4,73382748739746	2,12946533308527
3,02326444127085	2,60089329462290
-9,47564812548244	-7,15822924745829
4,14428484084511	4,18000364486206
-8,46129522797469	-5,49116397765592
12,38307774382220	8,91075176197595
4,03885676295628	1,21878767689474
13,91369858792780	9,16837342362174
12,84451785688810	11,94641064181230
3,59534965310451	3,52562260466693
-7,52705006792061	-6,62753652726564
5,61744264735708	3,28086041830718
-8,99229751331464	-7,57394410865434
-9,40844377835691	-5,52482622145095
-10,82458005103770	-6,47453171622854
-9,72108091912006	-6,17011803340977
13,19711580288470	9,61939673683029
5,51743398366580	3,96969608814707
5,25265447255189	2,75273163820793
-8,11051844361459	-5,56918789793513
4,46234158224403	2,37383178018965
12,51474997368900	10,05689489175220
-7,47218956824665	-5,60396365334132
-9,37730079487079	-7,05088297897125
11,53278904723610	11,98083879573950
10,50620923436090	11,74014705477970
12,15691578959430	7,70066052604400
12,95437033469990	11,18682020912100
12,07660803137010	9,59185057972861
-10,26665425514750	-5,05743169101959
-9,42705997692634	-7,07956892990116
11,18237555087080	10,67526290079410
-7,28228392935047	-6,18850816428896
1,20979464548117	3,78807518667423
14,07148487834430	10,55669068799400
3,45603260605694	1,03277139233819
14,38764471843560	10,53093803636360
-9,40525445920320	-6,77905780190583
-9,05172555447612	-6,17627088204925
5,07148091061993	3,66998492336168
-9,09441003855778	-6,42533656833076
-6,95407554920013	-8,00051214193523
13,11717200812300	9,07339936394907
14,57336604247580	10,67081324109860
-7,74057740575642	-7,37894049655681
4,74105501264436	3,45262591776607
5,32848792332918	4,81242247136480
13,54406117002990	10,42200102078560
-8,23899486700045	-6,09367189304869
12,25775120139120	11,73126946634570
-8,08058654322763	-7,04978469899504
11,23959361687720	12,28234024751440
12,59597514409990	10,71419665128590
13,40723427377590	10,84767096392710
-8,66278598749059	-5,62453417684179
-9,86629649831489	-7,66938759103075
-8,98664797867795	-7,71848887444490
13,05468521531890	9,44261701277044
13,70444675995020	11,00810673595880
12,02920984965310	10,13637513766430
4,47045151207359	3,29719005722871
-7,95177061329859	-5,67505047735648
-8,27043396441070	-5,89516807507674
-7,43546746763540	-5,65799982196293
-7,58890712068249	-5,13768367265572
-8,17422959091545	-6,52917888631011
12,82324237865600	10,30165277145720
3,60491012941860	2,00869692624854
-8,85315192526444	-4,68153138726528
13,01861501936300	10,06482323974020
4,93535001958712	2,60085117898629
2,65497343721974	1,91473007193843
-9,32347171607542	-4,68481536084610
13,83216184342240	10,04635096808030
5,50404648069219	4,52242675299614
-7,74455332669742	-6,13082381247193
11,94665321745510	12,29518231324000
4,91150414325487	2,16582787680478
-9,57469285552594	-6,84117094389130
11,58649033175330	9,42695463357855
-6,31946494335781	-7,12130958684244
5,53086222439898	3,05532480014841
14,35438992549670	11,05689961675940
12,05678978086640	7,46551498055518
13,95523054797380	10,02273012463400
12,42869354649180	10,30585419177780
13,49430073710780	10,46720564076180
11,95053429108480	11,00769583245300
-8,57417037332437	-8,65871731622649
-10,04197504851150	-7,34174211012726
-6,89497355105824	-8,05211335315390
15,24015554564510	10,95611048888980
11,49332934725820	10,09334381153510
-7,06816517443041	-3,93205797672501
-10,27747384857140	-6,24052906104696
-9,21564818024822	-7,15853589585752
-9,35054881785893	-5,22920156455447
11,33812965783970	12,08953896270870
-9,97522066233885	-7,03084645036798
11,65014872538720	9,24930399463682
-6,82167402788396	-7,89366373873949
-9,83460692228720	-6,42216301142565
3,27627018919396	3,83542766546033
13,00016575481760	10,87806727624160
13,53630659707620	9,92040269052815
-9,14060187170182	-7,31591503057672
12,45814514269180	10,07844013329020
13,22917082847170	11,97928026342110
-9,80567385980917	-6,48182079448946
13,19142264335320	10,58079991013940
-6,56026076302443	-6,11563806795029
4,94389566783724	2,97546821414492
-7,66520937524245	-6,27649439621835
13,97014654743250	11,05975709679760
4,40706479404574	1,54892397252543
4,46059569774733	2,44004949110034
5,89436766395723	3,55600722144671
-8,38081141079686	-5,90180082587336
14,44876596785620	10,88985313484270
-8,28583473413101	-8,48680130075630
13,59539299802490	9,19242667043113
-8,09066138172395	-5,80148808512650
3,99932737741527	3,50633065328377
5,01204537673200	2,19341217772923
-8,43949942689192	-6,09892407542660
-6,34088588196092	-3,78304106430169
6,02680539889638	3,02114015114635
13,01548885404860	10,73481580100020
3,08586069991773	3,05911642727240
-8,60905085174282	-7,40200085190033
-10,03828661260760	-6,66416944970515
12,46363517069580	11,52353132763160
2,19169600590214	0,98118957845376
13,05601920593750	11,94878861002790
4,54313091000581	1,85471456911810
1,59216306544523	3,23804977605319
13,89539121774350	10,46690093361410
-9,16474036047506	-6,82798914694878
3,72556244855206	3,76475211326550
12,58216908537690	10,13211859952900
4,28352601601165	4,08574609653886
13,27493837142080	10,06623681017970
11,30479289855320	10,65011073822990
5,39236069312426	5,25605961159967
12,30071802725060	10,09125296930930
-8,75444113850548	-5,89409701006254
-8,63715879181925	-5,67962973182068
3,31498382963372	2,59781031233079
14,39937354088810	11,72576510129460
-7,37861670775817	-6,87365718020009
4,12651498113145	0,81318521289343
4,04420250627212	1,09195455225077
13,93910344908760	11,72287229597150
4,67105676581381	3,13845611230778
-9,49811467207635	-7,64906926244303
6,13136356286620	3,14465593255550
3,87250733635998	4,00658282162739
-8,64535895438454	-7,00620440067584
4,08807890048628	0,97477228327497
-8,21860820482762	-7,51963983338028
3,70801915313115	2,40026742331183
4,53328812963704	2,03790236469543
-7,27196559777596	-7,36438327922166
-9,00282105535173	-8,17497873943873
12,51093067520870	9,79951783445938
14,48100263064180	10,09673557545110
-7,60681017505076	-5,07523365032354
5,83168464881493	3,35358093560296
13,57518274387230	9,21514102412969
12,74530206604450	10,37644185890220
-9,30356464614751	-7,65199316803012
4,68142989793083	2,29982925815303
13,44029201801710	11,98820271159650
-8,58218633018498	-5,63383884203457
13,00956475338000	12,25157524364050
4,49052096852728	1,01488715713231
11,63558902650430	12,18072862604080
12,53083622162250	11,45517675442430
-8,28199066227204	-7,88101680292122
-8,46049491657191	-5,84920827602511
4,85285869246002	2,52015160548957
11,29111898337460	8,80139595545198
-9,75548409374965	-6,62932506458541
-8,94054555745697	-5,27173644701839
-8,68114302828703	-7,06621331773194
11,35368185204000	10,89936210770100
-10,23942806230830	-4,27531247240457
13,52631983930470	10,29475712069260
3,86899373544582	4,07219758451739
5,12718957735328	4,46564843601426
4,15587336095819	3,95390246250062
2,50660122929570	2,01869872572248
13,31494889614040	9,48639100747594
-8,35950782298193	-7,19244189905739
5,05664658083389	1,38242278932603
13,09420468296370	10,57940925288280
2,92333255619259	4,62280680659018
3,95256310020034	3,77247942926620
12,88022520119500	10,26709279757460
-10,84752277709880	-8,12612233256140
4,43883859989715	4,28483179799555
-7,83735396087492	-6,73952206473883
-8,55429086782173	-6,08942020405270
-8,78610718950841	-6,23667107930115
-9,10417672276110	-5,82284562834109
-9,82706353072419	-6,11179868471725
3,63574339348998	1,89222318702643
3,29977880420102	2,75333256816674
4,39269923128950	1,70892201786835
-11,81822603252640	-6,61417726025062
-7,84821660988351	-6,91424861952553
5,07276087073662	2,16707072838308
-9,91851274550674	-8,42758114748925
-8,92684347442949	-6,11070885971910
-8,17517731380994	-5,39887956523648
12,10862379726730	9,04288788080658
13,69586777396910	12,64734253148150
11,28627781053720	9,09609493480409
-8,99512167619426	-4,62478183862150
12,35654650919350	10,00540758571050
-9,59130183254812	-5,06505891659900
-8,19375257496069	-7,56551557017446
-10,03131607336630	-5,76652519760041
3,91563581575215	3,63659505757783
-6,68550086175063	-5,22162700066050
13,85755999093490	9,37564155688063
13,06445094536130	11,73212111820150
4,93868715357969	2,53114485886989
-8,98067723218749	-3,47671499186825
-8,68285758417702	-6,62360023604869
3,79469179967170	2,15755427610787
1,89525896295689	2,51833212261541
5,56802666796273	3,33046166491465
12,21491250660750	10,52481042711830
-8,11247926529099	-5,57972644958330
-8,27843771151962	-7,46415276244876
5,31186034371572	2,49412381161296
-9,38000500898635	-7,57641999707502
11,59729143370720	10,12150603620890
5,84867307522865	2,32887913302886
12,40348502766030	10,77960823213350
-9,60312813908909	-7,25785028638887
-9,32022480837229	-7,02366274739648
-9,44737766701931	-7,77218033554122
2,63111785385360	5,24171232559814
4,03370572662430	2,66126271002079
14,43854673971020	12,36416549427870
-11,36972218647910	-3,79327568632522
13,23957117065370	9,52510244064295
13,23361564595210	11,12770732271860
4,47591087509911	2,19620983473750
-9,94032323243068	-7,30252369684882
-9,40544162695653	-7,97844888607459
3,18048870212884	2,63846100751204
11,61759420412570	12,30283210298400
3,78157721012366	3,21505994779700
13,39397962510200	12,14623199981020
12,12162393236240	10,05749654041590
-7,82141139898688	-5,35208832014350
14,79647219182090	12,43138281487030
4,92991848278478	2,61402473995038
13,16748243757650	11,52920642151170
3,76703303911496	1,44002230271932
-5,79840914656263	-7,62570526906489
13,22029716899010	9,75929974335184
-8,13336601537749	-7,76499664147344
4,76539916177469	2,90439990748463
13,78233843711050	12,45154307812230
12,49914385214150	9,40571661184942
3,02864616571387	1,14851897411501
10,71922676125830	11,07307410957880
5,15788039800145	3,84403791267126
-8,66216479914643	-5,77334197698058
2,04520712007700	1,30300519676471
-8,07468631556902	-6,69698419116919
-10,01983377876310	-5,20979442717966
4,92633658883766	2,90445151405461
4,00087800483499	3,66647338456531
-9,38546126232057	-5,65139883387862
11,11636004872900	12,05444599232500
13,04178921298110	10,24195691585040
4,75641953720330	2,77545921353614
-7,41017368217902	-7,64252093693618
9,48452113053373	10,00733367788530
-9,17821834664468	-6,69750316372673
4,39304423602786	3,26018268687873
11,74984251374540	12,72014763190870
-8,14375141515228	-6,93169769008244
4,71054170074292	2,07631972952529
4,03253333859520	1,49521040928162
12,27383763633030	9,98381347168998
13,42043399307810	11,37285708862620
13,80826216690320	10,95405764007810
-8,84236198291055	-8,29611604627209
12,33891009344640	10,27301581350850
4,77177217784644	3,39406619807436
4,63796691082545	4,45329412683687
14,02474870581570	10,79847112762760
4,14385431283685	0,96987550242874
4,23735866852104	2,27662998778377
-9,97565264961525	-5,60213712203818
-8,24511014537172	-6,44497225561786
-9,22499414906325	-5,58815955090868
4,59639469593184	2,58443743945755
4,22787008700382	4,03650485281305
-8,10223502289062	-9,28287417960040
5,79185929950018	3,66121246942003
-10,14458595861850	-5,00430401025569
5,70029096940127	2,84590666318120
3,27535857455619	2,26135441083498
6,64530351886542	1,46129111384028
-10,63251646354900	-7,61836272475385
4,83296196142010	1,92659943230754
13,67228769784380	9,89316334763564
4,85305433378544	1,67547185310526
-8,61677450322171	-7,64442799436004
5,59020223946236	3,98548204706203
5,18853843633459	1,32611126511148
-9,79970387585939	-4,69107254913667
13,94554820112300	12,49637827791520
2,18113906378238	1,09705063448544
5,51085596403006	2,38742308989281
12,97656722583050	10,39871897380200
-10,36045863131210	-7,00446021625029
-9,97753620756103	-4,79536435546117
4,04465270885064	3,14743844467985
3,03783345832404	2,41582790043212
13,02503291546370	12,16655819615490
2,93741013783867	1,75750256088052
12,17612581550150	12,75748413746030
-8,85759094402646	-5,01326635090068
13,50369017439840	11,29880227094800
11,93226080903870	9,55404321557410
-8,63237603376112	-5,44031903140286
10,72008340380550	9,61099064691086
-7,99356231325192	-6,70818419338778
13,78806005174910	9,93519094037805
-9,07289550481947	-6,01702387476071
-7,42634524162122	-6,22675086663335
3,56231253710183	3,59480413286605
-8,76497159669184	-6,49932758132398
12,00988444164360	10,97302254158690
11,93143183423670	12,12448573486800
4,87698109198479	5,21711628900235
-8,42321352246824	-7,15000635723171
-8,51866674294534	-6,13618954903065
-8,45438500646254	-7,02787922000814
-8,50766449702400	-5,75492330673251
-8,39109100211856	-5,09366291304809
-8,93163564405586	-6,25603619590371
5,03981245113017	1,80355202904541
-9,74124596118973	-7,90126852189846
5,58131632099640	4,00776139437519
12,00065743493350	9,79262035271789
12,91471554200390	11,14810225968980
-7,60075038625238	-5,89132796002751
-8,49877584792385	-6,54962631103186
2,95440920967263	3,51342152051966
4,23054350765196	1,65767021724137
-9,17279254077021	-6,60868848913503
11,10090701039910	12,14827043881950
14,00019470790720	10,48570688119970
10,35719411132330	10,87589422960730
4,49234272997425	3,08759876085569
2,72795607589138	1,69359237516871
-8,83003191196787	-6,28506915555219
-9,46488563660368	-6,24342471742521
2,75596619282818	2,72426005647664
-8,84290024271287	-5,58812116552817
3,67848341881578	3,89123532946394
-10,42853364938680	-4,93015779452198
-8,38717821573665	-2,84506184174264
5,05172752531350	2,33418260025039
12,94519337491710	11,86706827544920
-9,70050310968273	-7,05327311890990
13,21008331158010	11,67880899758610
3,13920134970518	2,47344692253075
13,40994356033970	11,03230460787720
-9,69448129392493	-6,84910093528864
-7,60239005407112	-6,68159554020681
13,44945341420680	9,56945723399323
-8,77131855086848	-7,52876238822073
6,66640874133502	2,87116330607789
13,78364820520870	12,25593116822970
3,52227316803538	3,17960518554465
14,83896385583870	10,49361985834550
13,40212860460260	11,48624619370140
4,62988511891920	3,03640519526404
3,68491403601996	3,56650630099288
-8,55607049336983	-6,13164837799520
12,92546077966900	9,73246786594639
11,95911506255400	9,48640323477907
4,54478488062313	2,89410597630365
2,01539339615836	1,88190850505637
6,10702124765844	1,33420240756252
14,25977651475790	9,38824573725951
13,13920274712690	9,37326465458112
-7,25696614021489	-8,49145793329672
4,35174238724760	2,92618085218203
14,43905654746600	12,33370394472710
4,00563256779882	3,22048628905435
-6,52701450436329	-6,06730181491436
13,76768128988510	7,97542873928308
12,21334278821240	11,42592868428360
13,02104500642670	12,25163672347640
3,03919502143470	2,85104549325008
-9,44018841341189	-7,67204581222341
-7,82427673235267	-4,68918853949269
12,63660883617260	11,64549940946160
-8,93348839936278	-6,12470357161147
4,58353217531602	1,70326561669865
13,13755450324690	10,41974453432070
5,07251542719474	1,86383839753766
14,66368537892200	11,72091530927250
-6,87163066389253	-5,72413748564219
-7,35620862538311	-5,43991968326070
13,50703718692690	9,86912092835019
3,02410027683174	2,93368257109592
3,65971991566252	1,04929488359203
-9,06146003653342	-5,20791576556616
12,36802574549590	10,69352046464430
-8,30149769613594	-5,19404584516492
-9,09483443840791	-6,97013240518176
4,82345515331759	3,03211857752669
4,20730981484860	2,47827897543981
4,25724412652744	3,43555272922042
-10,55424034168990	-8,14380056213788
5,13216042574355	3,33748902919738
3,53547859535982	3,45493519540554
3,08804336790669	4,64035224316689
11,61035584642190	8,46411350217051
14,82171544503610	10,47653145066580
-8,53462261616424	-9,11977525997973
2,25604610577949	1,37331430876695
12,50917806669460	10,84660861286900
-10,18402610857670	-7,29363793854228
12,41004264651020	11,73948064211660
4,59898083300939	3,27304291968340
13,18749973295820	9,55909679911817
3,24945494474310	3,30214562019077
13,86417872168700	10,02415587433340
-7,41641112730477	-6,29787195149016
3,33197982705881	3,98352618750599
4,37904834376670	0,97739096103792
2,77964458017058	0,60813631611255
4,12036780806423	2,62487152015886
4,71385109591261	5,06335008195423
-8,23103123879523	-7,92389129834769
-8,48765481956842	-7,08282631272155
-6,26873981355057	-7,75500450794109
-9,10138199734093	-6,27921087406271
-8,35725571850210	-6,45923328466431
3,99739777744693	2,55630804169689
-8,08994277499671	-6,20402085906756
-8,96415490998001	-6,57614803208770
3,70732915649900	2,72298290747892
3,04625857604162	3,36379168578902
3,77286254226294	5,05549808031035
-7,94183324052682	-5,38609158874615
-7,83981463993091	-8,45667249936928
12,56213557120350	12,48368322671220
-7,23915285807529	-7,11112394561497
-8,11122507923241	-5,80662809795753
3,78439698073431	2,45444154351825
-9,79278467953562	-6,38454604893946
5,44163803392891	2,80911613426263
11,17131171721910	10,57791998091370
3,49886164762014	3,72210259391949
-7,47660972568875	-6,55419098571626
3,06991176962369	1,83558509661574
3,86059005567385	1,84450472558636
13,73193261718760	8,98248878962668
5,20054107094118	2,16680666226807
3,44183931970715	2,68308861492415
3,14827878201698	1,84102199960027
5,53938816657933	4,75955821606123
-8,98857973767689	-7,05259619491772
3,17652945892113	2,57860608834856
-10,05370267296270	-4,99526187919877
-9,43480675588460	-5,76706410935384
3,33605662750776	4,65719336303203
-9,70399822276178	-6,86036661691148
-7,68625521278947	-4,74115390850387
-9,63942538682452	-6,90159544380930
3,75050553338725	3,79809400836796
6,42286011275226	2,91916870957938
12,06087063431210	12,09580335165500
4,99401708711726	3,77522352471529
9,82586631698088	10,52969701125320
-8,71147947631573	-6,96838293762540
-10,42158138918110	-7,69586631862851
-8,11160956517451	-5,80172307697197
-9,08598699240066	-6,45960103305892
13,62003684046480	9,00426698735553
-7,94778960509017	-5,86036797983775
-8,87077091259446	-6,23786565216222
2,88501273884997	1,01406043859222
11,94200438054480	12,06265397469870
-11,65355134684020	-5,58115605600951
-7,69899842455328	-5,53239151330136
11,77630984263740	10,67850002337080
4,18965233007078	3,10067119438387
-7,59509232024042	-5,73899561680494
3,86326689959275	2,88838782423770
13,50513008957940	9,85678830044108
-8,16409294255416	-6,28212059178617
5,94263819759608	3,03350109096091
-10,53363136673050	-7,43889270004631
-8,80721668446268	-6,70598422909473
3,04107455368355	1,07915158247416
-10,54827722562150	-6,26980939096899
4,20213497369617	1,83057543873668
13,24738054321040	9,77263939907771
-8,39980151572292	-6,88546970387731
11,91972216107490	12,95108232023340
4,84928716520026	2,43352629008254
-8,72326217759006	-7,81451323153767
13,43671179894040	11,08756156362660
-7,77974882111132	-6,42444172977235
2,10278563159699	3,23108232457065
13,76858619947140	11,17667946307850
-9,58510720179785	-5,03496025707435
12,93371102117230	11,64424424115020
-8,62317455967185	-7,99353769519838
-11,45312127780040	-6,75740159570391
-10,24893298809720	-6,15236243418425
-10,15166179970990	-7,89216695813011
-9,49679339461219	-5,46350663247073
15,11220418920010	10,40960267501410
-9,18633354594918	-5,95655132782674
-8,36698892652083	-6,28546505944224
-7,75509348002628	-6,55645284369854
11,29266896767460	10,03640625753160
3,24912871645265	2,29853419057274
-9,09455819903833	-4,66091423226439
12,30269505727550	9,77901549573654
12,59245163089650	7,82565627360020
12,47452521272310	9,99116899061368
4,19953724474178	0,78714326934914
4,85131969164249	1,65602784012358
-8,55616051673161	-6,81687766776841
-6,29484634469210	-6,96735206063270
3,19948480362531	2,81159711483972
-8,97494860721841	-6,72202992071269
13,68451161360390	10,64095477482250
4,43461986973774	4,61900189141100
-9,52466098324896	-5,97902498905729
3,81707699641585	3,85787692380922
12,66255575698880	11,28605764682160
-9,75998320419171	-6,62948440760245
-8,18227950535919	-5,30616490995827
13,90638939968610	7,96395908899908
-9,58675227490999	-6,31293113665695
12,17466983642910	9,40235268817609
12,93118001606830	9,33307933058750
4,80206018911531	2,84446049739264
12,70451377324700	11,57184635740590
14,27339710544840	11,11391857943520
3,86644164168856	2,97832304073955
13,13665504216550	11,06583962335930
13,64397402921610	9,88911213574014
3,54034933784628	4,13512364986681
-8,20677433072958	-6,30417619884149
-8,95852505126329	-5,46272880180608
13,80502697876070	11,50050225130620
-10,33295274361450	-5,97526850402162
4,70476419730732	0,61640392086594
-7,32223445558257	-6,05685231653750
-8,16145508448606	-6,65911038093117
3,75836070072397	2,15398407667624
-9,82200172994686	-6,00439944147136
3,47402997889190	2,52915634010106
14,32263288570750	11,33434967765070
15,49834981651130	10,42334272817420
4,29911512834074	3,04251169367413
4,13198568585463	3,34016485320706
-10,06620459393170	-4,99613314250903
11,25918714047660	10,12644499127020
13,10473316213760	11,01089275053840
-9,22105305409524	-5,90253383913001
13,16962763554220	10,66404601643280
-10,43832813130140	-7,36795565380621
2,88912871177326	3,62009164881319
-8,54199333192147	-6,60587993263050
13,07965201273160	9,57507526481044
-10,08575944922120	-3,74696470665729
-8,51287091636288	-6,88630270524332
-10,27061021854090	-5,43346986374716
-10,12060210572410	-4,16332305904923
11,65139330641240	10,86938805285910
12,74437708762310	11,07509786214700
3,33551769564264	3,07283332456510
13,22701178115680	10,40955734281680
-8,38745031745318	-8,03899296205585
-9,07440659717408	-5,02281187058624
-7,91049955337016	-5,67081262703559
4,71356132158417	2,54721710571649
12,61467875515780	10,57577003031430
14,17746702000780	11,10812249206480
12,91340732966950	11,59069675500040
12,57512166116720	9,75317995795681
12,39799089009800	10,79154329250300
5,27939876909450	2,29094232175437
13,79958560360040	10,29567867460730
-7,47378578310573	-4,53544767040828
-9,72069467269622	-5,16930337701703
-10,32859670587690	-7,80837981586447
4,72503685379167	2,31092255208536
13,70587734451120	11,50469687927860
3,19041042025499	1,99278074239527
13,44690650599020	10,31566580442520
2,63323861027120	1,95809604014931
3,95166938178681	3,36230703181238
3,19383306177460	3,47683388766222
-9,35090462874342	-6,73325808652992
13,31021215270000	11,30700943374280
-8,82627660782637	-6,15801283861251
-8,38182187730622	-3,94560423070828
13,73661384256870	11,59552048810680
-8,91383935392236	-6,55857787603470
-10,77914083120760	-6,38502399199467
-8,91653996099583	-5,82279041130624
3,45179060051576	3,85815079456284
3,66899658115167	2,21610397035422
5,34626660065837	3,94844585612121
-9,20650462966034	-5,50479711981930
-9,20692504007243	-6,59277014634102
3,80248726821758	2,03897414511471
3,66158542623141	4,37046512240825
-7,76438688671911	-6,18630096433462
-9,25977011112063	-6,75887837092403
4,52980739307055	4,24388739425029
4,16866977112473	3,95943684674094
3,50551784243524	2,89546983279182
-8,12340600211268	-5,75230653493724
-9,47030552559749	-6,29505009886108
-9,89453190057006	-5,88537749672350
11,48041042057470	9,55817423699557
3,49921323595003	4,60414594660918
5,00658904146226	1,28178472667163
12,68170268723610	10,24592612024280
13,29137020727170	10,48300486333410
11,64549296882900	11,17149073013810
-8,26791077860322	-6,72729587518871
13,14714972035420	11,03422154466930
13,46636897579230	9,89855187135039
-8,25789945985839	-6,13136452815940
4,05718130036598	4,31752601665495
12,50950888366780	10,83387313050160
13,81609611239870	9,98994353086815
-9,50380511399132	-4,57983712383735
13,52550300901790	10,56336244926620
4,27055053884055	2,43758272384137
11,09414746145800	11,31359469408540
5,58058389713601	1,12235322267047
-9,01026549929310	-4,98711699699505
-10,15249154987710	-5,56508936278357
-10,17568729124350	-6,34364574459553
12,84372637636260	9,93620581539307
3,81481064171287	1,71790422931549
-8,74689732918150	-3,94259943354657
13,08796252313740	12,51042507682100
13,74393929466280	9,67184916318486
13,68686242568150	10,49611645080770
11,43788061343350	10,41792479357520
4,99806064814785	3,71709382793910
-8,23818591561921	-5,07989762385345
12,80770011377620	10,39541259980700
14,60997650226050	10,46966024665190
-8,22170624587708	-3,70988836187060
-7,35657992666045	-7,71791317909457
-9,60465078297996	-7,94051408696977
-7,77817071515710	-4,99960471548695
4,83104585726158	1,22850089469325
-8,95824822076749	-4,93527921569294
-7,58508271716701	-5,37142459778762
-8,03880662881627	-9,11379610730442
6,80710068570169	2,28304104714790
-8,31320234179553	-5,52193388061003
13,43725084933760	11,12859727607080
4,69415637628230	2,08467230615280
13,30183191222430	10,55261054081410
5,02089580025692	1,41571531287421
3,80779738724307	1,22737107062015
6,10406837127443	2,47706622409127
3,00469922829761	1,89696368260814
2,54886792669492	2,15771515267643
14,56506568349690	9,21699146240150
12,40658245673630	10,42235630124880
4,55807135623831	1,89320043357357
2,32588554446752	2,01847726410253
-7,96018623587089	-4,69518593810289
13,27896727282740	11,02863139375970
-7,89320461478341	-7,18881934016485
-8,30563282608746	-5,12509430139664
-7,14727173756345	-6,76837515881381
-9,91717831073640	-7,70182845453147
-8,54364329917445	-6,68632443402087
13,24620137332130	11,76226286172910
3,29692334981126	2,18827309909896
12,35832501105540	9,01357017953693
3,74653135159018	2,68646142757873
14,29611645304780	11,32148749826350
4,66226150953994	3,25073201017717
13,36940324078950	10,82009791008030
14,78696343591070	9,54245344632319
5,52904450381983	1,87037336779513
14,16455045365000	10,83229105671220
-10,70626069368350	-5,89610268835260
-11,06714190910360	-5,61096718161629
-8,37716117436409	-6,59089333349827
12,33787446636390	10,98778441653360
11,86646940788110	10,42154877269790
-8,98614518720600	-6,13254398347760
4,63626819166546	1,04904611626045
-8,94976916748336	-6,16341817010280
-8,61257201442928	-6,61470142458927
-7,93399983991725	-5,90611849189295
-8,16793707285008	-7,79444544314285
10,68607574848430	10,86792788989670
12,39618749966920	10,20932612068090
5,29081134732775	3,16187776848809
11,91981233047520	10,55284750218780
12,93237099570480	11,01391284251410
12,44538626138620	9,91469634526663
11,78555506229750	11,26132795050940
5,24348903821171	2,05478755118364
-8,28905064852376	-5,38601083176106
6,50451928181544	4,27170459295714
10,83934550813270	12,38540206556490
13,91471451969780	10,03596459688660
12,85157020128880	10,11531222195060
-8,37404634991652	-6,80177597221694
3,64663198007317	3,53946852154048
12,07108301733620	10,17038992627210
10,81054685631870	10,02448623176970
-8,05287647473922	-8,43833417936320
-8,27540930246038	-7,13442993979954
12,56240368617470	10,01701187521450
5,57747235221186	2,52617002272133
-8,52124463210328	-5,24088791571207
5,70397191130670	0,83508791404507
-10,23365718131630	-5,63390355121003
4,48260591077572	3,18051369717251
12,26006150331340	10,89136239893440
3,14057865956497	2,33837440879872
-8,01745846342887	-6,57339301943862
11,53503219447010	10,28500277468110
10,97237159048630	10,29378364027670
14,48690851399020	10,80169811393330
3,81506252334334	1,46168698328618
-7,16751834965635	-7,68802105971361
-8,94714077117676	-6,29148262454556
-9,20545528219996	-7,57368406404303
3,08601053143137	2,91210811126828
4,10558836888454	4,21475411400640
14,51204142668980	9,69349736626024
4,58747922146414	3,80649525800029
3,97792085754369	2,87052667147914
6,06774950749880	3,37526369096183
-10,22912121408840	-5,33393607271993
4,85172680093523	4,02096300512116
2,84934040607597	2,92897908983069
13,71633173494040	10,97520291487430
4,69548078117500	0,70765012742051
-10,40212082241160	-8,72539261825487
2,90809306231087	1,31560602471865
13,35814827282380	9,98273315795489
4,29688417893740	4,53086988008374
4,26864211315728	1,62148120181772
11,26265100130850	10,73074287485270
14,05064302136180	12,34654165654010
11,29004851012320	10,31115457012670
13,24174711158970	12,06626352769550
13,09245881793740	9,88403138132713
10,33499992443330	11,02451516263120
5,37405266482207	2,04683927266188
3,51618583753375	1,29540673103292
13,28867024647850	11,42492290794710
2,88387129034433	1,11084092142168
-8,29878891990060	-7,64598119961775
4,69026432301344	1,58336659298394
13,99314875793320	10,92585254537350
3,92399228387636	3,56925334382501
-7,57280194415701	-4,92375955416015
4,48861784155294	2,95676435633321
13,31169977608540	10,18738049479200
3,59201710032594	2,63429700551502
4,15990623199958	3,87982238734066
12,75462949006680	11,39622102498530
3,45330414786224	1,20012151942127
4,65335082797392	3,31535271071096
4,30979283657481	3,78995590932770
12,74761565190960	11,80574247389740
-10,67901446313790	-5,61000004334073
11,57995021598620	11,36507481038690
11,35773268045870	10,79337113215360
4,39422044245453	2,97420678632734
3,82018205725183	3,08338611718667
-9,50777275365219	-5,67778950668809
12,33546009546780	9,88325172770670
5,14991955845603	3,78668420878244
11,79646295796930	12,77968585099990
4,18117325491291	3,50520419537219
-10,54768242330340	-4,76457509289129
13,57159101329450	10,36835047972700
-9,40080700651297	-6,27524723706808
4,46703044257211	2,69876883821086
-8,98039541213587	-6,15942588943482
-8,34439052065631	-7,30850969879146
4,69290893441097	2,56770394284034
-8,84538197370807	-7,24579770747050
4,42892308505509	3,28656063811805
-8,50703045115277	-6,38525127502076
13,16103205202730	8,43414729269954
4,80382870369600	2,34733473344489
3,68174601152810	2,62644975114944
10,94633886972410	8,96249653787222
2,35601798152757	3,50195951986224
-9,18150378708262	-4,10849731587948
14,54655904015180	9,92804984427706
-8,97455788793512	-4,85912947588884
11,99421809164950	10,63053270175060
-8,99276569785230	-6,85863680246025
-10,83449844486510	-6,61777703934779
-8,51790640840212	-6,06497642634463
13,02628628759560	9,88475636537195
4,56937087105923	2,33195571257694
12,53623590871650	10,06723294127690
-9,68471564403254	-7,51066309287615
-7,63105970422494	-8,63001731842039
-7,61669424642551	-5,79856570180317
5,16511614117108	1,76667182402950
3,71198068083651	2,78379119645545
12,25786035434360	9,91431230987994
-6,45911467896153	-5,69653761001076
12,88269537157040	11,44549035871170
4,22425697495787	2,96067124944113
13,36790380616780	10,34916897301140
-8,19247398031137	-8,39167154356122
4,77418843473944	0,51653990993836
-6,76987441125123	-8,00520022480840
-6,96874675096476	-8,16141478050368
12,57604593566050	10,03548001187870
12,04695059727120	10,59111111911600
12,92659185334630	9,57976146292794
13,62226695359640	12,91315926762450
-8,97799072550845	-6,68198166326814
-8,78505050622375	-4,36076060373248
-9,23372636599896	-5,10576340920002
3,06753455408850	3,31084215592133
-7,92623597820531	-6,14879782839673
6,00246260183802	4,47172317854206
2,99838872681863	4,55361084074380
12,44115336984110	13,54679402541040
4,55303009913962	4,51927042101966
4,34883311944518	2,90962594603278
14,02045984491200	8,68533953231613
-8,85255056846867	-5,54273205795821
-9,54136055116043	-4,08504361005633
-6,90650845189178	-6,01142010903472
4,97379338581563	3,73028093598775
-7,17981440130195	-7,67576854977209
-10,35959136877100	-6,55212911526036
12,60340154028370	11,83431266544340
3,84126929768872	4,57401791873841
5,22915492125103	2,20526794795925
11,70852533604240	11,23414865712060
-9,48307178905568	-5,88352782112295
-9,51827342872690	-6,23047332111703
12,72688554223500	10,72379821166640
3,26232435498056	0,34035251451357
13,02000563543210	10,35268974328640
4,03066650850128	0,40617773317621
12,00499036145980	11,43970848159620
13,56824304522730	9,20034751306551
3,96666287236343	2,51598979980372
12,62660977207810	11,84245831332970
-10,69600519465160	-6,11466474278399
-9,00249476611944	-5,52663074743867
-8,45625246641029	-6,02216225067703
14,17078892503550	10,12839478373750
14,21542128842310	10,57459883249270
4,68830244344234	3,45971614792080
2,73711849088907	3,32562222070164
12,35156081265520	10,49227645266100
4,56280195980071	4,49099402687420
4,58840796463050	2,74088023935245
-8,55673185101952	-7,35126327795561
4,87197410778418	1,40079611619659
4,56248788939017	2,91433946230455
13,28195792823620	11,00924143889020
-9,78194847458567	-4,04359137240796
-8,72022968266812	-8,37029978903566
13,56526430635030	12,57217716053010
-9,58182884003513	-6,85398918233936
3,57248002068455	3,56293632658647
11,99573389705450	8,75184025900077
-10,27001371644070	-6,08026083818345
-8,98823926510693	-7,42025668871385
4,73614728935227	2,31923620777741
2,90728913143959	2,54638600840878
-8,82347974009422	-5,85397219653768
-8,66618829168271	-7,20011432890750
4,26574483444657	2,43275539760536
3,71381171519017	2,65745887342955
-8,03477899557056	-6,67748456364463
13,06242063192790	11,81001519581050
4,73401798655227	0,84868321738802
-8,76732989544525	-6,29987524369000
5,66285794592543	3,22535100561430
4,91967024464808	2,94952378303843
-8,11760167005853	-5,58785050259839
12,53766250188930	11,76569997753720
5,81366290221420	1,82558388066332
2,96266066306690	3,70886258139626
-8,08132445477908	-7,01164697686788
12,70814605118460	10,05607452095200
13,09116729457000	11,29739673356410
12,99110800534300	9,19251491474812
-10,08134031171370	-6,24842253783364
13,59984407828560	10,25413801387180
-8,89273671110886	-5,22448966654761
4,20822016263230	2,98819720213790
-9,98284020536468	-6,33975726572764
-9,91287268403492	-8,16655126971240
12,50967826254110	11,68692646889710
13,79485693641070	12,50877698340710
-8,70447358620136	-5,20927665686331
1,99059339859178	1,78700920735301
12,67594308751900	10,59314119513230
12,44287689852220	11,39158781546900
-8,80694131447145	-6,77093695102613
-8,33099617074382	-6,71283591768982
11,72841246630210	11,83789843671580
13,31802188089290	9,92533585035177
-8,51700986949057	-5,99547903042822
-8,86242161933970	-6,65834062313169
-9,34360597131038	-5,87848752766352
5,07349709944583	0,59231830155358
-6,95380774161373	-5,33112809371075
4,11499794082738	2,21321113334599
13,29626413823700	10,69168311386640
12,00675161182470	10,24229403388150
-8,43476469745052	-6,09734473478743
-8,15325933700848	-6,89171419546068
3,20878824681637	4,19013671346630
13,87556588369040	13,36625303168730
-7,20442093338607	-4,56399714973555
4,50544169446406	3,32890616949108
3,77036998330161	2,50187834914912
-8,24256753986559	-5,94741838935024
13,02272118000740	9,46108866857449
12,16679468660440	10,81381831025020
4,22600094469389	3,12905621251873
-9,94742020043294	-6,11616959192649
12,13657419534650	8,54908995904025
3,40274515308246	4,57779462222761
3,30056591444188	2,88046016041952
-9,50028291315400	-4,49597414869213
-9,45152142486763	-5,76413898499238
4,30108881666628	2,38844421442968
2,24474008200835	1,36624886213201
-8,52796420970319	-7,37339592515075
3,12315747570573	2,94437036436913
14,10612732816850	10,34873932770890
3,97761264867544	2,22375278027815
4,43104717246450	2,52582526797664
4,32505125982610	3,24574145521541
-10,00025013525450	-6,36163389534988
12,68542775518880	11,89178123345850
14,26589381027390	10,12059472034420
13,00137862835090	10,40718757140900
5,21925739113042	3,85326162590311
11,68963802860760	10,62464012963970
-9,25491792549590	-6,25059733718911
4,29970724184128	1,90580395924871
13,42621964011090	9,88641886818175
-7,30500688842950	-5,36447836333837
-7,71025140139009	-5,86432731012567
14,53631325677900	10,60279669706740
3,30112530943592	2,23224282807548
4,15488845963017	2,78035388635784
12,69764231666290	10,35102233448590
3,82039391743184	1,84447050301471
12,96972491485670	10,67057741022730
4,67222929723168	2,05010013904641
-8,71265089923344	-6,42184776795496
-8,00263496464094	-6,48640076868973
-10,40023930933450	-7,89231065005334
-6,02526767523147	-9,92615920655050
13,06588227063600	11,86328558374280
3,11277126122958	2,43109199997881
5,11959398182648	3,98196174583677
-8,75089379703304	-4,32870229525239
3,66883834831936	2,90790989065280
3,22352207564976	2,25342845457426
-9,29189365381147	-6,44048147823042
12,55821564217590	8,14882291517634
-9,37002469085802	-6,13929845589922
-9,64868269638234	-7,02662667432790
3,70154162005248	2,60866163234680
12,97608935222400	10,26034400969410
-9,62957786787680	-5,62616431543373
3,96897093934197	2,44691668597576
4,33527354056833	2,53465206758461
14,26515172428200	10,10481412951300
5,21346056493704	3,94253374410449
-9,81768668924057	-7,60955038674086
11,97187000850240	9,78057355488493
-8,81596482531134	-5,17274044723706
-8,72218849000425	-3,97493545702915
12,65360875613830	11,66674445563840
11,98603374923790	11,63968891529910
3,64015989381206	5,26163321107023
5,16815637984860	2,59032122043717
14,46844129269320	11,35290924576670
-11,20276625842020	-5,37185812260970
2,38404619218708	2,63698414519796
-9,36646394450779	-6,13179991216721
7,11926665865845	3,40627439381117
12,07742283353790	10,77059844599640
3,24254435191008	1,28110843327539
13,73890081099330	10,64993212849520
4,63382807787106	2,96450054564520
-9,24154846401908	-6,16144326942279
12,78562490523940	10,12259784390180
4,56384323457389	3,44387679195315
4,41186923588790	1,79482685971547
11,37224165715330	10,69048859719660
3,95424965080359	2,23226617794918
15,03601203228380	10,61039332645410
4,98585147216915	3,75773435950383
13,61140468326750	11,33815211271260
-10,98422562809190	-6,31130057755043
13,94417625297000	8,72358706824335
13,43410015852160	9,77881831844626
13,09537435322910	8,71141363909141
13,00073136076900	10,92638977820260
5,28796064108115	1,38024636852926
2,89950636346416	3,22779470774273
4,63999456891882	1,31722394742629
5,85562416289549	2,91307149223064
2,09330738377960	3,83339625784425
5,32816221151260	1,73439463118370
4,90163585347273	1,97944063507661
12,14449910686050	11,24262531478540
3,24753752379330	4,18049347197128
13,68197199883460	10,92314815047670
3,49897811623796	2,77138203914641
-9,08312744218401	-6,81776860612283
-7,31805485277939	-6,22160962786988
13,20360534088120	10,12028942964050
4,48902823554213	2,99085595944023
2,86180109976809	2,79040592232278
13,51168731305060	11,36221189868880
12,76891818273400	12,12582166152920
14,64780255948160	10,31585491382770
5,76014071212539	2,30221864587515
3,73295306515958	3,05967853546763
-9,08714803370857	-6,90728725468966
-7,36531038408876	-6,68747381582906
-7,80902078091677	-6,52457411840025
12,81727936092120	10,91489644787520
12,19528449271790	11,51958572025120
11,76259966259710	10,51351840181600
-9,12904240466912	-6,59062305184292
13,66534946401680	11,23422422506690
4,27505823318299	3,48685216259945
3,73778505386559	2,33071634828997
13,21840818319330	10,62577549825050
13,34293536016080	11,96034059006160
-8,64547651368961	-4,87362699971962
-8,26580813734528	-6,48728530977367
3,47914225605348	1,53477420255999
3,93506952624316	3,05466204789079
2,31779687953715	2,01176925732757
4,55209596927455	3,46636192927348
-7,11580203128903	-5,66213036328084
12,82714800273500	10,80906474826810
2,97292718045243	2,68443255903033
4,26010386864693	2,64876380096915
3,63029431476576	2,77119331202418
7,03039927278895	3,67299688056496
-9,55850685794536	-7,89543094096595
3,55153200805496	1,86771767347016
-9,17411577930070	-8,11173499983666
5,73157971086121	1,55834230150199
5,83220858678460	4,28983183887081
13,13723340289360	10,92021509262000
13,09519675277930	9,58856198851985
-8,88774741711044	-6,20664065508819
5,13858470336380	3,42313623711435
4,05888561799140	3,64966084527968
2,71000900097126	2,61256258590557
13,61077510741650	10,79245757646010
-8,20732650809676	-5,54025568202071
16,20163200169100	9,39473529596785
4,18366858799234	3,46276281970086
4,95532753449732	2,52544721533617
12,82897380279400	13,29091212639380
12,73796568691920	10,15707979304210
5,41971133630639	2,91759848862144
-9,42566879049974	-6,36432843474762
-8,96925452749457	-5,71219976420743
-9,14014898046429	-5,89048468929219
-7,52225676007284	-5,73053597165369
-7,87459436876213	-6,45354578604388
-10,06684757527020	-8,71636999593053
3,61686655965623	4,44307631916310
-8,15479337423740	-7,75008191226735
-10,03465343129900	-5,97403172113290
-8,30882466198736	-6,68357167771937
14,49745839421170	10,50287019238470
-9,60485971032213	-4,76484641984762
12,80062687509890	10,54966527730370
3,33192543475169	1,43920521338301
12,82335094842900	11,00350169125230
13,28620823085870	9,04713995007660
10,01387618961190	9,00298619447727
-9,23683209323719	-6,64650753541752
-9,42955243141916	-7,27371765874137
1,94911707315473	2,39795408866781
11,20003773616660	8,69525614373498
-8,62775406036802	-6,28544651290849
14,46315766149130	10,85621915120770
-8,77871619896088	-4,71581638313915
12,41817292347790	9,56697116577763
-9,05267078286243	-6,86888231215122
14,12591667678450	10,78695632374570
-8,89664658951750	-6,23173739161287
3,40111551933576	2,01566850377278
4,25647377773624	1,64882979728112
12,32328383868730	9,66116321578521
-9,86944049231766	-6,27083386274431
13,05163369883960	10,28621142144300
-9,04720171239088	-5,78731239370667
3,50826612996722	2,74922951241949
-11,70119118890330	-4,73402818946799
2,41058611007126	1,78021260892944
-10,62758832643220	-5,93962997322206
-9,37251160217842	-5,56926742072687
13,90557117815730	9,77620617585639
13,07841156876320	11,16893729408710
-8,80837756641674	-4,99144095239905
14,42160765698570	11,15811056511620
3,42481675161675	3,41807297546339
2,55405723316071	3,38801415871036
12,75999963920900	9,69007201279827
11,05959149524770	9,82284394560224
12,68844530927380	10,90469449921760
11,77450082684370	10,44630183151640
12,32640942694980	9,36779799249581
-8,60634013086171	-7,20651148270085
-8,03530673762823	-6,15542185338094
-10,27045813987310	-5,82802250188716
12,27858667368950	12,01518660819860
-10,58173634076680	-4,33717651553776
14,16249459387980	10,18619342850640
12,44911410614840	10,83269159149610
-7,74990746875014	-5,18544775657110
11,28775833149750	12,12096549327220
10,38378481979370	9,92800605319324
-9,90937327031107	-6,62055069569956
-7,41165798975962	-8,87922412225619
-9,41741404433207	-7,02195419562632
5,09319832891311	1,33141844438546
13,38889775542880	9,50162710892760
-10,14825861259400	-6,13575816910168
6,31640170111573	2,51047662372350
-10,68027302390960	-6,30473062012991
-8,14442682775905	-5,91879981228808
4,35817159709437	1,98636437947596
-8,79885131997546	-5,13756956976957
12,16722932011370	11,75636428491280
-10,01694189467600	-5,58702801901602
-7,40016137026850	-7,77024326882302
12,60169322093440	10,64019939505960
14,94268784428300	10,37021336065000
3,88950887630774	2,61898543864803
13,21507280857370	9,70310874311230
3,27452223201134	4,04177942873653
3,87935596896041	3,26101705072280
-8,39645862414330	-6,74949738853944
3,68849166055383	3,73160009912242
1,36133839135560	0,40695159534196
2,59074086800401	2,42305694706748
2,76389513793437	4,13337741548601
3,84217372322611	2,98605963842641
3,85978525977788	3,47655923491394
3,01886585587668	5,41089080435217
4,09811999582124	1,99841055124636
12,44876385798540	12,02912703073380
13,73762411569200	10,65645480693500
-8,51800128652679	-6,32344862689757
14,31525449249250	12,23594722153590
-9,11650927708516	-6,32176813830633
14,28887871040450	10,47301995327410
-9,00346857561722	-5,81912786416614
3,54185759511036	0,62646483604597
4,40416009621278	3,69949529594342
3,81921864897375	2,04979806566052
-9,17986434945132	-5,87675292114249
12,05157337130650	9,47316014363721
12,72595424707760	9,78516649402448
13,92542549525460	12,89363436722260
-8,43161647107856	-7,33750977907026
-8,01118328291070	-6,12271719187029
-8,61313792778813	-4,64229382184659
-7,92084871872622	-5,63479309100989
4,93372938207640	2,62778611054862
-9,38936522965889	-6,33009325010445
5,31993086971347	1,83791042098609
12,51080031684910	8,22209213748883
11,63424290961700	10,87151346425250
11,19940838984970	10,40374476394270
-11,21165756924550	-5,94158348728241
-9,53586092424775	-4,66163690398748
11,35617624808450	10,62373005918450
3,51262055624538	1,97337329215434
13,22683746336750	11,05180270849590
-7,31861471084428	-3,86373115759715
3,69707809872109	2,83715102803826
4,30862122126173	2,08023088863799
-9,43951633604177	-8,01118204676402
4,24320263374673	1,22934746180301
4,72777824955687	2,64142361887568
4,37830912121848	1,99361310678830
15,48425669906830	11,41776853784700
3,47126583249921	1,35073989056342
4,44063902301616	2,72868683164222
14,31637723172910	11,33049102297360
11,86288437183110	8,17623741850041
3,67070415977494	3,16441428043057
13,71661037633960	12,01109118307750
12,41195128085070	9,53455457512633
11,30942643051530	11,27381037687150
13,67713206119790	10,99489431915100
-7,43281066434500	-5,48406774465983
-8,30407977913165	-8,05931267430441
3,69078841310639	0,80015340617179
-8,02237231057111	-5,26113792056410
-10,73547842100300	-4,81557217322557
5,28492689339310	3,18053835152868
-7,15890849738766	-4,76410211291390
13,30459803307650	11,19073459236440
11,44500137368100	12,65539559064160
-8,78650895566076	-8,36825602846829
13,44333907889710	11,86835145850710
-8,48831550734228	-8,15566600247082
-7,44577240524125	-7,67168574997949
3,25789548542895	4,38072113906840
14,24937345771630	10,90650220366530
5,26028934916449	1,42348421120010
5,66513066043997	2,22827945487779
3,42637524494007	2,74045998062711
-6,88822066078200	-5,30801654139495
-8,78418345341192	-7,85011588071293
3,49679526081532	3,91116560878030
3,06031987740696	1,75975325578644
11,63868296097120	11,12836133544800
4,20379539217457	3,46689888564430
12,85107822961900	9,66657829360610
4,83562054862250	3,38051151408033
-8,97649938901097	-7,20287112146831
-7,59848267553215	-6,00636072033934
12,49305914163090	11,37967947754300
5,60244281779862	3,08011719330095
3,78798762720216	3,07364811108413
13,07656053736560	12,29187838537830
3,49776353511748	3,66968880028194
3,37868191892948	3,42758197057495
-8,35059552456005	-7,30403254728527
12,55924172373470	11,44496372946860
-10,35833535478430	-6,59329776246661
13,89708131920910	11,21132940915120
12,24306317534090	10,80869652760280
3,55310961180687	3,01112740320086
11,95306838409850	11,75556582488480
13,45858333587210	11,09994727179310
-9,12451081641527	-6,19490106165182
4,05185957088014	2,12840468278291
-10,66583263942330	-5,83549765435223
1,66736159582307	3,39313073868213
5,20478804902069	2,91743111790764
14,99161715230900	10,27333457090760
-8,76116284011867	-7,69242065506420
11,90485040149260	10,65011268330610
-8,55078459762386	-7,30764592637706
-6,91545497386520	-6,34640503770346
4,87880607917639	3,27957524440308
14,25002101651550	11,79398382941400
6,65027031403906	1,81535223021150
14,13631972663520	10,75264703668600
6,38015167792633	1,96127340902856
-10,15619382892540	-7,79457321439627
12,80879735710900	11,44658887773240
4,18033858087833	2,38565721425569
-8,93600332385750	-6,73347611437761
5,36837773579336	1,95356411175949
-8,20819223986944	-5,78397010884492
5,31807201805037	2,06670310335331
13,13197151482250	11,83744860204830
12,48297118490860	10,86947375443890
-8,01265191327166	-8,15982237106578
-10,31352321057000	-6,85203946964864
12,90791308375490	9,73228491000706
-10,03279140000570	-6,72420724126355
14,03880979845250	10,78953890297670
14,63736804166550	12,01834440674990
-8,08591601922090	-7,34645689232475
4,56862227567245	4,00562465037162
4,38304171171872	1,53859320429269
3,79469714694802	2,25382355534000
-10,30030993106160	-5,51740862443360
-7,38423465626425	-8,05024077342057
-7,59911555551100	-6,40871000242834
-9,10360317161186	-6,08577091519640
3,80058143374498	2,78293460166496
12,85913350057300	10,00821505805330
14,39471999506280	10,34013606423490
14,70866658302000	12,13560438667920
-10,32477684137090	-7,76970385011642
5,64913007362964	3,31163155838858
3,59108767024884	3,82320008886470
4,67956021198033	1,59116684618202
3,82417169089843	3,58580224935821
4,48417937985178	0,99082255228519
-8,50009403292038	-6,28807348939916
4,87867839834740	3,26594294696259
11,49391947750760	11,07272656544420
4,28497727034911	1,97672253316030
13,17915813399660	9,75459049595377
5,99186242006699	2,42697404283570
12,86704872010960	8,51433930578469
12,03951568626360	11,55491477060140
13,82438627714760	11,07949605048970
3,55176756690549	2,90557819209552
10,84823005314680	8,77880912479964
14,08390679067480	10,85714599429770
-8,88367442088178	-6,89644192598458
4,05833646343808	2,04289890655999
-7,58562650012380	-6,29936818669506
12,75847229325200	10,63782245502770
3,06269573816082	1,98280808130292
13,15790311866750	10,73658377899770
13,43775633175130	9,89440682178123
-9,83722563508764	-8,28975967241252
3,60165210740222	2,96212817157595
-9,88096095578845	-5,44681545141837
12,73031673346970	10,29552841807890
14,02665977798890	9,25849793179574
4,32247650394953	0,98630654618939
4,40369134036873	2,79726396857707
12,55914174000580	9,81075623371252
-8,07356095566991	-7,67694925770622
-8,96745834901660	-5,50656099073604
11,90857091308960	11,26421090541520
5,03439711146792	2,13513843658643
4,93454785487504	1,70056616329681
-8,70342737524608	-6,15552424950730
-7,92169549025550	-6,52546928297730
12,49325987679510	10,54415373779010
-7,47009519288785	-5,45437203448107
-7,51051520379939	-6,10222777823082
11,80165828707380	9,78279489228537
10,43370969616520	10,29295638730660
3,83952083464636	2,12832665650755
-8,89381429208402	-6,16461885057770
3,79623110169230	2,17006770894258
4,00880615075893	3,71611535196490
13,42632914937160	10,79832236601220
13,18848060307870	10,40475139092380
12,56302198733470	9,37691354877624
4,16278711315809	2,00179295074006
-9,45893334830746	-3,89812186048449
-8,60341731042415	-5,59402644032881
13,31792091915450	10,50325485041600
4,18872836764320	1,89274703743150
12,09937204660500	10,23954065480140
11,89287490959380	12,15727764869400
11,78050287387070	10,80663775580150
10,30667150093930	11,09296388520750
-8,89146596927551	-4,33256545821924
5,66956398420031	3,23098154179138
-8,14999584234668	-6,22732319944174
14,11590081524870	12,27074062027850
-9,79861866532592	-5,66947197983018
4,69165320165929	3,10790489019612
11,37483411629080	11,39466461505450
4,72508731824203	2,99567314474115
-8,55400694976461	-6,75662211564465
4,65150276101199	2,90122622111709
12,71668249719240	12,39127406313500
2,94944678807510	4,03410073191335
13,36512096074180	10,65967272590940
5,21892105712681	0,83220829968119
5,41454572891895	0,99857696950588
-9,16630466755945	-6,07565247296189
-9,06161501806874	-6,42338956583810
4,21718252373695	3,18530727418677
-7,97389797456301	-7,74375003860871
12,21767409303370	10,54246734988660
4,09505083712240	4,20979466457546
4,00111637778102	1,69691675141152
15,38554540434720	11,33572739949260
-10,23999015030640	-4,28660871370512
12,94952697052980	11,77366139972660
11,13758065314760	11,72517343665330
-10,66025735506670	-5,84861187945933
-6,55667309153651	-6,99863137494033
-9,95590466053401	-4,69209824437178
-8,74209429702346	-6,73995643726084
3,86296565229449	1,15652179734854
2,72669254455272	3,55831348164474
4,50285376386860	1,52825966930528
-8,91637443596628	-4,61558467854870
11,46983449923200	12,12787560592450
-9,51140648375199	-6,12377353765840
12,84354901046750	12,29598002701220
5,12144284517602	3,32630778853955
-7,72482476564599	-6,42906068502202
4,55862884050079	1,28859182706205
4,47170160420030	4,47379341987424
-7,78394622736819	-6,06850309539520
-8,21885922080059	-5,79985810357581
-8,83880877498048	-2,76434416416543
-7,57352453934508	-5,61303424651873
2,56220375240356	4,29439144485199
-6,74051793577261	-6,38890070435798
5,13285082373122	3,93271789906869
3,70999954651941	3,06059022563864
3,28558787760075	4,88580162721796
2,94455162411916	3,44805529905643
12,41639994382150	11,67829761177950
4,93114855903391	2,04560844171122
14,04814961984340	10,87719160325250
-9,52703902066885	-5,75029406229385
2,71428326052606	2,40586627181082
4,90584750972220	2,13111259479768
12,83834601016660	10,32283079080540
11,40642732099670	9,68623256128127
-9,83216618426051	-8,62627627381582
-8,00439745781164	-7,31432459813049
11,14792668992200	10,89870340688460
-8,79191928048224	-7,09844929945005
4,86877047215392	5,41442512431210
12,81799539278340	11,15003978335640
4,08070359184044	2,58267488104302
5,24720681936470	2,35835481142744
-7,79866780314393	-5,38772281738586
-9,61415586141398	-7,15436463231198
4,04051223659624	3,85396256396662
-8,03491391959508	-6,23788593813448
12,96088502623290	11,10238043342180
-8,25600961833523	-6,26168994243772
11,97657162352260	11,62913020730380
2,18309458548340	3,69113839794063
13,41396014352750	9,60672880664442
12,86369504641260	10,38693828991880
3,80342835289898	3,19759561332185
-9,54696411189020	-6,36958327215595
-8,93270728113504	-5,92864685970966
-9,92362133390550	-5,72317519905535
4,70278826419854	2,68374114306630
-8,32893052710488	-6,25298607620043
-10,19382502291780	-4,02037844326572
5,39143362853524	4,78030351031267
-8,46460190086007	-6,30555934465273
3,61006121084625	0,95440805515808
4,64112636604412	2,32388204110211
5,46722012043074	2,24099831609627
5,23315208882647	2,77252829986533
-8,41572438480787	-7,45324134473320
11,53469565866340	11,26701136336500
-8,01993163175391	-7,82694832289247
-8,90290380535737	-4,71089517029974
12,11624290418220	9,50314440910235
-10,05830639686400	-4,65170372634925
-7,84003141106726	-5,41890909168237
3,35562168463027	2,34402638260136
4,86829270673059	1,67674576063877
1,03916919540616	2,58619708878341
12,13645555067720	9,49613713181765
4,74053010735863	2,60044303170143
4,08270673259997	1,80602071154605
13,95428681409920	9,84102783595078
12,08264155997710	9,03690565023678
13,56662862981670	11,19793437375120
-9,78955810294753	-7,13338186985867
-6,31608828970137	-6,16387897485323
4,79268064057062	2,51176350278057
-8,92577122839105	-5,70189777411984
1,63359546527813	2,36392700301683
4,51749986787443	3,29147796621023
-8,02101159455545	-6,29709542007756
-7,79182416777150	-7,29525660240983
-8,57361762657826	-5,39411032961366
12,32309400261810	9,12494337094447
5,64075338936189	1,43691840140973
12,84084088294050	10,96149069590580
-7,91511855638368	-5,82305701314115
12,55584734417610	13,08509916413630
11,86759127167360	11,23597975441680
-10,24020265688410	-6,85257470562564
-6,83291999553571	-8,24243645638835
-9,88602931804624	-6,13324284981234
-10,35369420987910	-4,22894753731379
13,60956422167880	12,16262028546180
-9,17004720727045	-5,41914102897228
-6,77168100605707	-5,43688890026753
2,29761378972334	2,62912867910172
12,18598051520230	8,93768852907751
3,83433307018369	1,68286147354652
-9,74719546772003	-7,09305072356060
-6,65254912992011	-4,68571275567459
5,00501402524876	1,43387742083434
-9,33221892648223	-7,22864392242118
12,36701096325270	9,85842743169503
-10,07489537702280	-6,90318861836481
-9,25870802069654	-6,79474474632481
2,67765826529046	1,74710695475931
-7,64623026641040	-7,54443134580952
-10,42087661861060	-7,26893436564933
13,28606452022120	11,48042355130920
-8,29183211855262	-5,21947982606358
3,85827941344497	1,27449003956437
4,17378214791109	3,13749288205976
14,18955711840230	12,27574082416580
5,26329773374776	3,19908788284731
-7,89268756056908	-7,89447126966459
-9,88231992835056	-8,27960777114969
11,88940778713080	12,64145653485710
-8,98526381151995	-9,27895253253166
-9,47620327721274	-6,43841144645476
12,95830138519230	9,25106108458402
4,33023334704021	1,57786829582749
12,14340328558610	12,41304179983570
12,62508872933500	10,62033322171500
5,06033081019447	1,06901324802032
2,92550552769620	3,87444587011716
4,24858824249021	1,28645635676427
12,58065776739110	8,78036270110038
-8,47309674076626	-6,94435189765100
-9,06973465280126	-6,25308687217134
-8,72764331815817	-6,79986787602856
-7,85674005199117	-7,43048006567495
2,84919372402063	2,75132860355509
14,53145938180510	12,03483404417790
13,25090431221830	9,21595477718754
-7,83586001930914	-5,95775835559166
15,47095848575210	10,04438295685450
-8,01979660912987	-5,67673042882925
4,55387633886420	2,99715820947453
6,09666615516441	1,49840559252408
3,82628073683459	3,36215928433166
-7,81489588934760	-7,42952962450293
-8,25667288774102	-7,92135698698544
-10,06559316183100	-6,45358804736145
12,94939498939010	12,39506340434860
-8,66230328418457	-6,96102093285885
2,56483989555258	1,41409128863430
12,87589367896840	10,13124646120280
3,32243810300486	2,73989447491091
12,91770963162310	11,72316569995210
3,52255168290503	3,56503952256097
-8,96813503458112	-5,56478133038602
3,75767544213953	2,05196637342025
3,82178219996986	1,90434570248959
4,22444340075458	4,10048712490016
1,60181335087745	1,20837534480732
-9,25175159094903	-6,69559126151269
13,70378895865600	9,45932685036287
13,72079117312400	12,76269968263570
12,46663003041440	10,06601799267260
-9,35959233583847	-6,37881646663527
-8,79945296944360	-7,98553502781778
13,87011267845900	10,04275049686420
14,27125243295330	11,06982227294600
3,67558255357230	2,41657305834731
4,43024346413803	4,17382156832062
-9,18699447360486	-7,39071769045177
12,07445532461330	9,30903982149539
5,23111245874059	2,27359768437941
4,17637083575557	2,59084869919406
13,30218953642840	10,27798639850230
4,66388976032366	2,61976947951640
-7,93561502641639	-7,05908759289597
-8,65508206697032	-4,66193571892339
12,01149401212680	8,52215181212726
12,98300495166350	9,62410835242669
2,13486798715783	2,62113301202076
-11,32373362684290	-5,49009624881083
13,21408629497170	10,47863081184210
1,75310825203892	2,92541425221163
13,10767329686540	11,36058493989300
13,59248457099240	11,01002390080980
-8,61285566096945	-6,64286340357627
13,33718848451870	10,19830169307140
3,11754557544456	2,29866006185155
13,59924742568260	10,09698563884870
-7,63203194672557	-8,24480737587695
3,21294581954484	1,85568229639782
4,69578277009659	2,42485122763580
4,01795184209543	2,44048319783768
-11,29577308486350	-5,07280719955668
4,62184604879249	2,42730186138375
4,56669074012538	2,79223831194113
-10,26076100870490	-5,48884278683099
6,01749884739608	3,82670550413984
-8,08208654016307	-7,57621768465107
14,00688563224500	11,57958346088150
-6,72263723818644	-5,27651411139581
-7,60317306400841	-7,94792872650873
5,61967695188485	2,99183212461519
11,30213894509000	10,94967826745280
-6,93399954419095	-6,29341885202495
4,24231116010358	1,56815781876555
4,20003132142407	4,46480892622017
12,20096141009430	10,73875861388730
-8,08457322099747	-6,62512886438257
12,47645254947180	12,01685185967790
4,24915525726771	2,98860321318414
4,07512086880366	3,81348682072902
4,52327241601896	3,62177503816680
5,39921540049800	2,75299494545571
-9,46097943450771	-6,63805488377363
-9,27118607277574	-4,96263659418339
-9,08305260829475	-5,50010610039800
-9,86127400236190	-4,02800300931884
-8,07189773399005	-8,52824281057635
12,55111970099110	10,64314688048330
6,01953733766177	3,53166235026057
3,32141075025934	2,30894198314046
10,79226777927250	9,81552760173528
12,61503452238700	11,34839162533400
-9,53196571296305	-6,14600698786365
11,12107315980910	12,24748548591570
-8,25345821975674	-6,33461984955790
12,59938712888890	10,31494315844940
-9,51774379515789	-4,08664037858416
3,87563986567337	3,26732346588340
-8,27059261412700	-5,90019978546620
13,83502940196870	9,54839603993633
13,42389709283360	10,07034673360460
3,55579557521112	2,59491876003278
-8,68891075392731	-6,55226482480154
4,28873145691308	0,81762861980598
4,76728417219987	2,45188099132385
-8,91047825156748	-5,73300285041162
-6,71717353309274	-5,94766811073998
3,29932574046904	1,67401921260983
-10,12977712870710	-4,77297795599844
13,24963559922730	9,48667428227579
11,02296305991040	10,96334161316580
-9,38732494042364	-5,33210089441926
3,36502328829715	4,26958837084907
-8,71224920711336	-7,32470990286442
14,33222938957010	10,77756881531000
14,06969441435660	11,37597144278350
-8,24926650769053	-5,78397278438674
13,52349171830610	10,21881978114740
-9,73967229599070	-4,18599296061586
12,79593564191900	9,76923188686198
13,85294290353880	10,71078169412050
13,26431907876290	10,25111594524060
13,52161039141500	11,23824376086270
13,10504446793770	9,71361175341954
5,20422426593853	2,66162939181389
1,40249687285531	2,67959969013082
-7,87795428560773	-5,95315939052083
-10,19407305785340	-5,02184293246877
12,79746998257250	9,26557581855262
-9,00459382403424	-5,36349085942092
3,66284688836316	1,90258213851092
-7,98275322359741	-6,60710153814344
-9,00532154379774	-7,28724096559245
-9,30081521212978	-7,39692217501873
13,60764324585440	11,67628979219210
4,11985658833435	3,32603149250535
15,73763971816350	10,62271615264950
4,18015960289614	3,29235657348251
4,65469329372828	3,10870092944506
13,41906029499030	9,78276516333421
12,52511131848980	12,75372660839040
5,32738735457836	2,75584933748383
14,12132845361180	11,10755015927330
13,59230723474280	9,63205867487697
-9,10814175636751	-6,27142583165906
4,46513750618572	2,48632274018264
4,57056571560133	1,29274105559539
2,91012983152163	2,64728972519590
-9,08399304897917	-6,08947262896601
5,03030444462162	2,55639829668409
13,44934852513580	9,00194515914481
4,87228146074098	2,56824419611190
-9,87163619034829	-5,67458163340816
-8,80755987303058	-6,47740311231616
3,75346438741565	2,83533213883817
12,87901666553760	9,97504940051098
4,00093482293468	1,48620034176298
13,75054177647050	12,22464392193520
3,42144147691928	3,94565998754898
12,04019041341580	9,22736660560719
4,13743864191133	4,12080391921017
14,22418205402510	9,34121780654588
-11,16027941735580	-6,33846724088551
3,48875932097686	1,82487089503849
14,79706907305860	11,06205594757830
11,21321750184860	12,55839882264370
13,40586070131050	11,92398441989980
10,67445613928830	10,32323888450870
-9,41448006144800	-6,21048318022935
-7,37796631588138	-7,77577932272526
13,69439597049750	11,96524796004370
13,13706583686360	9,27988698325964
3,65333660844890	2,71861774568755
5,97678542282302	3,54223334717203
3,30359213107618	4,20558542357600
12,40524971229760	9,62674899662597
12,28759767640560	9,71028001475082
13,91794874647770	9,95441764591091
13,03831504301930	13,27721374980260
5,07528053130773	0,47219702020510
-8,43934932387971	-7,01213691016386
13,76380801041600	10,54550618456800
-10,94066187295150	-9,03599589190222
-9,27012207951663	-5,76593788032651
-8,09273320266911	-7,57957146242555
6,01229200381542	3,09938723440937
12,53280802084260	10,27613643187950
12,68066123585360	9,62222566422851
11,56653897288050	9,82230038337486
-10,24628718828270	-6,33586250690127
12,93447594121730	11,51679052477870
15,09816305072690	10,70266284630040
11,41770471492950	9,41906202991426
11,54117465707100	10,56060529903190
4,35506247874402	4,25454352971087
4,46425235935135	3,35077956158118
4,72156707769692	3,51993146817344
11,27154146113440	11,26561906808010
2,12582015084394	2,80483450715541
14,02689011974040	10,22226715405170
2,91006834820217	2,68182884989839
5,66794583837298	2,63392653119264
-8,36079177072081	-6,56564837882363
4,77126600095436	1,95859921107075
-8,63816947174177	-5,39045163232508
3,83560088554057	2,82866549976363
11,91137813681580	10,21171717462070
10,73614489977110	11,17128122753700
5,43170578134808	3,71021052622922
-9,37650856497743	-6,13169769755064
13,23785670912630	10,18593779992210
5,17279957763704	3,46863258460374
-8,10042815603875	-6,28613548119708
-8,86255907261847	-6,00022133477214
-8,14067698887386	-6,93125260650303
5,01310626601334	4,93121445370800
4,09546071351639	2,99648369420032
-8,59119938481553	-7,35677969845599
-9,01148351221017	-7,66727316929293
14,24698481100030	11,45197672600540
4,08935262364367	2,77777173035625
13,57272736026240	10,30668482452350
-7,57455831924987	-6,06416540178934
-8,65622421824476	-5,13494592754086
4,02871776519738	1,16592780855891
12,65973226397670	10,87426972870260
-8,85496642095756	-7,57461476903754
14,39251789293590	10,37758309099220
4,81076778955305	1,55238199367382
5,17219735470091	3,65757432128175
-9,23465259338705	-5,57583734886916
-10,48119198864490	-4,53106111221094
5,20502499622376	5,10044638426727
-8,26598907574259	-5,40686741114612
2,53762111435230	2,09256872576364
12,05599453170140	11,53945719606110
11,95025560993490	9,74721529630270
12,62386629287480	10,53689716338870
13,47758864466840	10,41970165522750
4,85656471266104	4,25830907067053
-8,11923478299207	-5,73984744098118
5,20041934837731	4,21869860325398
-9,41734689919019	-5,55670594200343
12,21167875346600	11,07621625450910
12,90096162813000	9,71409794096547
-7,89787292941862	-5,78388138425410
-9,70403184887870	-6,49013026064001
10,42244584081620	9,77901142078008
3,68422998773002	1,85530066505923
11,11631761235620	10,22852192067140
6,64200619762199	2,85603219077436
13,12926777252250	12,72236644228240
-9,22617748001823	-4,52313521343393
-10,09597475800220	-5,81976014174853
4,54305333930560	2,40973191441615
2,39688601147934	4,25089372949447
13,04901604786900	10,65055260084580
-8,87514155260398	-7,27721756733459
-9,87711574686009	-5,52008515790847
11,70619348921820	9,02126203030233
4,54111432318917	2,19854048005847
4,91747440504483	2,24900641002837
-11,21539703964090	-6,35329337007418
13,70913472559730	12,02639018736000
4,44268897272610	1,74656650609056
12,95208683132400	10,26504503603010
-9,04828256634517	-5,96242328884307
-8,14980808738647	-7,11677279978543
4,54581722581104	2,33993223862460
11,66943309292160	11,13332945913890
2,51561995035598	3,51445904273041
2,78899229174228	1,50541030440595
11,60021423644290	12,10827636079050
-10,24244259820890	-7,15400532981624
12,12684627919200	10,86538491713030
4,97349508953626	3,46977135682221
13,56440871107140	9,49431621008063
12,79706831039280	9,75898868410676
5,06192601662717	3,11085274221151
2,47548362806815	0,96660034983561
-8,93145760526205	-6,85054088996396
4,94212212192824	2,98159633436076
4,15961364754304	2,65921582859120
3,10149635416179	2,65684336159840
4,95340891337154	0,40550741168870
13,07595256677690	11,11184553613130
11,78632979033460	12,41149191487600
13,37058908874730	9,97097743497120
13,96510858775370	10,01864911426430
13,63739971038170	11,11203845960060
13,95085147264560	11,78380923899810
3,44957607636395	4,02405994822262
14,49384269149380	10,01652135948660
3,40591944215213	3,31673125400986
-8,95109384654437	-4,75086571039380
-7,94421814777163	-7,06309507494162
-9,01519457223814	-7,35671685162729
12,80014019930390	10,73696494665570
11,64734489053930	10,99916041166730
2,47228374324157	1,70688456851636
-8,06212755255914	-7,01561765858998
12,41695933647490	10,00258577571520
12,83160077068540	11,29751396122620
11,87524833277560	10,66642174185690
3,25433242732379	2,33186673589767
-8,89367454312558	-8,02974762531499
-8,80172994070087	-6,77168839175074
2,79384151500671	2,45152509931240
13,28206083393600	9,74685663395562
5,30157115486458	1,80007516618627
15,06436110563640	9,39825703136954
4,19041886694996	2,84299057101136
5,14713084328310	0,34115833399221
13,75104701643430	11,78510366636560
3,48709608557735	0,30976454814864
13,12777163296120	9,96847849381225
-7,45511317113512	-6,30014185253918
13,66307477649690	12,51584281120410
-7,62287586166863	-5,96193119063657
13,94064422927200	11,79135829947460
-8,49567217750145	-5,40268059551722
-7,73643031531039	-6,92500326912762
-8,55703061923278	-5,91502455286102
2,48921189388390	2,55387470437587
3,44909188682334	1,88048008184996
13,09416842102580	9,89950373854088
-9,08992131476209	-5,40009453793201
4,18025864186507	2,65150617139563
4,84361253658365	3,94674215232745
-8,72915011815675	-6,69765163731330
-8,22621051428182	-5,95494961910174
-9,95096990825171	-4,07224202615927
4,55420264700839	3,24906885739284
13,40736572211640	9,36276775029587
3,43745863045202	3,80126284116876
13,47296887338930	9,70672527032349
-9,37064095717192	-6,27564595182601
-8,98929076714210	-7,92314047978456
13,36583079481450	11,86664751468740
4,98049874681939	2,66388456650339
4,10319650378260	4,05284307604603
4,63039632306679	3,35959966009163
2,30836531192220	3,67321455164494
-10,31904068957600	-5,01810088049305
12,75826770871210	11,11376616300100
4,42942367672797	5,46588607690350
3,59042881426499	2,84719964399481
13,56432503821300	10,31358237617100
14,39216336413550	12,62788098244840
12,57137538911240	10,30203886643400
3,98277284900785	2,05397261132629
3,64131358782996	2,62573697878665
12,39581854578550	11,26337967947900
-9,56937592110279	-8,13429440660666
-7,86251143728857	-7,51610730501710
5,46994247414148	2,08671935451663
11,60130504176710	11,76166728330810
-9,47702096826321	-4,59263874177497
3,26181957211955	1,77557130243467
3,28581100974044	2,45410265677338
12,34633308049690	12,06816709249120
-9,93594043368331	-6,44325141508070
3,46001425996760	2,49774363705879
12,19312725935430	8,43720736027157
-9,20625746523916	-6,22274126063382
13,58681495935910	10,42674326316540
2,73203631438547	1,50647173679220
13,04082611521960	10,65445862713540
3,81020629595395	2,89209121103752
13,72249541034310	12,20925041046370
-8,35300373725104	-6,92661752823818
4,62519647237422	2,31558166733638
11,38303799412610	12,18192199561310
-9,57395876754905	-6,11597419277685
12,70065916182550	12,75571467431560
-8,38837220736145	-5,56004724539523
-8,17654173481216	-7,49176902132516
-8,32498456608968	-7,49082121547193
3,98884075843635	2,29968503146450
4,77489624514853	3,61658072976963
13,97160016387410	12,57083621319010
12,69699369516960	10,42153599076760
-8,51247632203004	-5,29031307834845
14,06194302193150	10,16773026296210
12,93041187409460	10,96747320886080
4,41923191423060	2,98603008662737
3,72426359814100	3,58315451244032
-7,10573831229000	-4,97873413905156
3,54915872896303	2,48435248018893
13,74643222378620	13,77298246445940
-9,56913730361864	-6,99841333576709
6,65111044816177	3,02305429666666
5,43577662855015	3,57071659533475
-8,82908919418071	-5,98418490274987
-9,06456406901339	-4,23185160290640
-10,33975450557260	-7,04064300398961
6,24361132433310	1,93299043255852
13,77090813676080	11,61449610213830
3,92626783961812	3,12742692688503
4,73039362444647	1,07507640124287
-10,34559141479680	-6,64229906809265
5,19621647079717	2,81184407217439
-8,89606284763673	-5,96282664453651
-10,49846464536190	-6,78092862551387
3,93594797909735	5,84488880655964
-8,50717261561321	-6,02506211787802
6,58999076048362	3,50541407089257
2,25719296187912	4,34154579281787
3,58062394339302	5,20621432991692
-9,78695777923260	-6,46398723153913
14,37872480171900	9,76114325871101
-8,44808875011353	-6,89910884169293
13,27094256815900	10,19143289298350
12,22877023294900	10,49362402970120
-8,89857311680379	-6,32597529206078
5,12306321185218	0,85941503274436
3,62554532967348	3,98074501794667
3,55750881620064	1,00882583014501
4,64646059761206	3,80529767296371
-6,61941974563774	-4,67859939683168
12,45749124447230	12,19604836278600
-9,01916725210644	-6,29645357858442
5,71606334587177	2,75705804397196
13,79349374956060	11,63760689345580
-7,33941863819010	-5,16545852062485
12,52642378890270	10,14314536580140
14,57201654271710	10,64578482599860
10,81562441916790	11,13708452940520
4,07503184036351	3,33764547053752
-8,08499574030940	-5,86586706752072
3,99063675809706	4,22037409360462
13,43296851167980	9,12255975681168
14,70138858865230	10,58599092214950
11,99927396211100	11,64967575874480
13,29596223158620	10,74359548782170
-10,17318991351180	-7,72399021011163
13,67372595492070	10,57779492718150
4,05446237780297	2,46000792424191
12,79956400976470	10,20276360461440
12,72005317595230	11,74905093188580
-10,08534248528840	-5,66966676410167
3,42235952610510	4,14154091231205
12,91014662235350	8,51520546929844
4,25943921588087	3,67447397392006
2,33178180001164	2,54729497664413
4,60760967689587	3,71000717130604
-9,63570578809911	-6,02769410462569
-6,66990615821371	-7,13123647407358
3,07388890069638	3,13183108400213
-8,39697807942692	-6,94886225796250
-9,10794763310243	-6,65236187479168
-9,61111297856426	-5,87307917957239
13,67239951897010	9,78150697981424
-10,24330609635350	-5,86131343266060
4,58892072943284	2,86560491170811
13,92155929565040	9,41082513357981
1,53252298234883	2,89585410252604
13,55096569918880	10,95884297270920
4,34871298526670	3,42836931488366
5,79535872467456	1,38620727458708
13,22841523984970	9,70369190785361
-7,82623406389315	-5,08889705134856
-9,23051875682614	-7,81480043180633
4,82688345804841	2,23234736191444
11,67216585024820	9,75732126126677
11,89970399378860	10,06143259759840
12,17729966878410	10,87283664954130
-8,47525554126276	-6,62415302213822
-9,20424436511586	-6,09865626020671
3,51588260102426	1,95115641713370
6,20200159096207	1,23844202485662
-10,78808974970480	-6,87881164798454
3,29817746366609	3,86341588611397
4,87432361681850	3,34581385446850
4,45251493810695	2,81827604711058
-8,45928036950081	-7,17161525496511
11,81219508622190	10,13238461401770
3,82399452492395	1,60330287695702
11,05325020781560	11,56517601772080
-9,07032624705371	-4,56156653232770
12,70123423107530	12,11339832626360
4,08762750999017	2,58124496908417
-8,21216403519507	-5,54572605818192
12,65646870545790	11,07461269970750
11,58913528317450	10,97901875373560
13,75771072427950	11,99872180600740
-8,43239385102176	-6,56118660942215
4,41608623855632	2,31659520330151
12,33541560130680	10,80225865445900
5,09666788306537	1,53046412508669
2,26813125308524	3,23971671845075
4,50329456523691	4,41613140024928
-9,17332737011013	-7,60982486324132
-10,11761555489590	-5,35574170473647
-8,49097202535083	-6,48026546981823
-9,31964551068578	-6,61642650267430
-9,74553476440636	-5,96167084717737
13,81574086915730	10,97016602849220
-11,09530357828590	-7,27173824681906
13,74070822831950	11,58419315177560
12,17705524805990	9,80620143344226
12,96387179974120	10,03572288092960
3,13032678759904	1,46852151919454
12,20819299737620	11,73932481330370
4,72797335376601	5,03165961136433
-9,60105106335627	-6,55868480117050
4,10866612062582	2,11867278690015
4,75538571022817	3,41235345329425
11,50693808590380	8,61135128407778
-9,10765642804217	-6,68381815966471
14,36655578923530	10,93997754556620
12,60882957634820	10,62712591837120
-9,35386527749595	-5,97226711935689
-8,67266675386741	-7,90802023545417
-7,83979173601598	-6,67027354561181
5,95278261195727	2,79732469984910
-9,15862245864866	-6,36263308635212
-9,98626078050476	-4,49376885325349
12,29388569451090	10,46909132734110
-8,18137052406041	-6,72458819044360
13,23968190189710	9,60502048611277
-9,70566919998422	-6,32231782093311
13,38531179766600	9,92837867923883
-7,74008320875732	-6,77483240524531
12,63262051441680	8,58701678795569
4,10834765667079	2,57812825294721
-9,02642959174087	-6,61676888890184
-9,65133898964952	-6,22717801108703
13,40617479136400	10,15482177593980
-9,81749181827751	-7,18517471900819
12,24915267099150	11,12677237524380
14,37609540620780	11,17048176802820
-9,54002532693611	-6,45965927078712
3,07149092957176	3,12128994869698
13,07991678993380	10,62195269320090
10,85319475755960	11,82459920630140
4,41757396943559	3,35624498785001
11,01407322997190	11,05867062788950
-9,30721030034388	-7,39384252703810
5,00084135779313	2,28736898709285
11,82710084001910	10,63569835308210
3,35914621437033	2,72224259347279
4,40252892097813	3,92961325131523
13,31790925150980	11,53594107392730
-8,52939958431904	-4,91164589506369
3,20007265921441	3,27174725260458
13,37026563118960	13,03072087698380
4,52792934344922	2,53180543108439
-8,38935253758337	-4,44157093153101
13,23264115833470	11,00970090799350
12,92893479108210	9,98387123061422
4,63183133338118	1,82763104853401
-9,28348354551419	-6,92274213197675
3,85505162469950	0,28278538706170
-8,17157531627082	-5,94837882878190
13,84327535848300	12,11634350514270
-10,36199876288380	-5,90673345213130
3,43329563583214	1,31695666202837
4,67668604642243	3,15895248961851
-10,38953372020420	-7,82121040238597
-8,67984921442671	-6,42050556654525
11,35563710545250	10,06674613459740
11,18214660992810	11,76978037419000
-10,12476328738170	-6,65546081022045
13,07313283154490	11,02002185586460
-9,38709943840556	-6,13149229652682
-10,06432907955230	-5,96058886614956
13,64360513577150	11,34140313026610
4,78196170491074	2,19710700191463
14,72197927874290	8,94162514565562
13,12994255867160	9,06847039126843
-8,73610500741274	-6,33186195490380
14,25533590463100	9,86165566218042
11,33581781698630	10,58475185496080
14,10091243716060	11,59453529801800
-9,24029790671026	-5,65386452845996
11,45621385167610	10,91109874472210
11,48979960621440	11,98513625865370
4,43103239373624	4,29453708073553
6,01386018953599	3,51318385259320
4,83939118139853	1,36116843670800
13,98463577586840	11,88347493272410
12,91070578991260	12,35800490349760
-9,86030750642708	-6,20688929275836
-8,86639873767709	-7,46215871909008
-9,52643553343760	-5,63486970660046
-9,38578323556584	-6,77174710289374
14,62173891364840	12,05768246166650
12,76575131823490	10,56476862756640
4,06752107608807	2,16742257696064
12,91998236109960	10,07353108874640
13,30580314748370	10,26360430303540
-9,22210800833991	-7,39594204112907
12,76969703193950	10,17079029479410
3,75528465289985	4,28555642029200
13,15468260660380	8,67312121355732
5,25791471274111	3,97577811202328
13,21220939880580	10,37117732787740
12,36472059099020	9,29756126942995
12,69568736512890	12,01670968850900
5,33487937683925	1,36200925257987
4,87316171230898	1,98103551655918
3,68957161339843	4,04252034110827
13,38165017625370	11,70559564106920
-10,06453245892980	-6,44358870776479
3,23857662924228	1,78384735659405
-8,24350162782550	-6,28152460415145
2,64632737756180	3,27379387418160
-8,35901107223603	-6,59542620370661
4,23706647506263	3,10234109269458
12,92626337979660	11,62957273487880
15,26320866023380	10,03798004216870
-9,10292339345461	-5,90015449893655
-11,09191325149380	-5,09937765280820
2,17546239777860	2,09603626505961
-7,62243175390858	-6,00779473339846
12,67124055323340	10,64460514821300
-8,71731170678959	-6,52300598982845
-8,13572581664059	-4,96682486264389
-9,73439690770704	-6,61845849828777
4,74263558185464	2,83857519047996
-7,42086267481512	-6,38095508403531
-8,67249243338143	-5,75250536991892
4,45682542928640	1,89867070762328
11,51560602456430	11,19464530693180
4,57320992870687	1,65835751557311
14,09788837614990	10,49456849102490
13,73936843007600	11,18681034472180
3,26870157926645	3,89709167369946
-8,01201214478047	-5,18369837965351
-9,40640026634024	-6,23331093653651
4,04865175020132	2,95227909374512
4,34849106148744	3,35114907541572
3,24322470609876	2,88615324429007
12,20329095580830	10,75043576848180
-7,16414929719077	-7,04460245105865
13,76126923945410	12,20955196500590
4,25275128989141	4,41903082886818
2,90823037100749	4,01071343970975
12,86231598743160	9,10957025748912
-9,13946437935413	-6,66241656995320
-8,71575199631868	-7,45829791716592
-8,67319118476260	-5,28432105304788
3,45599589652531	2,67632195902586
-8,37116173937398	-5,88300598588599
-7,80629462310904	-6,89613344994514
-8,43520987770851	-4,90518097558901
4,78026018248861	4,44486796005720
-8,51461962781538	-5,51871427705794
12,07557138880810	10,85633963880050
-9,22767402993759	-4,68931445072575
-10,00591040809240	-3,90515130163419
-7,37204788167602	-7,81111005675312
-7,37951683543900	-6,50201617973367
5,79543688061915	4,24693967773236
12,72628541704380	10,50184459964860
-10,46371146421780	-7,08960791896097
4,37187303179072	4,22236843713089
13,06070430439560	10,55417696863730
3,01870781758995	4,37971982340584
4,76107774754673	3,90004776081052
-8,84175671789924	-5,26167724447449
-7,96271103173904	-7,43301760491095
-8,72488828993899	-7,81907565178804
5,62524471870651	0,52844453215415
-8,85464695147124	-6,41954308603936
-6,46582557944427	-8,08315062756119
13,95203984266010	10,87401700652250
-9,13218896066840	-4,68441245417425
-8,64836201618432	-5,32762907099525
4,07429765734047	4,41005712825826
-8,34938568017554	-5,51038228164721
14,45633579643630	10,46190856431480
-8,77047186710320	-5,12780843570803
10,62877455177910	8,97195814419144
5,82374626331916	4,42304231283518
-7,00154505567566	-7,07890243212918
-8,18478307295679	-7,39856336949316
12,19683033954710	10,18113232237740
5,75928394021628	3,52834206741648
2,71192795397384	1,80455484979997
5,06636258867310	2,43775109026732
-7,92665016287601	-6,42506991048734
-7,62083234085438	-6,34042641546951
12,62137278580370	11,40450579642200
2,42491679960997	3,88239593619105
-8,39472470040476	-7,56059981081171
4,57392243309584	3,99912915712958
4,87411827096876	3,03768396876666
3,49799407063331	5,03715430125149
-7,83032508661711	-5,68892974028874
14,22393717818600	11,22323850482970
3,50646611578876	3,48416991662847
1,96243151814750	3,18241400628776
-9,68311913841182	-5,67643514642949
-8,80490321163848	-5,71631418540748
-6,90822525698992	-5,34871993435071
-7,53847498093792	-7,19553260516106
-9,56084613839954	-5,62017984656661
13,43112564262910	10,95340932030160
-10,03104872178330	-5,91208236301806
-7,65369038634666	-6,73882627163712
4,03369716778607	2,99126655257642
-9,73961001856568	-6,03710308098632
-7,20129307829666	-8,15668887623730
-8,88801011977428	-7,85892751686612
-9,23976807494413	-6,48569632797883
-8,94968113997511	-6,46779080410598
-7,43328453867767	-4,15210522463320
13,52640547271480	10,38419371805430
13,16438597924820	10,27046268287200
-8,10061824209943	-7,61858108765181
12,83719694021590	9,65979943124924
12,45052314788510	11,20100776707750
-8,24087793639006	-7,51407240793817
11,77567700065300	10,36303719099410
12,33072043299150	10,43085034536740
-8,73470111860618	-6,14918920998440
3,49511668775160	4,19334193100098
4,23352525147663	1,63481518966702
-9,42190622279100	-5,99441051645348
-10,70103901341030	-4,51192734776659
-9,59170754208389	-5,01715880866684
4,40713539326053	3,07359251515284
3,51682455680063	1,85951636540836
4,97281338913825	2,11906892613009
-9,18961189687706	-6,93270615557800
-7,46386888407951	-5,81924021276593
-9,41720631167431	-5,46275118374119
4,64361601706925	3,17242103487545
12,96959956928610	10,59338391431880
2,52343107177902	1,72523051390558
-8,15354095768478	-6,18234223936418
13,78420782030060	9,90373628758317
13,20664055577540	9,75034996113856
3,83028894493380	2,97031514649075
5,17360636493872	1,24981450169548
5,19042131955489	2,58814933658322
13,53865978024820	11,49058112702390
13,87242464750860	9,23523725027150
-6,87158065306663	-7,36939784053372
12,06596115504130	10,18307065703310
4,42568076179742	2,60810415480871
4,84146201958088	0,99404754111976
4,82433478304821	3,48421635910025
5,77004937447628	0,99109665639027
13,51124153843220	10,94774802322630
14,08836521826300	10,64969385293130
4,14249710057454	4,45478030992328
3,88083390501665	3,14488520963132
-7,44543417742933	-6,85038531451633
11,09597121762020	10,22357183490150
5,09870332574198	1,66034573850013
4,60636005784031	1,21419381046111
16,00787018211900	11,05550011329340
12,62852414695490	9,96370684949329
13,87374319732210	8,63670121987272
3,96107678531302	4,56622278025517
10,67569415298240	11,36669552832400
-8,81757374877682	-5,94726671333677
11,78487190148070	10,77663357336210
3,90521515139913	3,03501012882906
12,72569356052310	10,65750256576290
-8,61617752482413	-5,94328014842282
3,47993619625777	2,10552084946174
3,51254716929359	3,90351990779364
13,82742306081920	12,23108143719680
13,48951567280720	9,81648980974755
3,26059928094277	1,83871441282780
14,04717411719830	12,09922796649840
4,43231265803856	1,21465317575569
14,88625259752960	9,22101279266668
4,35379342934714	2,68233483661664
3,13042241607759	1,91343084169749
2,93142271656071	2,28545270143610
13,01699366583320	10,62589990177790
-10,09652420061470	-7,33099464307275
-7,11845286527802	-6,37949437416958
-7,49994204670706	-6,77043348006437
-8,76248228915257	-7,19319899039534
2,61801798510829	2,63574709238698
2,93314683063754	2,07615662022004
-8,37488800999219	-6,54724829226759
3,61503708872553	3,81878411894377
-8,10023996871079	-7,30091940251788
-9,63607940246304	-5,85208983850683
12,51804644356820	9,28939876353878
12,31429699619990	11,12957443955450
14,68988654428410	9,85576210357833
12,18273880144520	11,23171859372940
13,74139498155730	9,71561215937909
5,49244278364626	1,83371438171580
-8,99852475130516	-6,61237394625878
13,04350910735750	11,06191065172260
12,79785242386530	11,38978779351980
-9,10774002328495	-5,42846319111174
12,37121584006140	10,93940478761710
-7,18845591964820	-8,53780976046452
4,75813637333929	3,64616716985244
12,89502264142520	11,88611825911900
13,10044232584760	10,43307895781700
-9,07338579714541	-7,59637845778383
11,45522407652550	11,90126973320930
5,13631892306434	3,38941877096187
-8,02102067462568	-6,44203126250362
-6,87807118224890	-6,37412316144130
11,96917095123290	10,63479438140650
4,99629615421408	3,22105128062176
-9,30186060511725	-5,92739162393987
14,17063484262830	10,70526842817980
3,86750144395809	3,60646983353436
11,67239201765020	10,97758832367090
14,68168607188110	9,65398720092043
-10,07607125618150	-6,40060330872682
4,40092446930492	3,36990098541623
13,12958057483920	10,85435992594560
-9,34680191681822	-5,83930601758235
-8,04201856309367	-8,01975102121198
12,48716265374260	11,38180036918720
-9,79488777180330	-5,54906111726763
-7,48879326702971	-5,68794678930478
12,70591194950260	10,66988354610500
11,89802708576210	10,58984607313360
4,17063338107028	2,98718190481429
12,74431980402530	11,11939411565720
-8,99862828232976	-7,12965716840369
12,76357970520680	12,26380300264870
13,05903108581890	9,62129430353241
3,92944148008478	3,06102633991518
-9,55375261676326	-6,34253716761022
3,71886635323103	1,26115546291272
-9,40199221222246	-5,42439480533390
12,36235343361100	10,31977613434950
-7,01892809925113	-4,73903327048831
13,54491842563150	11,65446479412880
12,01447282659900	11,25927377438760
-9,76673060049496	-5,62287718269344
12,73450939684560	11,63199616332850
-10,21211221317190	-7,61853699698818
14,13033046345850	11,84081920732460
12,78095188474460	11,03292387430240
4,71621464368399	2,68103458046814
12,62884632140120	12,31565004503130
-9,98330632403290	-7,17469201384752
11,51211678760010	9,08497718661462
-9,16493898729428	-7,14216813988078
-9,65249727292451	-5,22994375658583
5,01808934178727	1,41012652300996
-8,05340026036992	-5,16936237612931
2,11986866113794	3,86404050969288
14,76354199463310	11,39307158969280
13,63199887611790	10,87813385536390
12,93367022615520	11,16918000311840
12,85360343335440	10,14485753370950
4,96719641704859	1,49895512568949
13,24359325782400	10,44160607481070
12,95678641735460	9,53496069269322
-7,84537762713797	-5,69921648482089
-8,93738523144031	-5,36210334006685
13,17024066796830	8,50223038026623
13,01353681319960	11,27335941680040
10,02224254319300	11,22506991481950
3,53411231519606	4,51966884417891
-10,29360581989840	-6,35555457212293
3,19919479116524	0,95849363835073
-8,54909567543089	-4,21192531902510
11,81707835745080	9,31574395769090
12,81425509023090	10,89533625167680
-9,71101371694448	-6,33446354615071
-8,96056761256176	-4,07560705636494
-8,32610721214346	-5,55621640683391
4,79053734080894	2,16927276597288
4,08368918669015	2,41057662286465
11,07558962041980	11,41415042828980
-7,23084096197230	-7,03303552836502
3,64469756178466	2,41067854156927
4,33931832838536	1,73026450223166
13,56342646843570	10,86155138138660
12,82051412396150	11,25764428866940
-9,10933958243097	-7,18971774181162
14,27857846564660	10,03736875066970
14,14135143603720	9,39701086522629
6,32244595824624	0,52883780298735
-7,89303475458569	-7,18954810176308
13,37151653095170	10,79390932206820
12,69435667138460	10,49871687240540
3,74135369733140	4,78548514909037
-9,40667698403633	-6,47061473322928
-9,62522745279996	-5,02921308961759
4,86980349641942	2,45456646386367
12,51353246418120	10,42909362682370
-7,39076279165380	-6,16998126455516
-9,79793985548308	-5,74356361214907
5,05194514874025	2,17032620455427
5,04774913503673	3,08849752785383
5,24392789789861	2,27806181558490
4,28504879015363	2,87868187292696
4,77207370042346	3,44347198560736
11,99699864489050	10,63850800042670
12,39006132188570	11,93011437748590
-8,56483639181385	-8,11202474505421
4,16623907195685	3,31692353376766
4,19994642528884	1,91479205443935
4,97835642653754	2,00384638943734
-9,71081783550152	-5,57983280636903
3,45347392469262	4,45828593370202
11,80270711115840	8,88773423655396
-9,02950139721454	-7,29510395780172
12,05031438901140	11,30276729043660
-9,06941587464525	-5,85993110659320
12,28632525721530	9,37278373385814
14,11997048492750	9,03469981231683
12,56383545148280	9,25323364103937
-9,06561685027103	-6,45458117757758
4,74701705642914	2,12425349200415
11,90819798344960	8,71235913026671
-9,47083864904723	-7,35926830776545
-7,87283742713079	-5,40040682154530
13,54424519169330	10,15501124900500
11,33255292889930	13,10610050018360
3,24745663592741	4,02618659352678
12,47082220108920	9,61140669251148
12,57983228580370	10,70634189773240
-9,13802353859556	-4,66868253289882
4,82335684863230	1,55976350147517
5,80454039588909	4,98013487971554
13,54069735364580	10,52941788220350
-8,12086313810336	-7,79433418156059
-8,77034396138663	-6,01265370909041
-7,82253309676853	-7,37050951388076
-8,33795642920602	-4,79896061154604
12,85880262289830	12,29569901158390
-9,00143068556839	-5,75714147129350
3,43907812317292	3,21589814908297
12,72839544823140	9,62078817808571
13,42567550128100	11,08445593044600
5,36827211472142	2,25851130114852
5,06626647882871	1,35557421715415
3,99918481269147	3,96721852453542
5,20203514151113	3,29623084775219
3,22668281161763	2,73380138376140
4,98132702788391	4,17018676204341
-9,21420174951168	-5,64021970919982
5,06706196939973	2,69264631610251
12,95674672868390	9,06518351334570
13,00562082658300	9,35914698505538
13,09330558022930	10,34582979539480
-10,61513243578180	-6,73527636612372
11,97281626673400	9,89544955034559
4,71356749276401	2,03120549304677
