-10,09118450526490	7,80680182575767
0,25038208780730	12,42001011093390
-13,20994950740740	8,79628734137476
2,71267163057157	14,10415906100260
-10,35612169140240	7,63573494303623
-10,32934260896500	6,77927348894278
-12,21723965389390	7,42221369594385
14,12729977149210	7,41012327026424
12,66390189969490	7,26220466396217
-10,46709993815040	5,47387819132321
1,39842324461095	11,84293381467220
-11,18715682927020	7,63525416069719
13,92310819155820	7,92910136340228
1,70199399619782	12,94721926960750
-13,13768856044110	5,16490448201802
-0,21583582820483	14,31047492159710
-12,14759223340980	7,68627324107139
14,06798945328110	7,46384552625478
-10,70363024959080	7,57560538846705
2,30547315134892	12,21773605936320
2,86954165172824	14,59566029909420
13,02560102668660	8,54142325927679
13,99352321043950	7,68506052477484
-12,03343138436170	5,50896898864918
12,95862042354610	8,33924182308747
-10,77912730266160	7,48251609116411
-11,92374990715330	7,08878812094770
1,81039263618938	13,92299717655430
-12,44047301384530	8,19710063476373
-10,84479407038460	7,12332233033263
0,19082402301981	12,82656619502300
14,74473181207570	8,88981864301723
-10,50455803229410	7,46841166813885
13,14854599973720	7,14767589325802
-10,67760657056900	7,84166345407540
1,60537529246269	12,65177789187210
1,87457802251445	13,05542479365650
11,48439523620400	7,57204633618519
1,80517194718440	12,80499272887650
-12,70449899692570	7,27263965192432
14,58254890001010	7,18009944335658
2,04981730321061	14,13504600488160
12,73762506386300	6,62751027066541
-11,66870730623160	4,74247342757871
0,88775973915790	12,44950954018280
-10,93802901885640	7,15207089415796
2,93141773619667	12,98372568004150
-12,55193876553230	8,11538982685435
2,20879605696306	13,16173278858120
2,56255501936197	13,55524817645010
11,89417232409220	6,74231585086965
2,40347306220951	11,76909192478180
14,73846371512870	7,09884721216506
14,83981762538170	7,48542134320345
13,73678143357080	5,12596217415608
4,10546855657250	12,46901769764700
1,62745610080601	13,16506030967800
13,35217404587720	7,23255642450631
-10,13707264435570	7,86368592818720
12,53258609376200	9,08035373568420
12,97169995477920	7,53937075293730
2,16609761796073	13,47948942783360
14,68871414852250	6,88541080001358
-12,90470081345600	7,41915606678129
1,90148888340625	14,11431267623540
-10,81912513335380	6,73963631081354
2,41966312061122	12,46953140493400
13,65059831666230	6,09223634641816
-10,29000231266150	8,43362236707535
11,93050323191130	7,57017330494079
14,08764075314820	8,28727897800938
-10,30994010353580	6,72613417389824
1,99060102475556	13,09218799663110
-10,45377726551600	7,66210226630237
13,03266290242340	5,59178814918041
-11,88362707703700	6,73778520744854
-11,09738912745720	7,53301163874149
3,63522491620084	13,39484393165300
0,85841029230627	14,31540493403080
0,51173764398120	14,10121714845950
13,10017804839290	7,28198689879106
1,69129605505949	12,97958169386700
11,96294221648000	7,09796450587374
13,15150125692190	6,64841753746519
-10,65701822443740	5,32241832845143
12,83231758041550	7,51726641314256
12,58274165945670	7,07330108093895
13,94018659515050	6,57549272760062
-9,15155041846582	5,50654685881255
13,71022316935030	4,59620475129032
-10,68310076303130	6,33731553741699
1,02068165424537	15,72531036533290
-11,28549323287970	6,95204715198679
13,97412820790710	5,90182546038153
-10,94508257286300	9,39398133628563
12,42523963450940	7,32198340404199
13,61315409304840	7,54827243345982
1,23384342989946	13,73458423224380
13,84192836459610	6,54885036702064
-10,67956216878500	8,28585260953516
-8,47796571045574	8,56786537249466
2,50085699534500	14,44259725353160
12,29532890168650	8,65589252582412
12,30433114955860	7,24198212575377
11,88177853768320	5,23425819105833
2,34856784530985	14,20615816215830
14,99600648115950	8,02256827889655
-10,93795329809560	5,58349036850818
-10,58931849752340	7,11768936289255
-0,48208086996474	14,36189105090950
2,78544689818028	13,06476632741520
1,38116473759776	13,91703419321220
-11,77627303741290	6,90117617779712
2,85903271053148	14,74220438721500
13,08602663971080	7,23050395743375
13,55758924378690	7,59379914648675
13,72005825475300	8,14243964207890
13,11063213395460	6,36602372905093
13,10372324586680	6,50073589002018
2,57315495534553	14,52616638013740
2,96388648471170	11,96634734175410
2,99029850832860	14,69308676080370
-12,36210936596260	8,96809778018278
-12,09491459347030	9,22823165707529
12,19644993886660	6,84515786258599
10,92236224366220	7,61378613619422
-8,86825537188073	8,11917959878764
12,39021503049330	7,41371093199204
-10,18333285317130	8,78083765570849
11,80999741104960	5,84186854252565
-12,18358677753720	5,62249531220378
13,75509252648330	6,31741562410545
12,51610958099060	7,39059441760539
-12,25924463593270	8,14413596423761
13,47792666554410	6,28569456140305
-11,21123879395670	6,55824296424002
-12,85387454556920	6,89319168266175
-11,08117101750620	6,57453196726592
13,32985939249170	5,68208852857856
-9,65434314385132	6,33444840130104
-11,51757942807950	8,61394783209112
2,67579495905395	10,44040041001150
1,50548271145678	13,24480098022160
1,67113623658095	12,92445536153630
-10,83730235273250	8,05759445723538
12,62493724588100	7,19844491390158
13,64183397653880	7,73804525178438
-11,92926158460480	8,32054669867467
2,59427332404644	13,00309377685540
-10,09747557894810	9,44949323678132
2,83382317278169	14,63260182268310
14,36366789426670	6,32105247317056
1,77437501096484	14,42081298656870
1,10076896361719	13,73721058843010
1,53301667140064	11,65038502780360
2,35209255365462	11,38694039813120
2,64596530488922	14,27428781980010
13,48313054367480	6,15155992771930
-10,26717767613800	8,02526633367871
-10,83545184217490	5,76010915437793
1,44950884520951	12,67593772891470
-10,67852409257660	7,06126219773325
2,41912001875485	12,37907230082950
14,71469661943910	5,25646407335239
-12,52795276063420	8,10695994047054
-11,87694149051960	6,06583898638760
-10,39815920151760	6,94630185601195
13,80226227234660	6,19118042510754
1,08127968520436	13,19557587667210
2,18592098988383	12,18184409114330
13,14932206394450	7,55466540669237
2,49839171685557	13,90832587920940
0,87112938320047	12,94560285142220
13,38900189407470	7,69704710931852
2,99281372707276	13,04905137856000
14,16859572900140	6,53437224008910
-12,57552247790800	6,32964276700204
14,88292944646170	5,01567313349964
14,06293863075700	5,89846605123745
14,33737436974070	6,37452698336981
13,82749140646640	5,15247221064665
0,90629975990335	12,58493173034530
-9,33497861324635	6,60188715668278
13,59023164815780	5,34239246181565
-10,06206845133250	6,59942429825366
-10,79706140756310	7,24518885967786
13,89261174527500	8,08298758415869
13,48299306329710	7,26908787753460
0,76478604252923	13,27162148354030
13,21646762796740	7,26260857458706
-9,98299697012439	7,56445352793386
15,95192170803260	6,86741970560517
-9,34531295383136	5,86320507707439
12,32633935509760	6,98640096700712
2,08689090997833	13,04873326110450
-10,31166743245060	7,34139429153265
13,48677193383700	5,63111135040379
13,89797133242600	6,95589815435793
13,33257267953860	6,20985125579302
3,54179574915956	14,08862577662950
1,39661536523979	14,26873517975240
14,72992753589460	7,77089935756733
13,89845964308960	5,52226433245793
0,95879337727079	13,99974918761300
2,67948554076166	12,68731481843390
2,11176080742482	14,30615660165430
13,98379990639570	7,11101714472019
14,32196281648910	7,24177854919274
12,51913104322340	6,90977293219573
-13,02174194701950	7,21166387869570
-10,84424985150100	4,81838210248340
-10,14534992488310	6,82535160318716
0,81343444282115	14,43065802249510
1,10231170848849	15,36601471285220
12,85498259613660	8,11936647900053
2,68404533126691	11,07023905287920
0,67433879175715	13,81788605932770
13,29432083865760	7,61343517455770
1,44608637285412	13,32223164383690
1,40827189423856	13,29015169961890
1,64029388720067	14,26639163919970
-11,52465201061260	6,19261855522234
1,50652294767566	12,98326084713830
14,65469356780700	7,94022474716286
-12,68941200642670	7,51428552279189
13,72799756886680	6,60952397058637
14,87451199431520	5,43672902335969
-8,52605004443370	8,00638225490678
12,31009927677660	5,36393148052384
-10,75453325977650	7,22902110223333
13,06946508677230	6,59378539917879
13,24272102116800	5,76263692654866
2,02742042814530	14,71805588568000
-11,10041091583670	8,19868090651405
0,68993889003538	13,91626852760830
-10,02943499217380	7,54301174105558
-11,78069923327050	7,14983209074757
2,02675274820810	14,10387158525920
-11,73240522585960	6,68751101104413
13,92492595778760	5,66731755925974
-9,64904462400185	7,68366747695851
1,66501083975968	13,65392056287800
-11,74671049759170	7,75907818914916
-11,59435207599060	7,22620824535754
2,22645525713653	12,58304459115220
1,95189368718391	13,30731062776850
-10,99779904570290	7,43024356597019
13,49963014239670	5,82869319808052
1,93304258458885	15,46922635097030
-9,43539327488814	7,03127708604312
1,83512607620005	13,36420373110430
13,39762094641120	8,26700045965587
13,28511221431880	4,54191015402610
11,14711729700710	6,35114738185965
13,17002257039790	7,06362951346538
13,15247345654510	5,71543853993977
0,78448288293113	13,16948384195440
3,50913178042738	11,84867846462130
12,53585700279460	5,81673902683055
-11,35282618997720	6,54655844627075
-11,86058502355120	7,18990527663290
-9,88016836025214	8,11164729058882
-10,64742549483560	7,60593191204451
3,01050708992849	13,41365925533450
2,45436515882227	13,87100606852600
2,88478103993423	14,34172347619480
13,65601856259760	5,31874175848990
13,20633679333340	7,32568116872369
1,48754161048683	13,81434066252760
12,78270068847880	6,17407997003065
13,40246885661570	7,96080121708650
1,42879643068419	14,02311148794090
13,41960934896580	5,80492533765135
-9,55059046341278	9,59405882721361
14,35456994832090	6,53355245203812
0,62986369081590	15,36015065650280
14,46528003536720	8,36667018170933
14,42055053439110	8,12921449609602
12,13894448806720	6,27337854698435
2,08597374006286	14,19073959202520
-11,58349654998170	6,85798482533978
-9,05692627088395	7,72837878989763
-10,91273543019500	7,78439727119653
13,00826650045390	7,82980610163403
-10,10855836397590	4,92013246057225
-11,12142169918540	6,15669383930960
10,53489343171100	5,12395843740798
-11,47833657947790	7,15071683860836
13,46168436658150	5,69591749817453
-10,88771912126070	6,67654377804936
-11,99266976830940	6,61977967791182
13,88814103821940	8,02019825685331
-10,48831511084310	7,14383340369368
1,22870614555443	13,88981666512880
13,32318251968850	7,31338886140013
-11,09301809197680	7,49877475942498
13,92034181579370	8,52021072458041
-10,44495474157090	5,81595838767432
2,27187257280222	12,95589888303650
3,10539248422902	13,26996269338910
-10,47785983173170	9,05299732118203
12,72240422924700	7,23840850932851
-9,63221723271190	7,12835921648594
-10,20296515542340	8,01338413575034
13,07899203724040	4,11761045925455
2,97378255376944	12,01094536529010
1,13045304858095	12,99114124743460
12,77282872200150	5,90873225127486
12,81955272104280	7,58446009978487
13,25985662604080	6,90519031569867
1,20696612342842	13,94866846498370
-12,21773582720740	7,65212318050140
-11,71724724547840	8,90231721159937
-11,30987334199580	6,85097257262795
1,65792199616066	13,03034439629480
2,36715538447139	13,15107505157480
-13,01730800548110	7,50978521058915
13,60571204448950	8,11543282962878
-10,54965567113560	7,87240318757998
1,90776975127441	13,88347848039300
-10,01170447447590	7,09502604713364
1,60405391529365	13,30208180222970
13,31898193412490	6,22447865747918
12,58393652608920	6,39465800538841
13,95291210120280	4,93907327784541
-11,01602368495290	6,01760096394932
14,48843955546950	6,49888050379381
-11,25574335979340	7,60037187716346
-13,04244950553930	7,09212048781627
1,81993827650595	13,65670917205950
-11,30474178703050	7,82147461139881
4,57138444357737	14,39643942390610
-10,85276208161690	7,01867728700633
14,59463686015020	5,35607476155976
-10,71442168118250	6,63220974621742
2,35354671662996	12,87895168842670
12,67245216713210	7,72724476318485
13,19583965767430	6,23025688553637
-12,29882952716690	6,78082196170909
1,27912487596674	14,75573056234180
1,73275031016831	14,06312026010940
1,85641925359199	14,53082037684960
-9,51844603261112	5,65663021491048
-10,09826342414730	6,82110206239259
-10,47404694764160	6,58321505439132
-11,48820416867080	7,18033159272389
1,64355843496615	12,80972154726830
12,53144737024290	6,05557081430704
1,50816518382254	14,73050190257000
-11,74618634237490	7,14007210275887
1,64404638014332	14,83034181212080
13,17662050713360	6,55926278855241
12,51895426238470	9,10645470177718
2,71416963358247	13,01633193270820
-11,62588746772990	7,62317207510508
15,20219762094560	5,89557157637929
13,83745731466250	6,77678074572161
14,94780170381210	6,22705129008194
-9,07822480678800	6,39821339355669
0,67762590843430	12,49024466524780
0,93565454844101	13,86579085065750
-10,84191121782700	6,58802024453435
-10,79994022808930	7,20813832195269
-10,78922100301760	8,03392836907938
-10,70301690880280	6,45343558594422
-11,22467355524670	7,18612009508562
15,20282662405800	5,32278306784564
14,03433591206980	8,67687995364350
2,20506199670730	13,07137663885300
2,54336395133897	13,51547869281430
12,00282164844140	5,93050547144115
12,65565669522650	7,31299838998994
1,57528484439309	14,88773851240080
12,42459944587750	4,27964268002622
14,24013955228050	7,63865861448002
13,90676626762090	7,45385269987279
12,18396550260330	7,33668439511232
14,16089799691290	7,48184298697866
12,60211247714740	7,79437771697423
-10,56097404423730	7,59007015057682
1,09418879243946	14,92241867546400
2,26260277808265	15,25900231646910
0,97252877074372	12,98111194099040
1,62924614227106	13,70780332993710
1,89452439650470	12,83777372465760
2,67240095162525	13,05501427868590
1,77146080440184	13,20863724585140
13,40231569862510	6,27543282042478
-10,79502880258940	6,63980851574676
1,80330974238147	14,41953611110800
0,42641969936256	16,31582164033050
2,50357069396873	14,02759586700560
3,37112275400067	13,00775804614910
-12,13348244359440	8,92723356078169
-9,25001105144752	6,29540586686300
-10,56160655027470	7,68278758447685
-10,57511648311700	7,07037061578006
-11,48997704637940	7,34672332331712
14,42353734577340	5,75709747121844
-11,80417463210270	7,73776619839485
-10,34955508773820	7,13510559965664
-10,45704559568520	8,69570946367874
0,14987190731335	10,43095248758390
13,41829524253690	6,05715233006647
1,23205806451809	13,33616145080410
14,32645264495210	5,79473526841202
-11,03833237935060	7,95015429305071
2,09671874209070	14,39264958728820
11,99493130391760	6,77609660508874
13,32948214118630	6,56401385311519
3,33361158405363	13,92430311725110
15,24610965911910	6,99390111165684
1,76454156150322	13,76398283871190
14,29689991979580	5,60903890163364
-10,06838347034950	7,26597512727644
14,69246888992910	6,32262449877495
-10,35583563008390	6,00887915470765
0,39316846476330	13,61147725997190
-11,99271571648820	6,38318255158909
13,66731602480090	7,10454025768066
13,59669361522390	6,19231864520798
-9,92911965832839	8,17951178136468
0,04694133275910	12,95547183329910
-10,30927315943460	7,57598074565118
-11,94751257715700	6,88581604661063
-11,49788572135960	7,02075053583649
13,75279367789020	8,44571497186736
-11,66356154842430	6,66994194340500
-10,93732837987070	6,39724792170946
-11,41435974276770	7,58127140527401
2,39803376037808	12,73999341916670
11,51639164269800	6,24680632591117
13,97649133360070	7,15175264210851
-10,67938128782030	7,08691029828471
13,56442269678270	6,25573712731915
1,28446726512990	15,07348782834310
-10,63423963349190	7,77424206095842
12,76056777147600	4,87040556790813
2,52559609491009	14,59099272910300
12,89679156288390	8,42097891854935
13,64506178991820	7,65039744422748
-11,01251736934780	8,03187776359309
-11,74614081957160	7,27845053809181
12,32677880324470	7,18285846662826
13,48483716626100	7,37265070286827
-10,59140838894570	5,70606174615327
13,16024353743170	5,95296740554338
3,20293428714564	11,77872096077460
14,27813676933190	5,30094743325789
-10,11517825046940	6,44122603589351
-10,29706760837330	6,51314884277954
13,45312018459650	5,07761832748491
14,11841656726350	5,17297093701852
1,78333589069496	13,27753825246150
-11,46386245331770	6,75246526632007
11,32399478862100	7,08379378776407
2,43098489076469	13,73592563054530
13,66347005109470	5,73413181727078
-10,80436176028380	6,70321969073969
4,71743203808877	14,78517632078480
13,77452082364170	7,42058685258937
-11,86135110910700	7,73481734311118
1,10259471050041	15,06680755182240
13,00805179220460	7,84112947945540
-11,81594875701700	9,10499300801830
3,95292607709510	12,41844457604870
14,64651696835550	7,01840468921709
-12,92891481630580	8,59914617564870
1,69405334683278	11,91336874795570
-11,87485722969240	7,17830320299867
2,26427961363349	14,19963871426720
-11,11379208881120	7,59637135845506
-11,40834337894070	7,16622429633509
2,58153919799320	12,80425767011730
12,86032459896980	7,64990939054537
15,57103419499640	9,16332122850701
12,53887146737500	6,06640289209905
-10,43581850884780	5,61007263258321
-13,19333825840280	8,36099107188327
-8,16612970503866	6,41692575901231
14,08911038088580	6,92502202237579
0,88972772140402	12,94084744634890
-12,24426313957010	8,19370240706333
1,96883945488644	13,25972211678980
-9,91323726429664	8,73400103314616
3,27175192731990	11,40318299648340
11,72080476791550	5,54011181052115
-10,83031864287740	7,40688889245676
11,48560615278450	8,65214169367199
-11,71558341550610	8,16789414189793
13,28710357543370	6,74271334961113
1,31227638125428	15,06440074555190
14,05638772102740	6,22173475726386
13,75611666672710	5,82442695330279
-11,63078148734280	7,90108881046779
3,23563419929978	13,28688900105160
-9,08558538980143	6,32133051457432
12,81091776835470	5,06658016939698
11,69782610509940	6,72810788410488
13,97277404524520	6,80913184168273
-12,31947116161350	6,72897013847924
12,65333300014080	6,00895640027171
-10,17305388445360	4,85494992416854
13,32338910522190	5,97699977464197
-11,33983071825610	6,99050481827833
1,52613942598326	11,39330693439040
-12,76458332503780	6,54615449729527
3,06237043453230	14,13623970244090
11,62342797659990	5,61337717172664
14,51689003684650	4,62100077972288
14,10425059084500	6,18344582444248
1,21638853540308	13,44330933527920
13,73530797717730	6,18921785497760
13,04143955043010	7,66900385037093
15,60688802413960	5,84778430966493
-11,20577555674580	7,33000390028099
-8,96698281382644	7,29661440860928
-11,14598521859390	6,50314384355539
2,00652119102950	13,64058965798200
13,14214068321930	7,99275745800345
13,47310347606510	5,60359805265755
16,13489254348270	8,39344699381870
2,56121239678066	14,05389230608630
13,77398665574220	6,50538271429568
12,99086792692070	6,98047085933148
1,52398360330694	14,03919382747290
-11,65749747565190	7,00159294637555
3,24556119616734	13,78291431178870
14,66633900483120	7,40088289235460
2,55936406222607	13,45145744387580
-10,48394353265270	7,38307966413738
-12,00941664521450	5,40464960550263
3,50621545985974	14,02296698867290
-11,57525941388790	7,02300620570758
-12,65041648951750	8,81738441397414
-11,24562429449940	7,09075373558711
12,99184059479400	6,36068698104776
-11,23211642102910	7,88036043773365
2,46329590084269	13,97339836104310
1,04128736495673	13,39435635226450
1,43351024038468	14,08745166098970
-11,22641399924500	7,62032923992087
-11,48420030194540	6,23001604644141
13,87011946306140	7,59746040721800
-11,04394853555340	7,61111547279301
1,44413747008589	12,88633955373210
2,97383502117362	12,58092331784040
2,38541085250912	12,21905812022350
-10,55775538369460	6,73756899552007
13,35513844592240	8,62309656689901
-9,46151644375756	7,15224156830434
13,07824741466200	6,30446457681053
-10,98262592404050	7,18374874781657
13,60622024591760	8,08660755773263
-11,17213405777750	6,48600010903452
-11,77073403429650	8,15998580990332
0,68861615211219	15,03956711256370
13,73443805280870	4,64336353131913
2,35306919785661	14,76575281226590
2,29664040566756	12,85916932040520
-11,54647332436390	6,10003941683414
2,43498435350226	13,43700664317770
-12,42056459169750	7,25622315964337
0,63600202607006	12,15520789966320
1,93471255030203	11,64783432217880
-10,74216572901880	5,96543361127308
11,75012525918640	7,06248786560521
14,03395033969130	5,72841224503053
-13,48651876780960	8,96453564008744
12,70055262094110	5,81201021958202
-8,90623597324520	8,11545503830283
2,94587739115300	14,42756744550300
-10,38856380021560	6,41717421448307
-10,04669298447850	8,18000892723421
-11,75824772088430	4,85895908583879
14,20099596186350	8,12663822984507
13,20676267686200	7,91505212634536
12,34055581057320	7,90989125830986
14,53743572258810	7,90678319281885
-10,63270137681890	6,37621090307523
13,73317228371130	7,23043141022770
0,14755007411089	13,20323114046080
-9,68106772063222	7,17615492761334
3,46139887399724	13,19124415708370
-9,71846493969978	7,44994312892893
0,91321582257156	13,38162151604350
-11,92826943888570	6,62066170204299
0,35303050263371	12,26911810988430
2,15031945124977	14,70902417768660
0,36528476807840	12,71372917627910
0,03764210646542	15,86359353233850
1,10950714550524	14,62181507393170
-8,64978217485656	6,46302675976323
11,59564041054930	6,00914065827339
1,09280450862467	12,63324811892860
1,18250588473896	13,26478588269340
-9,69371090157484	8,05810713221990
12,07331772482190	6,95714238247537
3,29491344366499	14,43826963599080
1,63331704535520	13,75825883543460
13,82207544008460	7,33821344269788
-9,80867915265137	8,30694890928846
-13,15547961437410	6,04833656096629
-11,17382884904210	6,76032133351102
2,94949795443156	12,63498448215260
-10,82588012368270	10,21161485801910
1,07138527277379	13,49385747143480
1,60372363038914	13,14754610973370
1,05760108455323	13,27943712942460
3,23151189919516	14,92157625995000
0,19896818062786	13,58355441458020
13,21307895815300	6,54951452776536
13,26439298041330	6,38723612834161
-0,02436349263321	11,33940743541730
-11,56459202503430	8,28459029299039
1,26597793684848	13,49681883972090
-11,96101610604340	6,76932180990274
1,05027321228817	12,36222220662890
14,92347480199500	5,98792975726607
-11,82786748755080	6,77054856090936
-12,15481269947010	6,86605476007508
-11,91775772254500	9,54970505103957
1,07413785543638	14,67046341489500
-9,76483750259698	7,55771585396223
-10,53828063769610	5,49792423861599
13,07993402685740	5,36127840141237
-12,76050360765040	7,67771976945983
12,89003629536110	8,17758187551216
12,63638191760650	7,45862456635757
-13,12469920130160	7,07554908467768
2,31763830726728	15,24167955998530
1,80681733412138	12,53354150053880
-11,23135817653810	6,06949347983622
-11,11974841290700	6,79564491851952
11,95063140853390	7,97887255585961
-0,16546039633657	13,27285330827770
-9,34369554368126	6,50478494441715
12,32532183440620	5,02164856692810
1,20528873660782	14,01160134836070
15,48299976275240	6,27795386295334
13,44354451139080	7,02260111044413
13,58578681911560	6,74750254116220
13,77255278879560	7,11649866417602
2,74300047694512	13,05698227590940
3,70507932972492	14,89706060841960
12,41651288074530	5,22422760355829
1,59381248410242	14,19185450729090
13,31681517908940	5,11484272213367
2,39832914808653	14,73124392800260
-8,95790360891659	7,55641382579388
1,80623113364597	14,49084604005800
-11,71713393713630	7,88698010707973
-11,56635319958190	7,05609599527993
13,03736245702960	6,59396590321985
2,79731928191334	14,50291649508100
-8,69946434701875	8,95022020408217
0,71104168685819	13,09265979101110
-13,71692377192970	7,53073214510813
14,96430928755670	7,62202852533325
-12,03222276766860	7,70490423443130
-10,98079016098470	7,29652873652798
-12,73198066471650	7,67924803154781
-11,52629723705770	7,75496392544471
-9,93602997157394	7,02653323850538
1,01636857782350	12,61457382610880
-10,96696549055000	7,89969906263191
0,38901393660621	13,93547411586580
2,06594704279381	12,07629883594910
14,74830605442780	7,67486818140994
-11,14107959161350	5,92401657242917
-11,29214869243920	7,63145241570315
14,85760691669670	8,06138428030019
14,06357652617520	8,97003788619996
11,15915241799670	6,92769454540399
12,91067945425570	6,09445053709667
-11,20562150639260	9,21182845963254
13,94960674811760	6,52097859710731
-12,54916616440270	9,94815783162327
1,64173522096391	13,26485185507120
3,30980613489656	12,85639208399330
-11,03668123568540	7,87609739403156
2,09175823366015	12,77479275126630
-9,06730140305149	7,05457188878859
2,76944179715869	13,17768040541530
-9,58083468808351	7,05311441290764
13,07066182340440	6,73662076479569
-9,95468761822644	5,18467529098592
3,51080331076582	12,58476622656310
12,95181022111240	6,56588670613025
12,16946301959580	6,59810657114054
3,20731767377202	13,59495916714200
-10,56692695554270	8,71527724861588
13,05099158993670	5,26699891403647
-12,28713812891060	7,59768070686635
12,71400569317600	8,13761446534144
12,78000996505960	5,51305873452555
-11,92786496323630	7,82105376590842
1,59008256986669	14,60329767849570
0,07505833884109	11,09065061911180
12,60708959061410	4,87711381601004
-12,13554178160070	4,92759905113903
12,05122012709860	6,15352443504655
14,12145015776250	7,28318800001643
-11,20288812250200	7,21577482866636
14,07348798079920	5,41915293104904
-9,69901130957906	6,87884489341532
-10,32403035850700	8,23460325471851
2,68563722255736	14,12887560829430
2,28917843168393	15,11313374843500
13,70063364487620	6,42766140955883
11,93242435181660	7,83300762600216
-10,01638656398950	8,33244134311659
0,94803679066869	13,22972448990900
-1,21629357760775	13,39941121342610
-10,93828670708200	8,61556411846980
13,05488997575440	7,40032789628724
1,73624420995571	12,55862785821430
13,58345840426980	4,48658665239259
13,07554501516740	5,96888222361639
0,40036189143072	13,83959612775010
1,71503493604378	13,33928507909270
-11,69181999900650	7,19680284752587
12,77425535556990	6,84387289032373
-12,99874357972430	7,24765685570885
2,63726873607738	14,73331266369950
11,75348385527070	8,24878016674565
13,43819161580370	5,27637713817332
-11,57390558064160	6,42774471962603
-11,01430464867480	6,07811300133285
12,89353675817420	6,69621216400760
2,84907063782810	13,43478459579930
12,72680015040290	7,38663457843447
-9,99525740698256	6,76830722273516
2,80360121776533	12,10988743987000
14,12899549638970	7,04627344655292
-10,17702773361650	9,09679204607006
-10,97503736985150	6,62656847533436
13,17499791413230	7,29364223180276
13,07615019492470	7,00289963765737
-10,66594318218260	8,59652057579191
13,17313086117090	7,67724155697831
-10,16495986371940	8,12277425675068
1,61634900027908	12,89945275482660
12,46958975405400	6,43167030862270
-12,79835073063500	7,13984709941383
-10,20716552493330	8,13248273474589
-11,89770424664630	9,03897385931080
1,26474801193522	12,45811273237770
11,58594996103090	8,08623522339077
14,59179209919870	7,39099228610805
0,90151242677884	14,32793549088460
-11,65202035718030	6,97172279085786
2,07350009059862	14,73822427834420
1,68344703082989	13,27163071886330
13,86621283754850	7,47660666406110
13,47355614561060	6,65372406348844
-9,56995379000315	7,05030158358531
-10,03274359790480	4,88241560038700
14,51350696104990	6,53615955970551
-11,67225887701250	7,33694510882239
13,86453264874380	5,90173293885061
1,98116613676943	13,03015269423960
12,75565828734690	7,33757840480215
14,61075427681690	7,97243947266119
2,09271896744159	13,72208432158080
12,96364773697100	7,43753464461499
-10,90078291404900	8,27911102581094
-10,40822635484190	4,78380751159360
1,00111572465256	12,30296149698560
2,10744799405807	12,50942988376680
-10,81825125934740	7,48606136924847
2,00701861807533	14,48431699495610
-9,22819270643570	9,47711890701890
2,96375741456264	13,37318766179380
-11,47524957358000	5,30037853204565
-10,97048200258020	7,51090801184688
14,68748170651840	5,38716181288617
13,61457165241680	6,77535524098601
1,60927715733050	15,19476307518010
-11,59025315338000	9,15573337524156
-10,06677157356570	6,68496591342561
3,09846489609986	13,28733713904150
2,55333751890155	12,40360120713430
1,61812049932396	12,81642142715300
13,19984364058030	5,99717573342157
12,04788233910380	6,54751388104358
-11,27488564132400	6,86251014723490
-10,64013604401090	8,66315169162159
2,80427411982272	14,68619241102930
-11,03908210710110	5,51567190484985
2,67728402399427	15,21547717543450
12,38044046665820	6,47327985550188
13,20004806886690	8,03195096580478
13,47075996823790	6,10733184834938
1,29740703710905	13,55743248608540
-10,02835695791860	6,62309983293809
-12,40741516320150	6,65601312879789
0,06778870959886	14,01131707987510
15,53070549557080	6,52664910646522
12,47916243630340	5,57646557364697
14,02155546613540	8,00853069226327
-12,11144628723750	5,91127688434839
13,12905515490950	7,71599034871128
13,86323904879110	7,10784777574272
-11,62815422412020	6,87249568897493
12,25782078021310	5,59015240054804
1,45115066377992	14,10025274838800
-9,96629930503291	7,96596472216329
14,81005641465090	6,35933857646065
-10,54641288686170	7,13353900173862
-10,09962189946780	7,97969055461666
3,59366719709898	12,68241681428630
-11,05765957490120	6,43487154486652
2,28357432771277	14,24460302510510
15,10562076741360	7,36784842618479
15,16447008757650	6,05552283714031
2,69856449111167	12,45642453147810
15,04329994434860	7,19145429620051
1,11903039503002	13,45184529786340
0,98493542901830	13,57468153110690
-10,27574803178750	6,77715330295940
-11,99458911606610	8,54625022115158
0,79684569177711	14,50493062073100
13,55297493994080	7,53931013846053
15,54186686170680	7,57614832267608
2,07495012928845	14,15539664714370
0,59984826239742	14,31561361000370
12,95971360521890	6,55135072367868
2,01545452012018	13,02947703443110
13,61739902637670	6,53354266512140
12,71754044017560	5,67290670018761
-11,48234485000870	6,06371837542125
10,33919762943630	6,85214065735288
11,50088826501420	7,96160976196596
-10,53363827830160	7,83069276708645
11,41326429461400	6,64838333918732
11,59181083785420	5,76545016543690
-10,60541181915590	7,19704472882523
-10,90656074444810	6,77557960628762
-11,45268124731780	6,42996250688833
-10,16164429124060	9,28880397323760
13,29505377024300	6,08238864959795
2,68702686544105	14,11383133928550
-9,87328980051784	6,28646003260436
1,83931149559228	11,91089828318430
0,17101743810631	13,82459933442740
13,15157070905580	6,27597524356123
-10,83732947712010	6,26187131646150
-10,97281589519920	8,27038091704635
-9,54464468785138	8,03771901877368
13,23971501833820	8,90338276750245
-10,14928558704570	8,55040798921969
-10,60042030121360	9,75641511161023
0,87775591355737	11,90106608507920
-9,05875583733687	7,24317731527037
-10,42638933403690	5,96733176992680
12,72727074281820	6,70140404031832
3,46757467514694	14,45650264779290
13,18705398773050	7,38575480140219
1,29967721329920	12,34788994924830
13,72282784893910	6,43056380071446
-9,75902363017741	8,25116317251528
2,47022325531533	14,21458961755690
-12,93308426802320	7,17732653710481
13,62520220157520	6,95382984094501
-9,37822730611451	8,36608741783296
1,75272026351681	13,27379961764460
-9,85671236645912	7,63846311190045
-11,37921485975450	8,97124922474818
1,79885481756491	12,33992329508380
12,83237838622970	7,76800099226122
2,62258080844505	13,85919068962410
12,97829263305820	6,50391732802372
3,44947356931834	12,20381312058430
1,96841320009526	13,08879101820950
-10,98443649952140	6,21605158277882
0,42096867656525	14,66206815568140
14,88814196293430	7,10688789709415
12,98922150464630	7,93950560899782
-10,89719582385880	6,47855121496400
1,42678911026878	13,94368366525070
13,16114581658810	5,37696789392963
12,32170929595400	6,85186651308955
-8,96567908366473	7,17050302753330
13,43893853783380	7,01946137992982
3,57761072949679	13,07527454261830
-12,46149414987560	8,37806596042232
-9,91868422912440	5,50629672921315
14,83619288829380	7,77751431056553
13,98652163592520	6,76028236431316
-10,00368715881110	5,36308014377322
-9,30629417703171	5,51288070433676
-9,69629741859301	7,42876393043189
-11,72834450901970	9,16743290776867
0,40174403565596	14,34332340727150
-11,40432152688280	7,34713874030363
-10,84300386875380	6,71912946544020
14,61568058053110	7,12308714264835
10,74127133881050	7,70307436133567
2,09634218944239	13,20821483381340
1,94090157816021	13,29525386777990
-12,90101821448130	6,01851880484147
1,76538992890960	14,44150216897010
13,31537425022630	7,47371496777039
-12,34238154972880	6,41031556594243
12,67795310284610	9,10827848573444
2,34546174637355	12,95340232519000
12,27797812827100	6,58040905625644
13,79953483579970	8,24338186231323
-10,48297896472150	5,61861572097275
1,00061093001501	15,29245004766350
14,59630254463770	6,47325712083042
-12,41434745976070	5,50137703797082
14,26204863575310	5,96964451569297
13,11884371958620	7,04835009627668
-0,23541627048084	12,99601620662180
13,00930746441410	6,01963413576629
14,11819300575800	6,01239834091304
1,59438518077826	12,56715168605610
-8,44218671574318	7,01628225354443
12,98112619934060	5,70130061621795
12,17139558073060	6,81909595844680
12,94760597405110	6,90636816278241
-10,58910973834180	7,13051976655153
12,31552513488460	7,72202252975196
3,59912859412509	14,58170806378900
-10,62092978022090	7,04733606889877
11,43950638023370	6,73297805665860
-11,52736782140560	6,05543625393136
13,37712777044940	7,42507722052129
13,80770082991200	6,01898689437676
0,19578926748629	14,34742858258960
14,19330545586030	7,28817090618616
2,76299947922725	15,19997999808020
14,67324426665740	4,31218989621822
0,89135307512642	12,29245295447720
-11,67349845855310	7,38493448326625
2,07319673669627	12,14644586463850
0,76156144339633	13,55984455564830
-9,58840552491198	7,43113746340492
-11,86392199494410	7,16552122424760
11,41797778331180	7,40271222910368
-10,44991540978700	8,16223400258241
-10,43593460661010	6,88117217755168
13,24472403584660	4,99482026580242
11,58653921877470	7,02679035675061
1,05813696356933	12,06325013837520
12,67857669418790	6,94204766496431
-11,88467105107330	8,11126041615503
12,48355551146190	6,36816956088587
13,71843863626460	6,20892102094641
15,37280219191870	4,50133011418622
13,30513175127140	6,22787813665691
13,33144030249180	8,43925337453590
13,41322684812330	7,81057611109192
2,31035244431733	14,13776934415530
2,83440555737406	13,20066871925690
-10,96288115091520	7,01447459015010
15,04582766533750	6,11817492012176
13,51680620965490	6,91369296695359
1,58531461606215	13,44399878994040
14,22313114695620	7,64726513935682
16,35322812556770	6,61742865728045
2,39354349371514	13,88035307131530
13,23236702058120	6,77633060370003
13,79435911883400	6,91570836279690
11,91065104477000	8,60914289139378
2,04830666022556	14,47651498049710
-11,40892633640920	6,93519203564804
1,52220733375849	12,30542815501360
2,73690314582450	13,64618546812690
14,68982569287610	5,06502610386991
-11,12270399743400	8,47530252981439
-9,17228565800063	5,04303444397698
12,21604817098250	5,08326278648084
2,10840186400015	12,61511855744280
1,34037389090946	13,46138064644410
14,22122608132480	5,60571776852714
12,39386747706070	4,44804269035648
11,61632048197940	7,19707751234263
0,53563430696265	12,22156887929330
-11,14690788427200	7,42156137244556
-12,07434883258840	7,15982558280715
13,87545355630050	6,80819595467798
12,30509336561960	6,65594845650388
13,40623131486000	7,41722461711263
-10,24699446707420	6,40312817493113
1,42227349294242	13,81610442095640
1,92801627367159	12,72554078392070
-11,60036699352360	9,50811999495163
1,47211937771427	12,69213295054420
14,19392518181790	5,92326519141188
14,76798595369710	7,57613789196108
14,59723708151050	6,55641272807617
13,66605297770470	4,73709068571885
3,11641254031084	12,71752796134580
1,58382611022594	14,31662497043940
12,17664696336680	7,80188460628009
-10,50425135549850	8,14714536531803
-13,48496372139700	7,45976321326908
-12,11733732968030	7,97807071410381
1,02611670145900	13,57623320779570
14,25990285792810	6,05643473252143
14,07910539860740	7,92925134177345
0,99956169264541	13,30909113009570
1,19482853256609	13,87584212648830
2,24229940297545	13,14361732272340
13,61417696766810	4,93717095440863
2,31572565439496	12,94999572644940
-10,20234493644260	7,14926623375819
1,67293767401849	13,22051823559650
0,36701275819644	13,45112968638380
1,32612423123540	14,65869223119240
0,96753479857366	13,45063229162590
12,00820151904830	7,46377561383411
11,69261160371810	4,92884506525465
13,55239916316620	6,96215758845921
-11,35787311519910	7,61680105146989
11,74757690955940	7,59621662592858
14,06380392242930	5,90030219233188
2,61452204925750	12,09517439783570
-10,16887147474450	7,52854758270237
12,20937343112140	6,50325397995133
2,06871981858484	13,89213626464410
-10,49609891019650	7,70581989782597
1,60981344492074	14,49603548836040
1,88537429486538	12,37350572369720
12,93135216658280	5,47795672826945
-11,41718607184970	8,10102332721737
11,70855534208080	8,02073742763718
-11,73403070251850	5,53288818070355
12,79815023106590	2,97798988365137
-11,51747835973810	7,56776119059619
14,17250012770980	4,77905625364860
13,94724397497100	6,61047271877724
0,08143423485732	14,01655509221340
-10,97376992976160	6,61212655506944
4,15555604768806	14,00666894752040
16,10725198515360	7,09715111809677
-11,40719060574360	6,96484776133183
13,79058566666390	8,16037520027202
-0,61582440562870	12,67043313342590
13,79225428954940	7,82457139501451
13,02719930396870	5,66483403253697
3,00165173233264	12,48743772102240
1,84593989745417	14,90996168438710
-10,17123853779110	6,01338671403267
2,79288839620851	14,63544528499380
1,01532199185021	12,85055722512120
12,94856744118870	5,93601135739340
-9,31279681637917	5,29342990149349
14,82185204160970	6,18353954758951
1,44592404522655	14,25599448527900
2,93589464091072	12,67507330105720
2,01751117714283	14,79496878936640
0,70704561932395	12,99945775222220
-10,70377241971110	7,11439223412119
0,27033698757970	12,73953470993840
-10,57437759185240	6,43678481660037
12,28972853897290	5,05252704641032
-10,95610791400790	9,39061469827266
-9,61941801248223	8,62719709548114
-11,63624891871350	7,61592652698237
2,03896025484213	13,33651172931580
2,88895990268566	13,02681909177500
14,13959326296220	7,06027299874456
14,47517410485780	6,69715593787061
-10,40505616507150	6,73130611506252
2,81839858271379	14,49858270093580
14,78281458636190	5,00561429726750
-9,32555285509698	8,67133441588050
-10,42266558679160	8,31415150475355
-13,93522567917020	6,88623829670280
13,18449418355180	8,40640718347060
0,23652033779718	15,13147316198970
-11,56183483687430	7,00353743886961
11,89991543242360	6,89848543741564
14,56280397841640	5,46919485572812
-11,59616069875090	6,37112224127994
2,78127560097313	11,25696729424260
0,46190328803944	14,39307523089310
14,27156478963940	6,70556936129116
2,10726692527655	12,20584129381760
4,02085821045460	12,74933430229760
2,29658520180038	15,18440929896640
1,91866210945798	13,42309057157970
-10,45462155438420	7,90506762180523
13,01828832748730	7,94777840938708
1,08208568297588	12,10268624859590
13,50782093810120	6,36906215990669
-10,70603796809550	7,87632938998523
2,35986348687588	10,69409974006380
-0,84858900267577	13,30270063240270
13,54231701966470	7,65907786965701
1,94460361618898	13,79126966850310
13,73290119589010	6,94798125223564
11,53346632846570	6,22228140423835
13,11739881922700	7,20250160373247
2,91125086790624	12,09161168529200
-12,09172746787430	7,74263910346292
12,77191361343460	6,02608000443719
13,22483277716940	7,36093049492235
-9,08982839761208	7,27693964278720
-11,38181013138150	6,59803361924205
13,36494444112700	5,71576014127924
14,36828918216920	6,56201617849987
14,37818474680240	6,28687248309884
12,75369511476820	6,24399400847139
1,75116684636565	12,61702072868520
13,79715767555340	7,47487195574703
-10,32919734870290	8,42942210917867
14,55413486178640	4,46142314430036
2,08846309429269	13,35120568095320
0,86325038198096	15,70876471251260
1,68492924928712	14,08128057787800
2,89417715124144	14,49581931658230
-10,00114067021950	8,50900782760591
-11,60339256001310	8,11684032554203
2,69200219802174	15,34705696184020
-9,78642420548523	5,82211399063109
-10,58186835528710	8,03122419390921
2,85213889735688	12,65503507303130
14,47837724555740	8,40091876523555
-12,09681872342520	6,99194912569149
1,89626939623139	14,50792019591660
-10,93117220483740	7,12500883618794
14,01430725772920	4,91495392408302
12,34232513760420	5,02500769453021
2,01245849726101	13,51000198647330
1,68295605686918	13,08121403770250
-9,59357482537694	6,14788724961953
14,18973312111030	6,54516232069230
-11,77673924276110	7,39985074461398
2,48664060505453	12,60640199157950
-11,44112881338010	7,65154340854736
-10,24688258665220	7,38551818573617
11,99706319060380	7,97166978302859
-11,07607756415700	8,60329413998579
13,34461928644630	6,70597452418715
1,29950583205824	13,95021133586210
12,86583275778970	6,33467504062635
-10,88895266221760	7,43901219934994
1,89390131508853	13,20947342046270
13,38286513947110	7,23249373811025
-11,02390576797560	7,49750570069552
14,16746235773030	5,02971889096473
-12,20825036272010	7,43100113490100
-12,40139777485240	7,33833080199002
13,64586891734820	7,42355114482885
-12,14356961918040	6,85202053460161
4,44803934306536	13,51785275041930
1,06500662268572	13,54812197163280
2,07598246027735	12,14506264004960
13,68309850354880	6,34736193618559
2,87770573348605	12,00151758436300
-10,45070143273670	5,86480694722939
-9,08807015342984	7,58028812053061
-11,97463498861170	6,61001871448974
13,46974865054200	5,84127186870338
3,34053310479001	12,68450653706480
0,70679316458159	13,55537968193670
-10,60535978155870	6,73496757815686
12,72316596263210	6,77156744348860
13,85270300852010	8,00344898437537
0,06726691979571	14,39323597317930
13,33947374713700	8,33301379993116
13,91248540080910	6,94575220787237
-12,44007231707240	6,62544150826626
-11,17077681977310	8,45482586144257
12,94076941206240	5,94504957065077
-11,52416359929380	7,10852267497856
14,63438618935200	6,33749844005387
12,49935210608550	7,48397882367485
1,77734291596816	13,64173474505010
0,55641235122596	14,56065109681270
13,07143878668640	5,61566019242551
-11,28004211629070	5,73387750618563
-12,49790349869700	7,29472138066324
13,53880068683550	8,41304568530671
11,81383225792770	7,14318361711897
12,27255088461120	4,82189097646162
13,12758035140160	6,81726594806813
1,78043310660395	14,00186238021270
-10,87958734434110	7,92092853084062
1,92595167241717	12,73221133590830
3,75650882535022	13,66490494303520
-9,52700983150303	5,89255785512554
2,91444347349623	16,07398454000410
-11,81177640337010	7,62839234638620
0,51626627148261	13,50735048408160
-10,44343419355730	9,11024925367108
-11,90469131144080	6,29447391211142
-10,79803726702760	6,91790058073948
14,71135733354220	6,54716465342567
13,73369045159710	6,73108302706006
11,24156610341820	5,39883494826660
0,75777396739671	13,56005886929300
-11,85965859827930	5,36981395319893
-11,46229567372480	7,56448172942202
2,19197792794895	12,57417026414970
12,67473694011340	7,56256483934105
-0,19559598555346	14,28020938221670
13,53082205435250	7,27136216060268
1,39329984874924	14,44744631694590
0,70800835337943	14,13324316947140
11,83348561685840	5,57113084174045
12,56191782157260	7,81916726953246
2,33558163806827	12,61129976659960
13,31568870792160	6,04657275210703
13,76332348536550	7,52233721117733
1,99802938442514	13,56554034408880
13,38633086497490	6,26335241706010
-8,68205758777116	6,81917139441976
-7,70549381949464	7,76913205829504
2,35194165668098	15,35490595833940
2,35864427155528	12,97011662303420
-10,87544008395400	7,06067585104891
2,47303838992091	13,72275840025250
2,53562161132084	13,03258285191970
-10,92991897810980	7,29834589362374
-10,30754124460360	6,25913131098617
1,82512568256687	13,87645662684250
-12,15493220276950	8,36751971804881
13,51342970238700	7,65540344858144
-11,56075168262690	7,82719457061397
3,07777683314495	14,54452980105180
-10,96036753509860	7,71853251272947
2,78340417174128	13,46816785396810
2,39710233830718	14,12379324972470
14,22804791056750	6,28834057157363
-10,96514540770290	7,76750596492729
2,20129769667365	13,57939540451250
-12,23571663533920	7,90512896988643
-11,29774420099040	6,22172374558079
-9,23167104845680	6,20398959054276
-0,29214060922178	14,93428033821280
0,22865350612403	13,54467435643240
-10,83986788002830	7,56947047605922
11,89337845106490	4,59949190101965
-11,05018121915860	7,82812066685394
1,84247266836805	12,12906078985240
13,11009924051650	6,45026270455269
-10,74446789311720	6,68166383584909
0,92156726837583	13,87549127352680
13,93133414308730	6,26740070961356
-11,78383963425250	7,78392762887166
13,53959581638070	7,92203476454901
13,42996283752730	6,79321823146134
4,46205492240218	14,69803303779950
2,93654410415942	11,94669498835110
-11,66373346892050	8,76306951807953
13,41367173363840	6,74061128438337
1,73190799291678	13,77918155280420
2,83346697796329	11,92194530590290
-0,13622273648217	12,93570254418180
2,74727623330580	12,86918876966560
1,16431709013476	14,31509183173500
12,91858277257400	6,31675028440073
13,55059991006330	5,68047444056431
0,96380852127655	12,75002047800740
13,06596445104300	5,56824957956185
1,12428481906400	13,53886558472200
13,35244223311460	6,30974467618342
-8,87723464222316	6,55438259505538
13,73900107654070	6,52011870841482
1,35129703725832	13,11300479369930
0,74646808789017	12,87408901550910
14,55362376318400	7,13233238101337
2,81568416070707	13,58806749838290
13,07512680849740	8,97956701720366
2,85876977828173	12,72937805783730
12,92265395538020	6,31531575977862
13,96071805011700	6,33563973050216
-11,16636380891810	6,77956062289677
14,37760707131920	5,61483680226446
-10,56943860865880	6,20753031926618
-12,07666764487980	7,20515005480978
0,18934777537100	13,66588330700830
1,48637131150153	13,98954130974960
2,53133321190846	13,13301144852710
13,07280524087400	7,32454464469031
1,57591609750641	14,15816544946440
13,32225255558520	7,56847800390475
3,30926451599320	13,64549495807640
2,15564991129553	13,09411396505440
-9,15350858827474	6,75744673959092
1,94704188909472	14,48556141010920
0,89563480620074	12,08167711833210
13,98903477230190	5,09816028887211
-11,42878994869210	8,57879591118343
2,87311895938952	14,76836604296430
1,85790010368658	13,00477682757250
-11,08758824352210	6,67895595857460
1,91653813220145	14,82484641185630
-10,76156873341950	6,73300278734364
12,48716969570850	6,41509551281129
12,96467316302320	6,17555657331082
1,08508768696965	13,67191614702200
3,42207710862089	13,31437608823530
-10,26371432347700	5,60889876662814
13,83380551804650	5,39018763915723
12,55819738520160	6,74473159549688
14,05317291562760	8,22168029406472
12,79512015371280	4,75621614394346
-9,03600197661608	8,40736616200232
0,59394211349562	13,63784941613890
-13,06901082762490	6,78461965692125
0,76091250178672	13,02447898162570
12,64491410710660	6,46289336273677
14,26926632229160	7,78071797170670
-10,27368065945550	8,88488903065299
1,28592559067592	13,38982853905310
1,86358660915619	13,74034979367190
12,25526098284370	4,47547975405630
11,92446431909920	7,39347021296110
13,38771268242170	8,32390815481880
1,72864662382278	13,94577926835810
-12,04494162823100	6,38658009819369
-10,74293408737060	6,66678459323545
-9,47848284030003	8,08442583094882
2,83171527355434	13,25395950809280
-10,39442660426350	7,83280258769096
-0,59472981791914	11,31838763115200
1,36600400783442	14,45650155362150
-10,71505774899480	7,22466754174080
-11,53360243644110	8,22540334815774
12,73970241699500	7,46959593495918
1,22970368316051	13,99995263200410
-10,19150066008390	7,37472671467294
13,48592477453170	5,64599809644134
1,21324936621298	14,58499742790410
15,02656799421940	6,07697312611205
15,69691067461670	6,22141208008598
-10,45803815731340	8,11437370516045
15,60698887706580	5,45228551195211
12,35883781176820	5,15519046276954
14,46473955653190	5,44689515435879
-9,93892636104112	6,67074511190471
-10,05630915578260	7,99542783165443
0,81093805335814	13,83933464533990
12,36410788597690	5,88882982654642
-10,90756923635170	7,35449640853357
-10,70448787877960	6,63265831045041
-10,56815454986700	7,43160189605964
12,50481526005990	8,32239332933320
1,75161357395708	13,42930991906130
-13,22015454333150	7,68318668035835
-11,67758915736120	4,67772302257159
-12,66084770860990	6,45760788431939
1,21530846242626	13,17310319151040
-12,94641723547660	9,35780814702637
-10,20854448608800	7,13799848574927
14,40051360924260	7,87010613893768
2,92395976509709	13,54044894406390
2,37493783441524	14,65008836601730
1,66054163490219	13,46349090245450
2,62061071810968	13,22889117236130
-11,48317988988220	5,45250202747354
14,60108572079220	7,23690888993205
-12,33170471034680	7,46251496377661
-10,38856880793600	6,99769051839978
-10,86506638525660	6,98642482135362
-10,50073045641920	8,05941308086177
-10,03076247128360	5,65119441208575
12,33978326117600	6,09790927111193
1,28121771590404	14,07428692027420
12,36276947379590	6,36129372370092
-12,22824971875110	7,43375626085679
13,43023873001900	6,67510890716407
12,62892932394950	5,28458439955034
11,95750310537360	8,60406427127071
-9,49740991345413	5,75484297510669
-11,56446028162080	6,78344321233877
1,86349982882663	12,78749223587730
-12,13224569698220	7,41541445732586
12,88260119907870	6,15445880836259
1,35251651676438	13,41528288509550
2,02853421408785	14,19736576517420
-11,62508254963550	5,23357977959734
2,14375629513010	13,69470880763000
-11,96765264391120	7,38830428380513
-11,34288202579370	7,37285178517402
13,37677692954210	7,58562439735406
-10,20376569470830	8,26426014390877
2,00521966689365	11,64680100593030
0,74004822512905	13,60871095636490
12,74466430980310	5,18665297424487
13,29572721369090	5,72850146105757
1,99815880094871	15,04540393160990
-11,21960728013460	6,58243083547572
1,53156906295310	14,17126830328210
13,27006595093820	5,61875054567471
14,35112377458660	5,86554740125493
0,62434970263234	12,58864639284660
-9,86729622872678	7,89348029961184
14,14142540670360	8,43616210813741
2,21812643447670	12,38939523142760
13,06968218752020	9,19286650206865
-10,87748525198770	6,75632986865919
0,54540246980101	14,70424535328390
14,11322058839860	6,44045236806678
2,40447773432728	13,74701707496980
14,94440673841510	7,72240361807210
13,39710022879340	7,92032117568202
15,38447697310650	6,62492230782654
-12,24952802725690	5,55815448627264
2,51481146157860	12,79579003332250
-9,02832341847654	8,31828961648227
13,48922968674480	7,14153236705236
2,83023533466733	12,75950746735100
0,61476476171624	11,87648575557030
-10,08589657486400	7,07827978330262
15,11067889796130	7,56685265609575
-10,59972991123010	8,18549241146320
1,30167065435347	14,23474401654090
-12,41005961734320	5,72119519110573
2,71437053086532	12,60913662270250
-9,59980429815547	7,11160667864016
-10,99224170656150	7,12988331703361
-10,14069593954910	7,72878448255125
1,22196074558216	13,97070740343120
-10,07418558906140	6,33693393544084
-12,70032375402110	8,29899613545508
-12,24324839483250	6,53886663737518
-12,59116406674020	6,44129704447889
2,48534514623412	14,66745249262950
-10,55059157931520	7,66795813663019
12,88500579969960	8,50904470753316
-9,61004810463657	6,97082416566038
1,86891974932813	14,64011640876020
2,40939114798987	11,81719040500600
14,66998061782770	6,15021158102328
1,38513469715610	13,54779625446860
-11,39394394655610	6,66022967015676
-10,11893538182690	7,73493315424306
1,98412320292162	13,36843553991650
13,92940451729210	6,15443100583637
12,65674179619810	6,12209627471417
0,55263910980922	14,22783312020770
-9,62364059595171	7,43304595370817
14,11356649710290	6,95317698437270
15,08535229978170	6,85799870199605
14,24509225328380	6,14914211229589
-9,62682377849541	6,60784195862978
1,41804650345236	13,59276749828110
-10,96393201504650	6,25716953975483
-10,30097128379930	5,96853838359397
2,71952040852622	14,41093223561630
-8,54470410057831	6,96821618556058
-11,60410710383470	7,21294359204893
3,16270947693907	14,15129724663830
-11,63195526465800	6,65490905898929
14,67474539368240	7,29308276620116
0,43997192277931	13,11423128378690
3,27617173783586	11,85725745370120
12,56776372112130	7,26910603296601
-12,54380751729370	6,51518002754104
-13,35634254412530	5,24246491791126
1,55704664881610	13,22105039194530
12,56021872081430	6,50021221540376
-10,21972022371080	6,09822341334840
0,81980286979997	11,88137917494490
-12,60438450189450	8,12877907054512
-11,62010404916960	7,72419168515774
1,43798891299949	11,55087731648420
-10,37628463820240	6,98254100131846
11,38567812349870	5,59657521642427
13,19515828375770	6,44361161950333
1,46856477148460	13,32622208590970
-12,60944533916020	8,27561169542873
0,47022630266420	13,01602344236310
-12,40150399925410	6,07136773005463
-12,32457199986420	7,54067616893752
14,29883568639700	6,51393088471282
13,42329282564420	6,57925538199515
2,13782271540747	12,86688272165390
-10,92224764438620	6,99533700980991
13,13087287838560	5,59598924010959
13,45147724526710	4,77988454605213
2,42251610964350	13,62909839089640
-11,13007567002380	7,52314067823315
-9,01131497147933	6,97968009270567
-10,41236140479030	8,73356779936420
4,14795095378802	12,10522084388600
13,79078473310590	7,40122004176984
14,19641637146830	6,71074022863598
0,70906870349925	12,14471908987340
-11,59798309934800	6,92937621249647
-11,57715453151290	6,83447584863060
12,59815241250160	7,22531888824403
2,61714489375921	14,62834094817720
13,47023080084610	7,26325502199068
2,71532077517179	13,24238766799070
-9,82446226269007	7,74964342148144
12,49175479980700	7,02820320694126
1,87017391729523	12,72498596051200
2,41144418026004	13,64656852196820
-12,18388499939650	7,96754514448057
13,48676283252360	6,95076033206898
1,39359266172093	14,00828427412490
2,88623787544514	12,67406783828260
13,58152234910520	6,72265409200841
-9,67166854252783	6,59525701109569
1,53435082642233	14,24918784027220
-10,52330944926690	7,84011067253342
12,86930785629490	6,64873054649161
2,51645425927499	13,76971779123180
2,28538469204327	13,62849637135250
14,78600807506410	8,50675038406457
0,40720069833691	12,66000811444580
1,43001442296817	13,74145528230450
1,67109112924320	16,74426454621110
2,54200691949242	13,08254085470780
-10,67611816575950	7,97813528077508
-8,97184697800399	7,56736513157214
2,64884823755551	13,71908631219140
11,36433887940570	5,61628706372511
-10,32373575863880	9,05188532046944
11,51910944326170	8,16708430474162
15,63088642807410	6,24687610971346
0,85712798321071	12,67278857092380
2,06405466400946	14,57480318115600
-10,22171740628630	6,40594178164547
0,98429109256305	13,09037152378580
13,67832815868860	5,91059996270328
2,18495284310601	13,35963734377990
14,28428060791350	7,02807777663518
14,27799041442230	4,38042527558843
2,29823842910051	14,04248978295880
14,58040839920990	5,92851632438133
-10,16405543431680	9,91596571604284
1,95267155635492	13,29992583994600
-11,08577540167550	7,43443548580588
-10,45772000195340	7,45667905390363
2,00517847187990	13,25644057253760
13,43862208253770	6,86121126778506
-12,02115916553140	7,61277802500656
12,15172068056740	5,98256067842800
-12,12956319302150	7,82428200883508
13,07433890907120	8,04609677358789
1,73820154409714	14,38231017027450
-9,20283262036505	7,00253956801350
-11,42054796222740	8,14536438212735
0,94061593739654	13,95477541790350
-10,48556681222910	7,75296769237221
2,41325086958694	13,04284313356650
-11,80198142805140	8,62407496837311
14,70076250357530	7,85545295392562
3,11365335975234	14,28821284662390
-9,81523919662012	7,73333309428497
-0,14442260191387	12,54189083211290
-13,15669905105680	7,38557457235234
13,93336056962220	6,86513044239688
1,51713835930656	12,90694385306110
-10,24159536996490	7,23717454127470
1,98554798625945	13,45013582376100
14,15851227273780	8,38258938441652
1,10608388457398	12,15580240859230
-9,91156879031474	7,83432989114664
12,14375067944550	6,62929588553202
12,34529134232140	5,16522790306677
-10,74034081590800	7,59278119757022
14,56361836279920	5,95549081560897
1,80597493528392	12,71685249839820
1,53194027966856	13,34926983950920
1,36878264006358	13,71351810879610
-10,43501409199350	7,42673974731372
-10,26081720332740	7,79011785641035
12,54955810045830	7,47783029266281
-10,08305872429380	4,96333945840572
-10,28583959531630	7,77032851373547
13,14702190191220	5,25046079117045
-10,79997901704480	7,75987648261271
13,20455614091860	5,69212756333715
14,81006671593170	5,72081494589261
13,24276442031280	6,13969906275959
12,44095723280850	7,79985013703930
2,32850467586828	14,61831523992880
1,70520059145070	14,24744470077570
12,96845466138310	5,82478447489108
1,54708753728055	12,41702208762640
13,49101159598270	5,96992811305218
13,37699273762420	7,87449233728624
-10,14765326107050	8,88905129543071
13,99742805258530	7,31298170856176
2,54033563824717	11,46330389925830
-10,81449479318540	6,76146593669776
13,09409978979910	6,42953082913269
14,73780273655280	5,55667407521162
-12,23212973908220	7,63388574532272
2,34647166216057	12,60295981061620
1,61537489475325	13,53535894157340
13,37831847627270	5,13642182676070
3,07921937507933	11,44875212652490
12,33653425363030	6,97177021498844
2,96310100127919	13,04367316080980
-9,66556765111776	7,91036159826189
13,80078183008420	7,85485247445502
-11,77301219011600	7,81404100744296
3,35185917282563	12,81197384222040
-10,45700085453260	8,26163278170644
2,36400117401609	13,72500156147480
12,33557707454020	6,63733451074249
11,71269929245990	5,56671166833200
-10,33101474286460	6,47031172050814
-10,43816778663480	7,22431371874566
13,51744660890790	8,13382420407847
12,97218415317950	7,02108407897220
1,25124243213605	14,63225872484910
2,22415461935203	14,95083818451900
2,68596486519532	14,48634610813470
12,72175446814740	5,94022294841381
-9,62987722446222	8,59558289768785
12,88750214957130	6,77880120236525
2,56610314645274	12,74511698562230
13,59321713684450	7,07978477063199
1,93882728957141	12,40993992529760
13,37843519001150	8,00666602517020
14,99417376317520	5,08805592703511
-9,88288102682219	8,87102495590114
-10,85281952448650	6,06243470525052
2,63401080928645	15,34049315089720
2,94130463926694	14,38177470602970
-10,96204123781480	6,05214352354355
13,74786737179940	7,34989309837798
13,33551000016730	8,22161351213160
-10,75912696330420	8,06680654860450
12,81938896183940	8,46266311537236
-10,73364673808190	6,90563063997147
3,32259307717930	13,02268896170110
-10,71172168473680	7,75649855092881
14,29406951145280	6,95704600274562
-10,52392140212070	7,67495979554621
2,35264821070511	15,02677930170440
-9,61054731625219	4,12009015674710
-10,15395646473070	6,43189542428039
0,82377175196172	14,98235954605570
1,11071230647035	13,66400286377560
-12,30448775807250	7,02036049502238
13,72742457896760	7,73493080215785
13,52338815991830	6,18352909540288
13,48956829346230	5,64811504945940
13,06924310475500	5,99825417695054
2,85413089701978	14,88604346591630
-12,32167577685990	7,35370397951622
-10,49735449237510	6,25315282402702
-13,35582459956050	6,52430504424148
-10,84674636426080	5,39034736394721
-10,96501292141140	8,12514019428213
13,33899581174410	6,90487510459939
-10,67119511560680	8,88403052876856
13,99335216168270	5,33258965562871
2,18746120289450	13,81215797069310
-14,19896247032250	7,44894867144152
-11,65069490809970	7,92908809691523
0,94517320609647	14,61180337874870
-11,60524360453670	7,24067254216064
1,67181981981292	15,15627576900290
12,73037906585870	7,80978677215444
13,69465080855220	5,42684027160533
-12,25628666433640	7,01151931151663
-9,64071462392391	5,54485633443296
-0,32630510222025	13,24040128786040
14,10438183173810	6,91940977936285
-9,93734321040900	5,67869772521138
-10,47889802243980	5,96497528286923
-11,61101616950150	6,38155388199989
12,39437558014530	6,74447597065907
-12,20269005007860	7,83416570455376
-9,77720624447509	5,59980952680368
0,45039997456338	12,57721898810880
-0,17955958839721	12,47146834007420
0,65116424280793	12,28514536566660
2,50976639654280	12,88747532593810
13,13709388378070	6,91507189042654
1,30215038192056	13,12711094411190
-10,60219905107900	9,22119347572660
2,31599900086741	14,72068551978370
-11,52269931447490	6,47877006017223
-12,05408618749890	7,10032596526801
-11,14174925138800	5,22448208773472
0,95529712514092	12,93178951089310
-9,32323991166067	6,23319846483673
3,44171071623217	13,05428380659610
14,87342358192870	6,89838477958197
3,19906463121539	12,63104182714360
14,09701489545910	6,85077234879903
0,24314229783367	13,67268028872050
12,41256606011370	7,86761904299144
4,12839295883284	14,24776685978740
2,64468531141095	14,38738594937080
4,12392160645525	13,37414657799850
-10,29303741679590	5,90865784401729
3,36829326375448	12,24965837629490
3,16415333968189	13,94069087824900
-11,79277217445000	9,36440269753616
-9,82782365653140	6,08770982436032
14,45726763543230	6,89195864536519
13,73306873816220	6,14409074426095
13,21568805259770	6,82907416851963
-11,19299967680290	10,92081762255660
0,03443649446634	14,56280455283530
12,01926109527090	8,17194985439153
14,10388316436680	6,53083879541198
-11,79605946686380	7,92340739025054
1,51028136848140	14,71874743820730
3,14097348065746	11,93680360557090
1,73798448944743	12,93720674246470
13,32679002616950	5,50448767002906
0,40566754957977	13,37770493338040
1,98386173316175	13,72415646636510
13,32456874168830	7,50910468335065
-9,70766835458522	6,38156589156852
2,96002227266275	12,66267811311980
13,65350063529620	6,30321756574585
-11,38204118406070	6,35701170873181
1,13609336746275	11,46650886208610
1,70451039297270	13,32672740474950
-10,91777151565730	7,69330083841838
-9,52379149223001	8,15242904552848
-10,11117908703370	7,98895059134442
-11,52767503939540	7,48931622382995
0,39471334093402	12,88018315347560
-8,47606083621246	5,11335433063993
0,49081130144280	14,30501554110460
-10,18865442252670	8,16288189649801
-11,45469011696280	8,27059185072289
-10,37238582037290	5,98700065072477
11,88023279769530	7,75502071482192
13,25821110611370	7,30126822004777
-10,62904809265950	6,61668975037859
1,05211729485702	13,11213365203990
-11,10068750410160	6,25505667048251
-10,15357646211450	7,26136374674280
2,43814643007568	13,77611135802240
12,25735360685360	6,77036491676276
3,19743070364211	14,41309795246830
-9,91530698888801	6,94156317330383
-11,39454221851780	5,72335576119724
15,55466698346640	8,97907408689687
-12,25734081064550	6,40001480377402
1,71917598826606	13,15992079225900
0,08647697188189	12,12784252733280
-11,22787908493740	6,81290833715185
12,78375726379070	6,94922034720319
0,75947162038158	11,20123222943090
-11,36431863051990	9,76203632671082
-9,70972647829823	5,87114715036447
14,20727085335160	4,90062485671502
12,86324958041290	6,50891567980373
13,66651427591030	6,12102984615838
13,13883912127330	7,09610893202449
-10,08110972420580	7,69722531198204
-10,51695262191400	4,77649688602067
14,69392074996440	5,97556753537189
2,07782123819501	14,08111625282220
-11,29317761565190	7,41430887330948
0,83797043095624	11,48845063163420
14,05945862296850	6,15509105451857
11,70348366942280	6,37583182378337
13,90290886179680	4,33237611462846
2,09477104799926	14,60709829416760
-10,78895014142640	5,61192832596999
2,39617242020625	14,55284498793900
-11,84489710345120	6,68256360215259
2,42579350583615	14,31390045012350
11,71520031630300	5,91295911104538
-13,00310332859020	6,78306867922265
-10,82733411413000	7,70830970469452
-10,79954230534530	7,53465181346524
-11,77475703858100	7,00794941975131
-10,08940529149140	8,76808749876227
-10,11399752369300	7,11735740265985
13,65051677545980	6,68377990793946
-11,00333843318400	7,43073822735366
-10,96640476422850	6,24614041872939
2,89493979565639	14,92078821366690
-11,62743055370570	7,50407322848521
2,13814784396659	12,69253714041170
0,17907249535735	14,42237971967580
1,99633120189553	13,27039241777210
-10,28533100877940	8,62858627089616
-11,07288186938850	5,97238374194590
-9,81406215638062	7,17959400907261
-10,37585615505530	6,74032909947389
-11,95765224506200	5,17403193359656
13,34115574816980	6,00594786776641
-10,66913200162360	6,38533334130895
12,86783242458670	8,45541361438955
1,42375422463629	15,01140762375820
-12,20455249022650	7,23111633537230
0,97659616341348	11,77170949642820
14,02561380203990	6,51449556287447
-11,14753397322620	6,05190408613511
14,93842600732180	5,79058510676389
12,03053179764050	4,93493418820197
4,01779294145833	15,46050629002840
12,08936951293050	6,60229925317744
1,73434140136493	14,31012272400610
14,56711401200750	6,89432220542292
-11,19833037532160	7,43733594131178
-11,00656119574000	8,55660527800940
14,48653539520180	7,28980561137813
3,52242424948253	13,97605285511720
-10,40240816652010	6,39942583412350
1,98073514626407	14,76162633516920
2,44438436946195	12,14776680768260
15,58711674370890	5,64957298369617
-10,75613414883930	6,11840063147393
11,64328022508280	6,01440440389652
13,75354329643220	6,71597248960266
-10,26742426986120	6,87187997652847
-11,03798563768140	8,00488414989467
15,08270197314750	7,02330842834508
-11,74689563808460	8,07508414732390
3,11292743734816	13,03063492610530
14,33983370669680	7,11915116196820
-8,99933205993890	6,84543231174014
-11,32725885627490	8,46084683371349
-11,75545656717850	7,50788695830583
-11,25054532744690	7,52883487661089
-13,02449165474150	6,03165053688083
1,27449571835698	13,31555279024250
1,43639393296734	12,55777687798950
-12,50564207418070	9,12752248584322
12,94307445883510	6,29271361255091
12,67815099668660	6,56605019626577
0,52185324069136	12,39030400264290
2,54222358499229	14,02240611992980
12,41907545218810	6,29895533201255
1,54918887566156	13,50157925245720
12,70428065870510	5,27247484820486
-8,11616299381039	6,34232331273418
1,96678809376389	13,91910939670880
14,31249354874880	7,27282051875816
-8,79741430161184	5,61742905674787
13,34496341408350	7,22185599727177
1,42504552973248	15,27195506327660
-11,47371770036110	6,60904692097561
2,76599469849471	14,16679853619250
1,90934616183745	12,30549775781640
12,76226525199200	6,48654115588923
-9,96663330848364	7,93536265845856
-9,61294452520160	6,91417539119470
-10,99942587325190	6,90637991945683
13,41128849450870	5,18361496927867
3,51464986100947	13,26664853009670
0,94187114153478	14,96929586633250
-10,45972131044480	5,94226809703971
12,37808607944780	6,12219921701751
-10,92239300796710	5,64158094706565
0,37032351369950	14,46773367179810
2,95265880199091	12,48957553877820
0,79353369257957	14,24458033893730
-10,44988081495870	8,12346223901015
3,40434985271188	12,70852134653710
1,73330823070510	12,65694330589420
-11,26791934565700	7,43407366372123
-11,84123690907880	7,61450379582555
4,05477113849148	12,61418983032780
14,06781893696850	6,64210547786786
-12,68999570646740	7,75383110727779
-11,04356315148170	7,77164078055202
14,39409427687080	7,28235736031451
12,62844653955140	7,78023533985016
12,95006370948960	5,73208605968829
12,62409761321790	7,60279110468485
-11,01222036752640	9,69389121217042
1,22559447183610	14,25488938414680
0,41640529106787	14,29441316970100
1,79676776224572	12,51198956878070
2,29125212295531	13,38109872013910
13,01681388085990	7,27722869233463
0,33066748553809	13,61343335064070
0,86332537109475	12,82468215457690
-11,17826022368440	6,09322171947809
12,60973285640020	6,56523762617252
14,52531516924990	6,15704689120815
14,67721967395140	6,64186921716652
0,51798809582479	12,97846726745140
11,64273452518880	7,65916933723881
-10,56186754869390	6,65492155285637
12,61900784743360	6,19732107022387
13,83118957534860	8,05486757454861
-9,86453473930529	7,75800409981402
-11,54009640975290	8,02154308417525
13,47145453268800	6,00067178633976
-10,47644471155090	8,48624743623907
1,45879719895679	13,21263705328850
5,01200080008183	12,96022017879450
1,70901931346551	12,03191467037700
-11,66965450819640	9,19428210626915
0,03172660582937	12,61834120071460
-11,83823893906330	8,02114755897552
-11,21144612249330	8,48217530753839
15,05626646270950	7,01493518479377
4,07071166325557	13,70201373533370
11,38406697005230	7,37400708846976
0,70834979961494	12,65355006445140
13,75344683575030	5,98958826387856
13,05322495772550	5,34400082435406
-10,11424254780710	6,08311399188323
13,42773535425640	5,44483464076453
13,54989366093200	8,61699847297964
13,49721686366840	7,32408314935500
1,54243655120454	11,96886102483250
14,00695776237720	6,10332608071798
1,30098579398801	13,31312724204540
1,44485298781023	13,95798727165890
3,72250226164101	13,85460406936380
13,25538233382430	7,09190960846973
12,97255009504370	5,28534234345274
-10,89401048719880	6,59136643680238
-12,65310145810070	6,88556555405867
1,67081421039370	12,62105821893420
-9,60607526146843	6,17946967259824
2,08852044670639	13,98926593208170
0,94234632724005	11,67740866351560
12,75514181473860	7,56914356261012
-10,27189474054090	7,19589447811055
13,14614762141490	8,67065955739441
2,21356607856150	14,12625110916510
0,90055022629060	14,30054046584120
13,31529396409630	7,03360364390289
2,95067308264129	14,48884624304900
13,02859802743590	6,03289244629224
13,67025578296910	6,15432463381030
-0,34494789384488	15,28838866710570
-10,39116873988100	7,63746086520012
12,81987667199180	6,05612626966344
-9,06491870104574	8,09941514514522
1,69109687496913	12,29096669644780
1,99170811972236	14,09039080056880
1,84637310792980	11,77538112020390
12,93007562887180	5,90596484007596
13,50765672002860	7,62706263051335
-11,41315653052970	7,55541022111007
12,68533839070590	6,79839737517456
2,12871881544390	15,47068764197440
-12,54047105717590	8,13506633150615
1,71287857104496	14,52503017216580
12,50823634336730	8,36389972782869
13,97894579111760	7,27952275308924
14,63269630229380	6,01706939658211
0,42782578702731	12,97260132787840
13,86388181173800	6,97718261076105
-11,90342962371980	7,70421953186187
11,77136018504020	7,67005952145657
-10,49457532726220	7,57792803759913
1,54228848804218	11,27401516467780
1,94062820186848	14,92080728620750
3,24677543876664	13,39887629027860
12,64852847108320	6,11193620794194
15,88906596412010	5,73644282318790
13,91539610405640	7,39939767529047
-11,75775244790410	7,36293431624551
-10,78171297300820	7,17426586850843
2,13107232156200	13,47633991354830
1,92359958093735	13,94394870264780
11,68486060258790	7,43879117910470
12,05914846457110	7,00278435771595
-9,23412049834854	6,93466546141757
3,73248035775398	11,80700795411660
-11,50506940475740	4,24048081820476
-9,95275640726938	6,87891963035249
13,51544541132650	7,66197732237405
3,88143944280991	14,79690932312340
13,13527073577900	7,04475394277623
-11,45769727478300	7,70585558214133
-11,36906782135250	6,85064622609076
0,90165114616738	14,19438623617920
12,04803395174340	6,02214312432696
-9,42851034140075	7,88131254958098
-12,65184794262550	5,91839355471239
2,19653357358829	14,40752574238410
4,23196804490600	12,91113610279490
-9,41252217835190	7,13791201343408
2,25064441307555	12,23099259978540
14,62235102131610	8,65233308059117
13,89966151644700	8,06645813982569
-10,42982628828190	6,42928844112545
-11,83090290124260	7,23150672949979
-11,94407729398070	6,35707500154358
1,12494300686829	12,79549248416810
1,77873398780545	14,28706179891800
1,28266359326597	12,96026374512180
14,80136758272030	6,69798827583077
1,94346488506457	15,01921517275020
1,97363392507436	14,05649938529230
11,91380202806220	5,98034114918934
15,29360518198010	7,12267371169495
-10,84570480529810	7,56467244823783
13,55175052857830	5,98041018382738
-11,02622494684490	6,55371208080286
-12,07607369052700	6,74900646803215
-10,82060335542290	6,73741302760591
12,07781949504430	6,95114154555499
1,18368220256211	13,67162870170620
-9,51609948228897	7,50886027775219
13,64462726723600	7,83599629971562
3,05272010967419	13,09990436687800
12,81210684705670	6,44432438152068
3,45746289656078	14,86456225696100
-10,55141989705780	7,50038899232738
-10,68505992267350	7,54264193801096
1,77420700995586	11,91298783735450
13,51222002282560	8,10730245229242
1,02569886615484	14,37315696353750
0,23309947150773	13,42382648297800
12,53943178172710	5,22484403696173
12,68327888448080	6,58512701701171
12,34318627405600	6,15267061245607
1,26916637517570	13,42971444432190
-11,14786715073690	5,59940212821901
2,41804949207863	14,38050224928180
0,24988407080982	14,04371648013070
12,82608745204070	7,45812189783214
12,76889224646600	6,63202712699285
13,31808189579250	6,10576990631104
-11,45222562804140	7,28714176071083
13,98895837670290	7,64867521635413
0,76805790251656	13,75036033291710
-8,47598212165606	8,21220854666009
2,30854576434264	12,28951356814510
12,38138339754580	6,49958700033356
-11,75966616696720	6,30478212686039
3,58935970586465	15,17731931162910
11,78557473145640	6,72375802689818
13,16177565333590	6,73094834119739
0,50813954985946	13,13596882617190
-11,16635954172750	7,20015567194903
1,30550282184929	11,70672556119350
-11,50745079467060	7,35631011174259
-12,78858156557050	6,15538197314057
-9,86927110286101	6,81759574160969
13,81041636558110	7,35245938751139
15,51233052212490	5,01950970271645
0,75654265519693	12,96325246677270
-11,00744266311930	7,55921785553318
2,31614711196374	14,74313233023540
14,33128230152770	5,97654574478999
2,29584892847005	13,02539374405360
1,16796775033543	15,29593408458480
-10,01775481922650	6,00394783798179
-12,35514407754030	8,74917543276596
-11,12904037610340	6,79541162502867
13,76385608758600	4,93255770723185
3,24461341172862	14,41508377583160
-11,30744838573730	9,68212760028603
13,02566293221450	6,18619021595483
-9,75859865613243	7,26105747565631
1,94169601943364	15,77449400820830
1,37246925430105	11,82560259358780
14,24061897745520	7,11904938855165
-10,73889225509950	6,08202279365297
1,01910132123934	13,87388159149870
-10,04674556619890	7,02496425084401
2,64360730294648	14,15115006105640
13,29302197701670	6,44211282600628
2,94288185038157	13,14095259637260
0,77950186107635	12,90107038128790
-12,12800978256470	8,55803423902386
13,97818922434110	6,06615604643372
-10,35574173460300	7,19067584193392
2,62365166864305	13,41193999460650
-12,19653916461930	6,97372274086804
-12,48732402980660	7,52274661803244
-12,52019324839680	7,57277662539444
12,68024040056750	6,27850975677721
-10,88766850500820	7,12395415492828
-12,38300129830200	7,43146667980925
14,13274534140100	7,56759028416814
-11,19534874263110	7,45914622019205
1,80123429303523	13,53252564907900
-10,42593475424310	7,34334889159039
13,23131031808100	7,71376298371666
-10,67569096876470	8,83124774678267
14,43241804149100	5,92669951540350
-11,36396379933980	7,56269550540460
14,42734475946080	7,13028919775733
13,67633375667190	6,70724108008471
3,37947541632063	14,35758556214010
-11,30044658615830	8,30834331177981
-9,35757615107563	7,42957524866821
13,07463185285630	6,10439997614224
12,59667376235730	5,88754595082286
1,50438964777140	12,34618477551840
-8,29602723730310	8,44053560907311
2,39358185546149	12,93134761905480
13,59354340314510	6,47545095064884
-11,45796249557510	7,52440074573880
1,91304667771470	12,86137088665580
14,63317656098650	5,70593031170051
14,00702129373630	7,26041322738601
-10,18042582011320	6,74894168325165
-11,62115451170610	6,46885783753568
1,72891486911148	12,59240475661160
12,78099408621580	8,11360608416199
-9,33619067162359	7,39045870351274
12,94929970533330	8,05902370299873
14,15808487497020	7,91016010700962
14,45140874976280	5,92769775149853
-8,78290268901695	8,14845855448898
2,59587666923531	10,83654979746970
13,89669990122880	6,52626171841626
13,41110562547600	7,08586272618804
1,88184649177489	12,64619484380650
11,68061792630430	5,98593768712072
-11,84023599758060	6,75353830501013
11,32702984588750	6,68496940681870
13,67350362130240	4,91818523089309
13,47582428929650	6,76862190826312
12,86414450224630	4,61563055329626
13,49695741487340	7,35965316537396
13,58278215280730	7,85993900214615
13,14027278805940	6,99078686245449
2,53556904964591	13,60414306566280
-9,36490810494205	7,83027873659208
1,02694163912064	14,17294523203590
-10,83016059234360	7,34173477073403
-9,58407792442478	8,80425417968426
14,94529464201060	7,98929893376420
-9,90018841574921	7,77209180229360
13,88449240721120	6,59135082006623
4,07692310939526	13,47269995773980
1,34406419253806	12,97729893176690
-10,71134380549160	8,29854262867682
0,77160809440255	12,09459262130060
-12,42486284923450	8,31369266830180
2,11026616174887	14,48094832968050
-9,21789103097619	7,20859709164325
0,15235646526499	14,34534459274770
-11,76627500657220	7,07698697132686
-10,86055698841000	9,03143851041846
14,19403300534810	6,31365546901520
12,54414226567270	4,98026597560467
14,03080797266270	6,06946127298857
11,96719714376070	8,24410252133198
1,89392813346016	14,54557885454690
13,13680776803460	5,79309059207640
-11,31166133472760	8,29018768948198
-10,51018124798060	8,53213753645761
-11,14580811039400	8,35784226682092
-9,92749038104211	6,90150395729968
-11,25536091667310	8,10936870358193
13,61243935935830	6,50789278828613
-9,96147671772879	7,48684751525849
13,59523231935080	7,42695131239584
-10,35076760699980	7,02007153521643
2,33431161103080	14,37593105835930
-11,83184909568310	6,71391822334607
13,86178056671190	8,57638030301592
13,48010311302890	5,99892400006940
13,22275435802040	6,40351676828001
15,05853876030040	8,23817180988709
2,20865145298420	14,13318984838250
1,50975370268710	15,70691369360240
2,80927348138602	12,30712186396330
1,54936718539234	13,68321174595700
1,40021410859500	15,55727708994310
14,69256523810390	7,16828015751603
-11,38433285173820	6,03803035638695
2,63101567618148	14,91572936567690
1,57431049218596	13,69766548214890
2,07919642548798	14,42146727461780
12,95274224425710	6,21394127317524
-10,31597514679380	8,04907529848556
14,36289358747320	6,24000255624861
2,39920986691563	12,84431320233050
-10,18498583888680	7,21472760664075
-10,64200530089480	6,23258818248100
1,19911429186579	14,72744400345490
1,40357866189651	13,70901729120060
12,60819260890100	6,45674391508264
2,20786989901915	15,87589156759250
-8,05233897222359	8,92904937928308
-10,62216868628360	9,11489728841456
14,99680531399980	6,01967752504467
-10,98105753134900	8,11529514467713
13,84693175272990	7,34603469902715
0,73213579538969	12,88179030224520
-11,04851122461500	6,92000555482605
1,87046597147993	13,22752344093810
3,39926836983217	13,28142032651410
-10,46571520984940	8,06239435836168
-11,56563136681310	7,53233190307198
13,86641875604990	6,84832906578141
0,88428195776842	14,27394867636810
-9,88107765344902	6,46765398247467
-10,39220638105670	7,73167644652555
-10,94280425122880	7,84868099749686
12,94110514062880	6,61083640016570
14,09858824828830	7,24459377646382
11,75088275486000	6,24820137500849
3,20589209160053	13,33251776788140
-12,12575580897240	7,04155445915175
-10,73026757938440	7,01567918752346
2,17678378782425	12,77736239793290
14,29766898273000	6,64695869310764
14,81440715348080	7,82499159090370
-0,47239134101659	11,92990282481170
-10,84428885591490	8,26019899908096
15,19587014896540	5,79693844170913
-9,94217973975013	8,41618487066234
12,49827803973080	6,98324045998646
-11,35681200212920	6,31027845488628
12,92026237450190	6,39286991043314
1,89881112032965	11,36520134790990
13,60201685745220	5,50711094479691
1,34354114220568	14,01619271285170
14,46220504337750	5,70208782851539
2,96509065635852	15,33755785355170
1,43745565499491	13,84516217921630
12,79905313529060	7,03509168050111
-9,61707323460352	7,84191020325333
3,44732684774972	12,57516234855480
1,17539954353957	12,95021285737170
0,88957939287783	13,01274193294070
12,85300833627170	7,27405027445311
-10,47188104425550	6,59981816500407
-12,37617488405480	8,07324942183631
3,64442810172774	13,79823537595110
12,85723802280570	7,63689920587344
1,49393256170503	13,23951041986890
2,19325892276844	14,48747615800700
-10,80741441014980	6,50174097875694
-10,34181585277480	7,57667294498014
-12,63599679625010	6,66002326612223
12,53698471215660	6,38141549362828
1,86760460633775	12,65116038338000
14,64980595251200	6,15026352423628
12,89312787890530	7,74045303745022
14,52242054217490	5,90340350335403
14,55395548244380	6,93366766239357
2,14180977219939	12,91566845933450
-10,76238578672640	6,66124585996517
-11,13347941460300	7,87547727958775
-12,65042813198290	7,14567909483893
14,19081633855830	6,28149084589360
13,42021507925880	7,24526688852386
-10,67460734830700	7,03414993395327
2,28958707256880	12,67126025161230
-11,94299293848330	7,14026415557346
-9,93606540452779	5,65804534592310
2,64714821414027	13,36786646135880
14,54670925259750	6,90246385738923
-10,66558215353950	8,89253359278571
-13,47487572671800	5,95010673373684
-10,18713251640200	8,13173315365393
13,39466173033270	7,24078347374323
13,42501494796840	7,76424953042988
-10,42179990393210	6,27338811227816
-11,41391907517280	8,95891033457614
-11,18202122311810	8,33353326442293
13,75137915893880	6,75856889283709
13,70344548951150	7,26302088015096
-10,94776831725680	6,22748417536816
1,70505205831015	13,64378070147690
0,55370191338173	15,43341269230030
1,49475082922204	12,81296818479250
14,31459690578350	6,01210384604593
13,79377421733940	8,65654434635938
-10,58191592260170	6,80020701804306
12,90127224014720	7,67495370959518
2,24247460296082	15,15357406224840
3,05451953297243	14,04347318769410
-11,83841079852470	7,75728150640921
1,35369605746023	15,28068306000400
13,73861736911400	6,82169972734466
0,78209339760944	11,22683817305120
13,53115168873280	7,90354021752472
13,93956113692230	7,01880373253340
-10,47497556056030	6,14453362531072
-11,02628402837140	6,01376841335870
-11,98987603157400	7,55237661410873
3,14125379993756	13,36729139738500
-11,82846032394910	8,34458159331335
1,95248421145462	13,15790907911750
0,93398544055315	13,11239971433740
-11,42999898050180	8,53438836610155
11,59144012416480	6,24813970036815
-9,15646691855149	8,00981109491667
-10,44313835973160	5,95731367712669
1,87438757231371	12,84223724419050
-9,14232962257256	7,31358745391601
-8,62938917828700	7,42236129679163
15,15379128181650	6,76354685394872
-10,28715584128840	7,51584445013567
-10,80923262059590	7,35112369004311
0,34053706779816	13,51510068988720
2,74721402801881	13,95883382411690
14,43899967738640	8,45015282660011
-12,64378781812400	5,96014495737915
-12,52643415934710	8,19586621066850
2,64685894934899	12,15745777935390
-11,43293439318520	7,27588021774815
11,65636566635790	6,04654956782605
-9,87250592902985	7,51643212762753
12,90277749248760	7,58243064936214
-11,42300080650380	5,83922487540204
12,56521804087970	5,76457095095533
13,12306452400660	6,09411135852336
1,47623221283434	12,71040969225650
14,25569903217710	6,50663611284177
-11,13529881237790	4,93236629227628
-10,65728262692760	7,28443726113954
-11,38762271661940	8,71448837608487
0,85893328904141	13,38408803678490
-0,46601204563271	14,69776666301910
-9,21675555693807	7,52248915951691
-10,87514187379480	6,60724167081269
1,46378812250734	14,71231905573360
2,96099476348631	12,57285622387090
13,28102798196760	6,11911004168953
0,85329864929006	12,76104453876580
-11,82856155767040	7,33999917633852
-10,73201925268000	7,35338480171530
13,22637712081990	6,02315807169661
-11,61056561597430	7,87033851502942
12,31455626828640	6,60799197146457
14,95487593226870	7,43007846268249
-9,22831251233746	8,83711601966941
2,15325702925959	13,30519528165870
-11,19160575674750	8,19548942540237
13,18175207394960	7,34622027342111
2,46849342530904	15,22672872308990
15,06394551066880	7,46948895367524
13,52705405365800	5,97176519450185
11,78423985326480	8,08788725126047
-11,43696338169930	7,48705372564502
2,33315362084754	14,73344662639570
-11,45589714253120	9,21921817865174
13,09164771521870	5,23012485395586
14,45417270432300	6,95395140040807
12,73577323249690	5,06337534011721
2,62886528906540	13,81217706281150
-10,99913605623230	7,58265104271536
-12,74842255920910	7,37368503778979
-9,93676743635685	8,40811334676412
14,29897198620990	6,89094633188526
-10,61990291403130	7,27235245424765
14,58016643328650	7,08668023297929
2,01022948659323	12,61057237145260
-12,49297865480850	7,95009460875234
1,95777269871629	12,63418797310230
4,30132317964038	14,80813830742300
2,22107881532831	12,96429593798590
1,80837128434824	12,49739788689690
0,38155402157758	14,81604173003180
-11,42648905945020	6,45375555149551
15,19656820528970	7,20159498758136
3,04398527311707	12,76831717960140
14,44884336625630	5,58680278763947
1,96099621334696	12,76469697711270
12,94600455518220	7,07857354023969
1,33963657292990	14,14481387586830
13,34613865284780	6,03571883863445
-10,60808820801720	6,43715436729610
13,98267037103900	5,83948641829815
1,67306271910911	11,61647378807830
1,92569294686511	14,97958995132990
1,77056723379491	12,98685129619860
1,62679218184819	12,86524153992030
2,73167593789970	13,69046240856020
0,03598353148602	13,51973509821820
-10,84296357576060	5,19953418988693
-10,52011952600900	9,42052910097832
1,09525454615299	13,92188121412090
13,60849557710830	6,10253589607091
14,01405672712900	7,08937790899532
11,41215814261270	7,43012573679397
13,24798503177460	6,43020814044155
0,13060618678447	14,45710441855620
-10,84122703378620	6,96095218114510
13,10315968923780	6,14890879062272
-10,32362090987660	8,31124565409063
13,92026567303270	6,47428590948175
3,83012388959105	13,82446146585480
-9,71569187487619	7,11052469727550
12,86280859371700	7,54253432683614
3,20321762331128	13,95070189072860
2,90674905610043	13,79701520115900
-10,24671660104450	8,66876367056544
1,76886199748875	13,45267084543520
-11,75362038380970	6,69173045470387
-10,05311102959730	9,49397022269449
13,29240640679680	7,35346270926597
1,24731092329491	15,10384070262040
12,37397971481350	9,61211790950022
2,35818826760744	12,01565575699900
2,15286100437389	13,39412308910410
-9,67253182410566	6,06024572109173
1,26698287511326	14,28255906743290
2,61611803530106	14,08337862872990
2,74596120671191	13,80964090402630
11,68724028107420	7,16106064053553
1,79662322823941	13,09103897285360
4,25091898121789	13,67719054907730
1,33156714038100	11,61953283081790
13,46175666185450	6,78235122096908
1,24523684538294	13,22307372222790
-12,40444653827190	6,66906612918308
1,14231065953665	13,14545869825640
13,09464437245170	6,67126054107747
-10,69063559087070	8,22189801065698
-11,40342093467230	7,21745667092353
-10,97004918946060	7,54042538937400
-9,25643207027232	7,33193460413411
0,82941599731112	12,43548394716050
-11,96688597150950	7,41811055290548
1,50075273714674	14,26466556151170
0,05741010467144	13,10091292311970
2,27179373152757	12,60196703717070
13,78654277103820	7,22124052736277
2,21507242829785	13,84783453592110
-0,66559445257799	12,17696334698470
14,10802634607420	7,05670780240586
2,19135761955887	13,78997007253370
11,59013014286180	7,13671956512661
4,05092254993072	12,98447780435750
-8,85810342719576	7,18354763122927
0,89502548886655	13,63471580470380
-10,04728063039660	7,53516630876039
2,18907590364340	14,35583285438360
-9,99746172638710	7,04045238481122
12,32701181939050	8,02232356872207
0,92298635993885	11,47073541487050
-12,07862323698560	7,01548785167970
14,12619435641800	6,18031438697169
14,60520107129240	5,65245850949149
2,02096338511530	13,29629042888370
-11,96371234077770	7,37070691739342
13,36969235715110	7,84434537145174
12,64065839544490	6,30644518744344
1,45574957921995	15,56640514286290
1,88738058476732	13,64698772804580
1,16192284404954	9,55234662879410
0,77125700298188	15,33478428380870
-10,08426363690160	8,07844621757607
-11,35759555608950	9,08153116171882
-10,55409770959100	5,63089330417124
1,57140186972684	13,40823258375090
-10,22450645271060	7,21153882671894
3,71646064751083	12,55280785978300
0,68196729805411	13,08132490491600
14,22479342886720	8,92148050523491
3,14935608248743	13,91953095332020
11,86322374404870	8,85815895046356
12,80049612865720	6,69693727367972
14,31278448184330	7,12652006606214
-10,90929810895970	6,19078028591339
2,63383721410546	12,77247426563810
11,74037075470800	3,38318246153460
11,75800081099620	6,93127451291742
13,34749968256550	6,97565741516072
14,02204019984520	6,87274708245682
-11,38994229384790	7,36470517732594
-11,01732896310110	6,18193848345194
13,57418411808620	6,78782830913215
11,45993780171250	6,14830741273849
-9,26065304992985	5,18631819573058
-9,72409031582515	4,69163703026533
-12,20782339644230	8,06696574751033
13,44994132015240	8,03181056561112
11,34533395370600	7,49720048881479
3,56820708541788	14,44329904178530
14,14221205392840	6,24909015126826
14,19465960555650	7,70442535138764
-10,88358065258520	8,97672379600626
3,00415455780753	12,76916466228330
-10,41796842289940	4,87129700860339
-11,89914511591290	7,69830607112964
-9,58584794032639	6,20243159755713
1,84736614146286	13,63789517507830
12,77436190292580	5,81719664334452
1,57035791786029	14,84554222156220
13,14759623086540	6,51409311441759
13,98199474526250	6,12043809183124
1,11558218305762	14,29720015571630
12,94035222581050	5,40708924916515
12,98494927728360	6,85986687361315
2,68146162076157	12,95422472241940
13,33247784829050	6,72653140835877
-11,63970255656810	8,60381770922868
-10,66854828832460	7,61418565778684
-0,01560658915388	12,40756892322070
14,46585122950750	7,10574460117311
1,49776914406068	11,53183331335790
-11,59042542224590	6,41590026792924
1,59414016107825	13,69247275324250
14,57313574374710	6,85780295956748
1,72809481768521	14,05258610380310
11,79536206236510	6,73318848594697
2,79513019535006	14,57608998885240
13,45243598134710	6,70659466186437
-9,38939121606855	8,10890035339951
-10,67834692102710	7,82794486020844
1,00609284213816	13,60462094817000
13,23169216703750	8,24629290759483
-11,12427096445850	8,84785415366147
13,91808253558100	7,49636425929047
0,89974827884612	12,83450161314050
12,53240340172820	7,36681510396314
13,67685747806150	7,28772781347409
-10,75968470712870	6,45176484630763
10,59485141595670	8,74373330473527
1,38083110715478	12,47985875983550
-12,93932866962950	9,01773849817766
-10,89503405182370	7,28855750949625
-12,41123200407010	7,44842980674887
13,63790215789010	5,11371291850949
-10,59449104855020	7,41676132306624
2,16649851017661	14,70989081113260
12,43920188287250	5,48395434808818
14,47492812691940	7,56547833680969
14,92632101512150	7,05758294770920
-11,80968067212200	8,31841217564427
12,54774774863310	7,17464819779035
14,11281955392710	8,74607284309583
1,47242539996667	12,57932246172140
13,91117592212970	8,75699281660451
-11,05729664789130	5,98266219160704
3,53368599542829	13,54595455661970
-10,15905058076400	7,53916689041937
2,64779018603219	16,04065721402150
13,06161867494380	6,76222353408914
11,24854062322400	7,07025189120719
1,06230769486297	15,55550956512690
-10,33141093827070	6,11802333623103
1,73597511233490	12,98695380362370
-0,60776000239822	13,78628146522010
1,18513127257585	14,53990133818790
0,55223513408528	12,59872904582140
11,12862097375860	7,44082616515519
1,56997574750181	13,82703753262320
3,60300670262162	13,94125633113590
2,92008879411817	13,32394986791720
3,73599310216015	12,54320187208790
1,26541276486958	14,77424920691340
2,20391774439735	13,77009297569790
-12,10753171446070	6,39286561934126
14,65318773399840	5,29879264498028
-10,22091736332620	8,21313455335641
2,04454844624597	15,19556438195060
2,98606365959368	15,03034645040640
-11,57132218873380	6,79034497980464
12,33609327847040	7,81710077624319
14,16691166714050	5,51170649058379
12,05660532605110	6,75942474582078
1,99410700161757	12,93924243557980
14,03931793032890	9,25123213904375
13,41542104762530	8,93297784344715
2,66462907359668	13,09526288252350
13,38801902541760	5,88893923623522
-10,39046656231780	7,89748759641051
-11,16540304843330	6,32268257430203
0,99605361750242	15,57023166190410
-12,10838728877270	7,55353822289756
13,53499837381050	8,22969167592121
1,38449231779529	12,71632825885980
2,55700582776636	13,81210910029380
-10,45066804690810	7,39902177033113
0,34904060455205	13,52221354364530
-9,49409010852623	7,04073489293595
-10,99894207065900	7,55444445693717
-10,62150860659720	6,59110479944251
-9,35234037194385	6,30228109017787
11,55869061095380	7,31418401977671
-11,67561707072780	6,78989339542239
2,14690050009381	14,81185250662000
13,36762768099940	6,43931411245049
1,61536159059745	15,06933616646190
-10,41751333254100	8,96310555530072
2,66975198766524	14,15300801651590
1,50484120056942	13,85720918666480
14,83726341188160	8,43411642493135
12,43502384476700	6,75029427951246
14,29457468699150	7,01214742281228
2,28275491227239	13,37309164980290
12,66590076201070	5,28355922791439
1,35493914729019	12,71639054031700
-9,56428974649484	5,12686210366745
1,81746601146281	12,13324066225280
-10,52142664826060	6,82053116996964
-11,84842205322590	7,91858101230322
2,52987788587678	13,08247879558980
12,43545858396360	9,08584557594829
1,77873129673380	13,62088833268920
0,97736876524490	15,36426652776530
1,38086584272965	15,02134460876920
12,66750073319450	4,94436140512290
-11,35557436285670	7,12347083525863
-11,01170554087100	7,01796034795249
-11,41707493639450	8,01826434328191
-12,86515393224980	7,97139268741611
-10,35097598404610	9,24481670838007
-9,95647639710426	6,95465367128170
-10,01190239279160	7,68029594239631
-9,83400754625877	7,28894005264240
-12,27004533904490	5,56294153944554
12,98558784723570	6,30090367118369
14,25934007054990	6,00051091050108
13,07071302464390	9,07396562714051
2,24956363371794	12,50267037839340
-11,78791389655260	9,61191551824192
0,51766690673803	13,13590306206120
-10,81564182173900	7,05552979312791
11,84549662870470	5,58012126500022
-11,56717362024140	9,03032724785516
-9,52335145467704	6,47753424582685
14,47670874796480	6,48371498934459
12,14656222133310	6,87822316109064
1,63803184096936	14,03289721346260
1,65784722308224	12,93282909840270
14,00324846240010	7,86680627329356
3,49567758480509	10,98397314900010
11,58990099483230	7,00318882048531
-11,49335845396390	8,52439821212954
13,20442763087530	5,27841286119872
1,20976643003921	13,99826739177300
12,67346200881870	7,73450445242898
-9,34803556566761	5,18950200486652
2,73106020995553	13,25962215012450
12,75530777863990	7,33716958865311
-11,05529822858110	6,24715011640956
12,90538839535010	6,08091630219406
-10,85728066897380	6,82312116902703
-10,96194830793640	8,68556625724977
2,21592066275145	13,25015338135740
-10,97928287032330	6,77623186820387
12,66377184112340	6,81761864562435
-10,73727659256770	7,09518891966472
2,61234785236061	14,50241945667660
14,46155928117310	8,18452374894831
2,47998375456972	14,53306520487770
2,82820045428403	14,27026571384270
0,81895194921959	13,89761676319450
1,30266912082817	13,95330170315720
-13,45663203850090	6,04477974276519
2,64465932824996	12,09587060784440
13,00773753645290	5,69663835079943
11,28595623458530	7,06768138949352
-10,17126540667950	6,94396854398166
-10,99138257052120	7,22825993692510
-11,51497330061610	7,48373880350226
-9,59204505859969	7,37442898620937
11,76938283903420	7,87385481062647
-10,32976022083250	8,64537946282088
-9,53314083657748	9,83038661900413
-10,70949316895430	7,52711339566471
-10,45127372394480	7,35303851498699
-9,95113580407552	9,00458058519876
14,68904969607930	4,98631346963575
-10,37297940913690	5,64775394732321
13,54055433307410	5,90643238121010
3,08443964618460	13,72030214189190
-11,18588950629130	7,84736634128814
-11,89592473150870	6,14089123596376
12,86054230597280	7,80123432466338
-11,29812566925650	6,59408523443600
-9,21841973654756	7,62189316162340
12,82972307083480	6,11762274862645
1,48226288443492	12,43495996124470
1,88472093675703	13,66216142718000
2,36999621497911	11,46191830819300
3,39100404722157	13,17587796602960
13,12579212867820	6,88831183435191
2,20358622499201	13,11460994979420
2,57034416960539	13,81930470612720
2,61873788062713	14,02206306610220
0,40578616163925	16,02783010179290
12,72803977811600	6,54031209796591
-11,63091010482780	6,34219258583608
2,30637204234811	12,14513954566790
1,97522165350473	14,87671056279440
-10,97665289870620	7,71412240910144
-9,58187520909235	6,38378020203644
-11,54255028242190	6,71492668646299
12,80288822329500	8,06615830905381
2,34163985522271	14,09470475625370
1,49722851875920	14,58955972708500
1,57233569976760	13,03290450649710
2,00592931830555	13,36294297176900
12,90914854485940	5,60697406932244
3,28134124975362	13,43729553311590
-10,90520215971200	7,68888795559396
1,72854023103773	14,03850970368830
12,59613745507340	5,95005515139929
14,47452036303950	7,79250107785092
-11,31199282424770	8,25422434028483
2,51404058270403	14,36345536490400
12,17754387898940	6,82236496553441
-10,20809612395600	7,44847790031828
1,07524719183124	13,77951615076260
1,79571212537248	13,44524191915920
2,56585507903052	14,62629389464970
1,31428447083758	15,96024697369290
13,98026363581190	6,73867341395949
14,07407525264830	6,19631490990715
13,87792437303620	6,88800731137382
13,47372516281470	8,37701783620200
-11,56821246063370	6,27711294013722
14,66706729505020	8,26479064541731
-10,64319048188810	7,05862061289663
-13,68391264191210	6,40168663271280
13,54353921030160	6,65916475046266
0,60100022973066	12,87892516613540
2,94557432305727	14,54922456244860
12,29297888481020	5,85373672965543
-10,96620917847030	8,09525221667180
14,39246766048780	8,41536133904405
12,72018699783660	6,50686743308073
-10,59474632480230	8,11342420221205
2,07062129020551	12,00305169007500
14,71231031685310	7,69163609438896
3,58489401368786	12,72319619674360
14,29762483453260	5,87902697237390
-10,98785265954720	5,17019690023304
-11,08723354131380	8,14910796794112
13,14488198684240	4,55731031773989
-13,27136218622260	8,01634064700107
-9,15639083741994	7,19484676651200
-11,63637323917050	3,96395906654902
12,40575874478310	7,16754183006083
1,38439144166403	15,24406123176800
12,64113008192360	6,26407963925031
12,52158706082460	8,42218494959819
3,90355366679859	14,00686214370470
14,48741218378130	4,72965714476107
11,99892452799860	7,45262321585180
-9,64599024529240	6,13624063162865
1,25691341597620	13,88814928351490
-10,48258178701400	7,43152567778333
13,10468993319430	5,36217977920152
2,66412332534938	13,65737582373910
-10,07460609488380	5,88206215572670
3,09907323099099	13,29879060827520
12,84214704338170	5,22624824857708
-10,99201183970400	7,37072256545287
-10,50641225128830	7,62204866721036
1,18567752650862	12,07346040300520
-10,63998462806760	6,94646076234579
11,83465535925020	4,16435225663873
13,67564409268200	7,27628299308410
-10,46022436415490	7,72140133595163
1,98695178790949	15,47501170184780
13,25670946488880	7,25389615010509
-10,47656186627830	8,56238230998998
-8,99410179514428	6,43198043290943
-11,71088546920750	6,64500847196841
15,07456369581520	7,84953049767853
11,49720506325400	8,09339596568475
-11,07783381465360	6,27728545319039
-11,38494513553200	6,78712368479992
1,85862712382927	13,58337498682490
-11,55240936243610	6,07682771146777
12,50601387485960	6,79352856018689
-11,81001425370700	8,22805697701488
12,83737438069840	5,67459379366966
1,67272590240642	13,70757668699040
13,85200966437690	4,76052224366250
1,06740701641905	14,46675984798870
1,21415068518518	15,41046846615160
14,51548173841890	7,04016314397018
-11,03403231211070	7,50304539822974
-9,06311668969863	8,27189920997280
0,47198693936337	15,74501948680260
2,28811672792612	15,28813124646590
1,60080162827827	15,96432952456100
0,81484823278580	12,71175650413250
13,05836348317280	6,50390571348786
-11,23607252830030	4,74893584671313
14,52855868526110	7,92187092465125
-10,57191665025970	7,37272639283578
12,23768882081640	7,18727936304006
12,86976303979150	6,38797318641482
2,68115763432706	12,80017674017540
1,42106673416361	15,44559544771280
2,63437652037524	13,52225687629520
10,59272549778620	5,92961752103232
-10,07712570926440	7,59110587772929
0,30501807607139	14,67948038743770
2,22824239072429	12,99119289271070
12,85724086542140	7,59682330292538
11,96736943246110	5,72744210814218
3,21802094179316	12,75443697527280
1,54061744480023	14,27265783212340
13,68816577621610	7,60601401624421
1,65788614111873	13,95358480695510
11,17494123709560	5,81241082428960
-8,44298298158820	7,60420482291625
0,04789305434957	13,70253803206570
12,52542544763950	5,78661009429765
1,62541418165045	13,35763308868480
-10,26039429447860	7,80042122360662
-12,08436803682780	7,59147057643488
1,66314306860670	13,04751398968980
2,46208072071782	13,55880117093830
2,92442898201071	13,84935954315910
11,97455372523530	8,18343630620177
1,19480211063014	12,91480222039850
1,27906784640849	11,53681802240560
14,13901537594370	6,39435817435871
-9,64895598955738	6,07581432932652
13,89887579864330	9,04254320118181
13,49281623490530	6,10952762564044
12,35074244106110	6,59365073681444
12,69460166044810	6,80984363930939
3,55271879422671	12,11307682546380
13,94015244948780	5,60534403256983
-9,85927710341031	7,53986734899759
14,73488006221030	6,50598078332422
14,03140851861960	7,35010265021228
1,68971444799197	13,08204563466740
-9,82870555472780	5,62646964183729
-10,93937015460980	9,07314095869720
-11,47451895295910	9,35119619912573
12,34928561531170	5,18217804989539
1,99509771366994	15,26234992200200
13,00417807636960	7,65467393431069
13,19554342061330	6,97426712060770
1,54154606226753	12,60320122789780
0,84818864775661	14,19431523506170
12,18090052161350	5,89463412277373
-11,23159199149310	8,47474380767012
14,62212263343080	7,23304294370279
15,58684318890790	7,02730320802481
11,08488384973220	6,80435063283023
2,46754049657796	13,48752739743650
1,93344491349179	13,91994908880760
-11,96049771624470	6,87162306058033
13,35151394356380	6,14066513899066
1,88164583170701	14,93507409364460
13,91107001117650	6,62607181275895
13,19459788718820	5,23161362239648
-10,11659639618870	6,37132072401229
13,09110082834400	7,02149830345271
2,54420081414347	14,43439651950750
-11,63852526040510	5,67803851659643
1,86777189586024	13,40178859878870
2,69786590371668	13,78276413904970
-10,07445707184800	7,86613422301158
0,13837128084843	14,19484336309040
13,09268758225130	6,77199678692712
14,81629599442080	5,91807471570798
-11,17952454767940	8,11921533574905
13,48341406981050	7,02776738372438
13,44389403328410	6,40915097707865
-10,17780339999920	7,78541562131248
12,47512011306190	7,68496380587567
11,99998452425240	7,00019664331811
-9,39401980227336	7,03997775415321
-11,93630010560450	8,14413330770584
11,62501174215810	7,46490444748896
0,32463287348584	14,37357120460880
-9,93371131036823	8,05439686595127
-12,21896261052640	8,04773756119731
13,00698064148630	5,66451678340758
12,69412109988520	7,25654451292295
13,81609598626650	6,11045363819968
-11,33751838888760	8,22418840886945
2,89115496563512	13,49115198178290
0,93518148502881	12,39629752664190
14,47729498959140	6,93317938409637
13,25088587010620	7,26719137442125
-11,60123720462390	7,41457280750162
3,13393495235352	14,16506554461270
13,82249250736810	5,26288077934761
1,45596420838996	12,72573314637940
14,10151123426930	7,93186065037525
0,50680107858563	12,69253261960740
3,22782346104852	13,10995550189940
-10,29915743962390	5,64359665747376
1,97621291268836	14,08441445151220
3,14977860741784	15,62505153891520
2,59804442445855	13,90753108021440
12,82571433611580	7,36521695350739
13,19195016736160	4,61398412890881
2,70171043600798	12,88544575918680
3,16542667941311	13,00123214033410
14,14451950895470	6,82779825457240
0,73499664780787	13,91141789473390
2,43302818606545	14,74102214773120
14,01659493338610	7,44987713320489
11,86026896340430	7,52854807688755
0,96424554003899	14,00990526482580
-10,24262910281230	6,25370637515234
-11,53813589702860	8,34832295944165
-10,40008029042710	6,24839121630854
3,03575604621653	15,32638243913600
-11,40389079719500	6,19482003504499
-11,50859475834890	7,90396862008153
-9,45430013617920	5,17369601956344
11,85025038627570	6,97615372013629
-12,06211139181490	7,73535317522306
3,25695417700918	14,07925435307730
12,85685104682010	7,14334280365168
13,10374630657680	5,80491363378504
1,92852619467249	14,32844916318330
13,94394270052270	7,83988853442198
-10,48531365805870	7,08463278701398
1,02996013282880	13,80632096399430
12,93388787776420	7,84804810520606
2,54328567815846	13,30521180079970
13,81317690344380	6,77803091385431
-9,57579439375466	6,78109227441140
12,46459255872040	6,34228290629871
4,20181372993913	13,56225466526960
12,97392228321040	8,19014931848774
-10,43902590316520	8,83432236692629
12,14629840337350	6,59026645736054
13,09755892325550	7,79697880624250
13,71538134259150	7,71820463803382
-10,66001375547880	7,94411420799276
12,20878237838010	4,98496355100981
1,65934321181985	12,81542777352950
14,47525786038170	6,91602601601750
2,30331037393470	14,14380063659000
-10,88419718476600	7,84806139588711
2,00967777669045	16,31869339868900
12,89370755667630	7,84807928472058
2,06358879914133	12,53259207179130
3,51741951772918	13,15788984729160
-11,24299294556260	8,60388391183180
2,04481165042670	14,47081591584560
1,64077346373304	12,51271003616190
1,80119446072629	9,81907730400093
2,26151863142108	14,23169530685650
2,38259719191137	13,50361229382760
1,61227526418745	14,65557303656250
1,09005694459008	13,89867066887930
1,53214684195577	14,78236766234140
1,84087921771794	14,49688671347370
0,62278209202859	15,26706234459190
-9,08363526143159	7,03876424984741
1,52860853543040	13,48961283762990
13,74346023452950	7,36052980376116
2,26527151942944	13,12805678839810
2,74018228378225	13,33037720392920
-11,87800250796600	6,55425751388204
-10,69829894496170	6,07644598155236
14,97432474191960	5,48161445469409
-9,72327483208005	6,66733234408795
1,64383312679371	16,09353115011340
-11,50300140696170	5,97203238786076
-9,97469581499177	8,10917591428140
1,74089136696660	13,89291663111570
2,55604166350332	11,65905612385660
2,85177737191636	13,39270969372140
11,20585764227650	7,05906357319634
14,38363958299070	6,35576014688510
-12,39045859714630	7,77585054905715
2,10289640941987	14,59110990037700
12,55365508202160	7,62512203715671
-9,33949436065822	6,79632922307494
12,68285623557280	5,74850748085829
15,01649036631570	6,50314282358307
13,64200516524030	7,95242884206762
12,76040545575980	6,18365929296069
-10,33983870811670	7,02036591499907
13,28514125966020	6,14380839815242
2,65202278333813	13,49165600412540
13,59026087153330	7,63980769032280
13,36917037551310	7,00175063042216
-11,30830427605450	8,13180077782037
-9,69537100982175	8,17789309041485
13,68755158470180	7,72894991174595
-12,31405431972410	7,28973183667545
12,63499508744010	5,31565911694319
12,96015449752320	6,87868522692333
0,71083766843882	11,90311090295310
-11,10762040590190	8,55829892225382
11,43873395124340	7,72170925255716
2,99341773716390	11,28772515975590
2,42152683064219	14,66494390142110
1,68216764453075	15,01617709503750
13,35283234439170	7,68942069209731
15,11715461834800	6,55190461573043
-9,46511011579552	5,75883517655283
-11,07255379254370	5,87348608055746
3,03730658953278	12,64165987796820
14,09187050725790	7,09035187411207
-10,06749873238530	5,63071215124896
-11,54812786297250	8,88614318719358
2,49022933197665	14,50907776469740
0,81785249868661	12,82906595906250
0,62004244338693	13,16406466601170
-10,64456804985840	7,39361756878082
1,55395446571620	13,02518883856960
3,21265193166333	14,01707561417600
-9,68942508221557	6,45982184042807
13,45161251288990	5,05646604482493
-10,87744710199840	7,78604228616038
1,43912728327960	14,13868372912940
-12,16817546464840	7,77127884104800
1,00410617275420	13,11615837771880
14,13215872267860	5,88165509526909
-11,54537354238670	6,24926438288101
1,26120763727866	13,69557992756530
13,07497796481060	5,35590849701169
2,27118389150362	13,20500862308120
-10,59371722961100	6,04805099178389
-10,21095633915120	8,47664470784083
1,42353170235333	13,06127201515830
13,14089161319040	7,24284836179919
0,98530259623219	13,62308244263070
1,61583304207764	14,79359699071870
2,55889920463855	13,37594934355040
12,10928950860460	8,16535627962356
13,23246156279260	8,43946385018228
-11,11350354754030	5,89773413301249
-11,62411452113970	4,92707353495937
-10,88060562799060	6,72056073973177
3,12903841857379	13,23161007188070
-10,87749834265020	6,57718652129992
2,34251066912205	12,97353856210580
1,33392304992555	14,54264215300230
1,19076549923002	13,21258668423920
-10,20548118465620	6,48514890632728
4,03330617985729	11,62442744003110
12,40040559454540	7,02506727889425
4,03390696710384	12,63094724966700
13,72261799768410	4,51628235781910
3,76257350973897	13,45793958965470
-12,33853307395300	6,59471420935355
-10,31409876663910	7,14332217104211
14,75718081261440	6,59321984657651
13,83134969304080	7,18292121926841
14,24280939218720	7,14554272050532
13,19021072344870	6,61019158979911
0,29573194984824	12,34158803661590
14,27886034726790	6,69211953859525
12,51017436890140	6,30152520272947
1,85370273626019	13,65633060776690
2,27971573494048	12,37877328148900
2,79255838996111	12,87513908815960
13,42225873002250	6,97348722296943
-11,58701006092190	8,23317340541825
-9,38957017883328	7,46478018519698
13,59681639181370	7,41128488687360
13,99935592075980	6,38429748642936
13,13737711537730	6,44043385010335
-10,14484742913700	5,89179051068318
-9,28916374666029	8,95715327382669
-12,65696185337680	7,72677534928920
2,50060394339319	12,34898323143780
1,45501493092399	13,30010741321030
-8,93495394741804	7,63347287459762
14,23264403769650	5,80953644952414
-11,32958827998650	7,61587146030857
14,16528401482320	5,93871486159284
1,65260167380267	12,61874220060030
-13,21922507074850	9,25170101503151
-11,03481008654370	7,78044463818790
14,35417103334630	5,75809565282816
12,68910259921200	6,48608595062807
12,38637894464030	5,72311315246135
1,56670573075381	13,82805295901150
-11,00485229968660	7,05517092044457
-10,75819433641080	6,60494834740106
13,23944912898600	5,58544377079161
0,80689325866617	12,62012428802320
2,43934035655763	13,65786965874200
0,58931382991045	13,99485227428230
-9,88856781967194	8,23213670234815
1,72022749233451	14,42107961452600
14,69751216736740	7,09791742581622
3,16473938825145	12,70956533573760
13,94728678060690	6,05527149628716
-11,80029901599010	6,02096462106842
0,88473519503271	13,19186084126040
14,42467939316070	6,80591462023839
-11,35619285676510	9,09044386648939
1,59017018398015	13,17046162921110
3,57626429551067	13,23862528212240
-11,58398001047560	5,96257764607495
-11,60366639666550	8,06586253332934
14,36761748881420	6,63402252896231
-10,32269928293710	7,04898254537435
14,55795971492110	7,51650917111330
14,13737241835550	7,78114504611360
13,15157647511090	6,46571140909169
13,85286329145410	6,35331953217712
2,08664583990025	13,01274391616200
-10,18979227198410	6,69227167255766
3,50470019608833	14,90525248753610
12,32897504879810	6,59066801252948
2,55038005390096	13,57819617197500
1,35882644890946	16,36520661438270
1,49846767914116	14,25041542751880
-11,26475841249310	5,37752370905981
15,52991393262360	6,99390227519490
1,87495740853142	12,63658450015710
-10,68778706542090	6,55383330387684
-11,18507340485990	8,20213001646053
-10,90158492527920	8,85002915855186
0,95414666457532	14,91719372430170
13,72931387036540	6,86339348668339
0,31353130150016	14,38975166436280
12,64900482071020	8,35207243871517
2,06104901540541	11,51014500268060
-11,62114297858170	7,44139722014194
-8,63219776128249	5,97052922585752
16,17432865238010	6,27975410523234
-10,42379093113990	6,59748550419105
-8,74229095427668	6,76177497335797
1,50088933630309	12,67091567608450
-11,66080690781670	7,84610932574188
-10,44562232680760	7,35425570274441
1,43137494089964	13,44959744799290
12,68013052215380	5,67257330058945
-0,31552203297740	13,08156967282030
14,55831519206530	7,06016750562483
-10,46775107711720	6,44937861577004
-10,38762406527420	9,05720697653666
13,33082091666790	6,77435713395132
-11,74355017304230	7,09382934038163
1,06253305481896	13,60821118815650
2,95066632190287	15,41674392956160
-11,14581450252020	6,62233471141405
2,55469240563410	14,47613380555430
12,45239182332110	6,45204232048777
-10,53576127376350	7,86319138875730
2,63139409990691	12,63850911849870
-11,71681318538890	5,89707561705268
2,85368337850506	14,43350596406350
12,93282429305430	6,89102001130738
0,12712734376213	12,92411587122410
-9,54433427269099	6,08755370551127
-10,47951498761230	7,99409174362178
-9,35071664082394	7,48106248261469
4,51961215123297	14,50138641808490
14,17183605199150	5,47950189856110
13,23845591052800	7,93345573923543
11,51233924224830	6,04514344974646
0,93269251687112	12,46089086637950
2,46907327620621	12,36490925219410
-11,07691559770310	6,52358066120780
1,86062369954372	14,35267465157200
-10,75185188522170	4,94647548620749
-10,43180761494000	8,26685520357899
-0,28915740608128	15,28427600489700
1,58401439399327	13,98344156568400
2,16878815710501	14,37185226422040
14,98685917620280	7,56839698766101
-10,32775390652390	6,43417657459587
12,40197312698780	9,04424892022977
2,74865525177346	13,95078123959420
2,10727983552386	13,15423932486690
-11,67377305759320	5,67096450535073
-11,76274139820740	7,34857407336570
-11,20531030504090	6,99996948026482
-11,40702060271660	7,86588517914157
-11,14648243812350	7,54195322962306
13,37882025829280	6,13389754282609
0,54473601126566	13,94697823561890
2,20874078966394	13,50512769989460
15,42512409205030	7,87386826683961
-11,46786824207850	7,95355155156406
13,71885254630140	7,61109334775216
2,13717785080864	12,04873513435370
-11,65612184691870	6,98834665628756
-9,95512102048063	5,96898775348215
1,22861179561954	13,81823983803900
-11,28443946290390	5,38331777637011
-12,55747523331520	8,61098958749550
-11,41836767326600	6,00508804226903
1,10734377298383	12,70096984206610
2,80561840590388	14,28895833582890
13,56711885221560	7,63060683590470
-11,03878812177840	5,86748128616598
2,00361956232840	13,16024564046370
-10,69431371048040	5,87811447509523
-12,53275184819310	5,42961936270813
1,82077270439436	13,82868631758880
12,91507167299790	7,11856897348628
-11,14495888694600	7,33341857956149
0,33402730856562	15,07729161248610
1,73544478265525	12,33001775944390
-10,75506858843990	4,77502217408986
13,34796946931860	5,49499263881243
-8,58346058463978	9,87586350216966
1,09479666266865	14,45506823521820
10,70484260129580	7,35112230589706
13,16323739012750	7,53067643859542
13,06220401473180	6,90836092124448
-11,12530376026230	7,82560024881521
12,61337963322410	7,77177923915445
12,05700575379940	6,82661172528994
2,34044493468298	13,13499081963840
-11,46727713457630	9,09697556445588
-10,10105211469940	7,54920934131147
13,89452431299250	8,07132581999948
-9,70487314917566	7,30382497516431
2,13039655861901	13,62615206516570
13,85027641300610	6,22455601813502
2,13188314448419	16,24823972585140
14,12918858317130	5,98055298902895
15,32915399339100	8,41048379354138
3,41980551045951	14,10971538734050
14,26954581518770	6,82766564307216
-10,97789699571670	6,98679968858342
2,57709195454437	12,65924271783370
13,11128223387490	7,68679980235755
13,67455639702920	7,02900584833491
-0,05175301627457	13,96458432593740
14,04954525712390	6,99559535846001
13,84633105735470	7,58212195949109
12,74327411608510	6,70851871291857
13,32431670462990	6,73278100351438
2,67304287833257	13,46629168542310
13,56628358515100	6,75176970629835
12,26733565979520	7,06457064436625
0,53625771712978	13,28187455537770
-10,93395558587950	7,32567245079993
0,86864558033798	12,12966010386060
1,39864317475291	14,03014072204490
1,97243096334171	14,13584805642330
-10,12596561462610	9,11087598246679
-10,49650996632810	8,45050972932231
-11,11615287639680	6,06438362716607
12,50753949322140	5,88729827797070
-11,76577772880420	7,57304494512213
12,64905526885550	7,62019602522915
2,07631242642728	13,25425766360520
1,65006792575106	15,51511622627460
3,09542347584219	12,86054772273970
-8,62645640047198	5,03927184362252
1,67708776319961	14,02602567062350
-10,04856082894210	8,57765950467837
2,14102104891578	13,57299063025440
1,29812575608996	14,52903740410900
0,79234589125124	12,89665642589840
-7,98567371060105	9,04613520283526
-12,20879368904830	6,75611041037113
-11,58574710450340	6,29270916467302
-10,37601370521470	6,16761898293226
-10,63287739345870	7,75975311008719
12,78690541101480	7,31132389115334
12,59926995071540	7,14861897524940
16,45660328727660	5,73463120428178
1,44561034897654	12,50303172534570
13,36287739937770	8,00091537503992
-10,25566322013680	9,22344095845269
-11,75674830494210	6,36105176643868
-11,11593359971180	8,23316883376967
0,82389411611545	13,57068597015730
-9,59289681852615	7,27008566256635
1,62150380288143	12,98014735111660
11,65271136841510	8,51548394236652
2,47412771283879	12,82283193642400
-10,55595749721950	8,60640031970734
2,40117899805403	13,88903495538440
-10,54252134603200	6,43757261514793
-11,68170505921820	7,25070555026912
1,65663974380401	14,37634189002410
-12,41572712940750	6,49192347095192
2,05554288431739	14,94485069691170
2,03837345873055	13,74128638963730
-10,28807078652280	5,98171376866996
15,77197474084650	6,95440781981882
13,48470059136200	7,28089897127825
1,17244202408824	12,90308470396830
2,73268228737769	12,50642290022800
4,94310226185692	13,33886875545950
1,82128914489976	13,39769266086460
1,58937165312061	14,41022809582350
13,45402200416460	6,66572179878300
0,95372665803425	14,76655288764780
10,90978371138970	7,63677373333831
-12,50654593361380	6,82394602797942
1,37737252751531	16,25919925517710
12,39400223318190	5,68661340667197
1,35672773981933	15,22127683109160
2,25510779183692	13,44143325199560
13,51266363516770	6,39665285840056
-11,85262162316560	7,05552729731483
13,26190422339750	6,42450981697948
-11,07324883769530	7,36752342806034
0,16239705430105	12,49116261086910
2,24923371991680	14,02073731605930
-11,26719264346530	7,88132693673649
13,51449494539260	6,18303551982920
-9,91410446057954	7,31508193168812
1,38632209470373	14,37441732317930
-11,43857873640830	5,98584367627182
-0,17126880130204	13,01565455831730
2,29721701336832	15,61020177285100
12,29653301799800	4,80754942344362
-10,30283486666910	5,69704027871036
14,20740630940490	6,80049899818508
1,80729326386722	11,82260871598220
2,30170056920450	13,96696977755640
2,86396043393763	13,11949731440860
13,01677067326770	7,46192870447180
-12,75411647285100	7,68012387355066
-11,95861838806610	7,38492770754830
1,02821986241448	13,97139979829460
14,85290823601110	6,58629773147193
-13,05788400446900	7,94372980364136
14,00818000467590	7,02798268597744
1,17403106591359	14,39263206023850
-9,89649948382440	7,67195617610306
-0,23145272838566	15,58601409987500
12,84213112488230	6,29286016514729
-9,66937563966881	7,68775973109882
14,37032669732340	7,32561591229523
-10,46497791135990	6,17071874517193
-10,04681766637750	7,54452921087616
13,76503277042830	7,04912980140568
-10,58908558232370	7,72899221772150
14,30291737391430	7,47294684022709
2,21744437071306	15,16982114897440
14,18400285386500	6,12255359654220
-11,02532078530960	9,21515942453233
-10,96855383172410	6,50922963738157
14,32438041181360	7,58951431283665
-10,96932481400460	6,77277932543488
0,99089515339782	13,07269374081500
-11,79596621995300	7,01840765432810
13,79661611337960	7,66349846682540
-12,00589792958140	6,68069048828959
13,39700641296220	6,45789662067494
11,49915903833830	5,27313865842675
-10,41291709301350	6,91534720736620
2,31616971072411	13,87798331246640
3,27392610805976	14,16714106787870
-12,18369358682860	7,79800730252055
-12,90066719747870	6,57642732558741
13,12684631313570	5,81205137506336
2,43812529642369	13,73380663075920
12,58074711145040	6,73617079629460
1,04451838826253	13,99195762881310
-10,85817466659030	6,85048745382176
14,61625466229220	5,53310791551581
12,78211304525610	7,09035706361366
2,41411365873633	13,74212162625420
12,42066829432980	7,08605669284822
-8,77651872166118	8,00142608821281
-11,94130619102130	6,14647475984216
-11,56450510011900	7,52004485988849
13,73367063299660	7,15055958635317
11,96432290403560	7,91835530486022
12,79599949675100	7,58140048899082
3,17845268100555	12,83469073669750
13,28959630574220	7,43706173153589
-10,62428922324450	7,43500746277612
0,67263117980155	14,04188743232310
1,23010397264668	13,35719952181450
-12,33842859838920	6,59476340220937
2,24663466427237	12,80660977946050
-11,28245551834140	6,21437095564208
1,15985053205409	14,19212192403580
2,73256179440978	14,27952523888760
12,28087882388200	6,62609734809920
13,33062463425880	5,98053011460634
12,62330603746160	6,42724871086560
13,44942015103400	6,84078085773577
13,04940222138890	5,29512555356868
14,00103912018300	6,57444807020503
3,79248970817732	11,96743531631660
13,88723306068860	5,95584295267100
2,54503562485342	13,08915724215670
-11,93448395890880	8,40731462540750
-9,58499381559842	6,64018213136298
-11,76741143980330	9,09870513893472
2,42963625204808	12,30823900324610
1,00727495240576	13,75340572466760
11,83997742949200	7,78712397046258
1,51122651818367	13,40275456849290
-10,29201478215350	7,85725229879965
14,19180934751320	6,49646956538785
1,03659648751671	12,01879418118590
-12,08972237316470	6,24900088560360
-10,61581850572750	5,26198934475139
1,59814509542156	13,21451440696420
3,77229969311763	14,21591614549400
-9,94956134851777	8,54085142278898
12,96798949376240	4,78761916870098
12,44754573332510	6,59321308283554
-11,99066411483500	7,41291597941835
11,96457792329650	6,04286926398431
12,24398440374860	6,35215080354249
-11,91163519405410	6,53206373024276
2,02365136970771	12,66499633106010
-11,81029518729470	7,74059045572635
-12,76948168142730	7,71024864819714
-11,79256792352480	6,24916993429225
15,51294111304830	7,87524233805984
-11,00523592560290	3,71659167112931
-11,46239589556920	6,28353350744502
3,64632696063443	12,86652396784400
14,63571011319020	8,35849457309200
1,92671813313785	12,68947483277230
0,27023923953300	11,99271832215700
12,20019213099440	5,87095879877299
-11,07025770001270	7,38174770817420
-12,05614887774140	7,95771956382727
1,15581568304874	14,12145084024200
-11,62701246170500	6,86539999872607
14,08362440583350	5,68834960205542
0,99392544423148	14,99771220535550
-10,55086134054030	6,42922337567435
-10,29976425157740	6,89626129624859
12,56034579305490	7,27507254377181
0,80866861524988	13,81226667926170
14,60272013819650	6,96744121308689
2,06345566730123	15,47469216875920
-11,07940899015480	7,50734562200276
13,40251147356650	6,36678297892136
-9,27374278911881	7,50896194955116
2,54779543948592	14,00844210886600
0,96731936860530	13,89600469397360
-9,69970415810320	6,04314840344470
-9,77440761386029	8,36494542981815
1,43347240048474	13,89850489250970
2,23155286044386	13,87976984182470
1,56345651042582	13,16820653202630
-9,64806907924088	7,31753065428100
-10,12367934144450	9,60965158260673
13,29255639141830	7,77866025337510
-9,77582299780438	7,00891707495491
0,01378930743794	12,80124099062860
14,85536218182120	7,50466032653780
12,33778172229050	5,06083304095969
-10,48480750459280	7,06821799129588
-10,13302185570130	4,70265067841485
0,09360470606487	13,62321637608620
13,78695984943000	5,49468728095916
-12,68718081970150	6,51364313796841
-11,77074504268680	7,75972735955143
11,02950120436370	7,20748575990218
1,59161747712684	13,10656944013980
13,42723038303690	6,03468297537823
-9,54602721355500	7,27491427509965
2,32415284290644	12,53849597095070
-10,67319550828780	6,57616893374870
12,85426472731420	7,10831729305605
13,21485252198240	6,52718603236480
-11,64639150324350	5,98989619987058
12,66688269778940	6,61527076050241
-11,33444679317440	7,59314324263848
1,53075171573276	14,08330227435820
3,29191289398004	13,97105790275120
14,39713020844540	6,44800371557981
13,59522514152390	6,51123582100590
-12,89472703612520	6,76558057233105
2,82865192772356	14,20735852318300
-0,38588436801025	14,00403672486160
-11,31168006526840	8,76550447732924
2,16929588948262	11,50197200340900
2,34932769853474	12,18946901741000
13,85612273594000	5,84958019128746
2,19233555310453	13,11512310145940
-11,10040897445340	6,05568629007810
2,98471384591491	14,66053890634970
-9,00427177280934	6,40593322542527
-9,89162942422170	6,72747524153964
13,48160726503580	7,63279482532632
12,13398570846010	6,02507749919298
15,61982233429440	4,33663175186650
15,28166685135010	7,03977194219000
-10,26752612996700	7,74241753411642
1,91120376736321	14,85775924139440
2,45787254819720	14,41587970927960
-10,59624646007720	5,97619651681707
-9,27323487743213	7,43080121934300
3,05708632756696	14,88587074116060
-12,80526286503330	7,19289092942558
2,18956769628258	13,17158688606990
12,67687349733040	7,43664668447705
2,29228399420548	13,62788880583190
0,77636081176585	13,51147833347570
1,62518896890541	13,35371017257020
13,08069821351450	7,95037515881287
-11,23425662661560	5,26132677796411
12,95378547200940	7,44863620203193
2,51123307423979	12,81321175127520
-10,77133624093830	5,61701034401880
2,84256432644813	14,80913904816130
0,44867593408169	13,92449644504080
2,23548185825980	13,79073113188340
2,67606319179697	14,64375176478660
1,30417544156015	14,32226789188210
1,85521367298199	12,86211980406770
14,92803643346710	6,28647986562770
3,44657750614741	12,06412877442570
12,44740639903970	7,50206689874904
12,83309740835490	5,89536078894097
14,34346823503510	7,17765288093381
0,38132513468015	13,51005915472980
-9,48598459670751	7,51772365365755
-10,79411601715880	7,09478890484467
12,64107494975230	6,26128093408834
-10,95627950859780	8,70071422677148
-10,02332446771180	6,78933249577564
-11,40739914884320	6,07272474799085
-11,90238483704770	7,85294601392500
12,32731203138980	7,63520919226815
-12,22214945769550	7,09719637519287
3,18213670830918	15,32888267467830
-8,86816237573431	4,74383992102686
13,14694035144410	7,03914816825192
2,16431408579753	14,34989578690610
2,04172194485797	12,85191365498810
2,73052019457887	13,28299877577050
1,03438589204293	12,22331866995950
12,63737509236710	6,92740684073686
0,73041049612229	13,03917847689150
13,55310302247180	5,88045184460475
13,19596724943170	6,20946541788733
13,00704206242510	6,78733256238645
-11,24168141030600	6,59698812367956
1,06376708727890	14,68719058816240
13,41221937515310	7,05086017439845
3,57146853055878	13,83768008195380
-8,73821487803913	6,02733859696427
12,78335100657730	4,99601516022957
-9,85710950019128	7,41209895822982
2,17003681026485	13,66310694581680
-10,10659725750380	8,04836276402497
-11,28108925119060	6,80967629096752
-10,88290988978380	7,23568925445268
14,91351017306240	7,04387905494578
-9,41930005324056	6,87979706986438
13,50444770701250	7,61645480217293
-11,09699724651120	7,69777588146561
0,88970529124924	12,22016696582230
-11,89859951274410	8,38679232126758
3,35779000634718	11,49234857265390
13,17616084349710	7,62809205378459
13,66709751657120	7,52950249753701
1,91410749966136	17,02220651077830
1,82724640279101	13,15026256878280
0,05542979381531	13,93640606709480
-11,98946500800940	6,18876250955329
0,86769743235303	13,44518027491240
13,49097139929200	4,55717956165308
2,17777988175748	11,55075077429660
-10,16392137459410	8,34039255238513
2,76341042420398	13,21677931104200
-10,33931598113750	6,39671661917193
12,73182203035010	5,92127282949569
0,23223621498354	12,54549026040030
1,47385839311037	12,76897117956830
-8,84041128452365	8,17364541621483
1,91121343071429	13,74346223418430
12,89979386980300	5,89620999281748
-10,49815437294640	6,79982381586177
-10,09730325982090	8,45816693692579
-12,38505383389660	7,57915346806750
0,31735946425105	13,12259949207830
-10,10438277851530	9,73721417536394
-12,70216296224230	6,61014705738241
14,61056366970910	7,52390592958608
-10,36647511909190	5,91358172465402
14,28632821531950	5,37755908438552
1,85652995909421	12,60033461045770
-9,91840273094774	8,28746526820225
-10,81740268428230	8,25046404715384
-10,19400200034830	5,51805855698423
-13,12906405014070	7,24119918831283
-10,15748534558600	6,41606241926023
1,36709190841213	13,51596953414000
12,10527087561100	8,73199891760703
-8,97757766735003	7,52189093138390
13,78466484078810	6,06647873595259
-10,38614564223710	6,45826540854413
3,31247436598483	14,90283778764230
-11,99356430231930	8,16869333471657
-11,69533271556450	6,18124445416791
3,69823583695105	14,50535184964960
-10,60377346647830	7,84686379947387
2,09921616665271	14,90488812057160
1,67268011022042	14,23515466963990
13,02984872518740	5,79175366943285
1,94807593524963	11,43192915930170
-8,78164165075262	7,41778224806349
1,29566574513175	10,61734976884780
13,09329462457060	6,45969534474888
14,95889831907300	7,80386651236102
12,22162708462680	7,91689152708187
15,13785031299790	8,65932782067541
-9,87858940271619	8,08966648965882
2,64574706962705	12,98514607024530
11,42048506346530	6,18532439429933
1,10018070170374	13,77984634703110
-11,92725757398350	8,06595754094947
2,88657257983976	14,36581580738440
14,63187835165020	8,97925522453336
10,92421802235900	8,76684965347734
14,44162615757760	7,00837540560794
1,57279300568305	12,27205846863310
12,88636999325680	5,65505577329510
14,97171460729350	8,45367323707872
-9,75947443897737	6,67301839952189
14,57320024937850	5,42909719563738
13,88827302174730	7,35365581933988
-12,44704689029440	8,84709864644835
13,98595804126770	5,09303193286326
11,62396062864930	4,81235332301798
-11,49912500778710	5,76316976943006
11,78227603511190	6,67103371922568
12,97047656791390	7,24568162986421
-11,71012803808590	8,89571476585376
3,71717639112441	14,02760898543690
-1,09193459483423	14,43807070220250
12,84793742775440	5,38289565167982
1,40802718978057	12,82716687646550
12,32458331696140	6,20700137019192
14,72698477254680	6,48551530962184
1,14743892921515	13,67615896790520
-10,68294453504230	6,65770895063949
1,33042384530946	14,57725113509670
-11,94072534269960	6,29394552655574
3,20537923423179	14,61682018014170
-9,61375968409383	7,21658906408041
1,45698514664778	12,58467380160520
-10,66922956482250	7,70525824896782
15,05436056864890	8,49923109494602
1,13237513205756	14,53074611431460
-11,20633615281780	7,34500422725079
-10,31286022016450	7,68687234182780
11,87274236579200	7,05250137983770
0,25067490032781	13,91752414748580
-11,58514508836130	9,03343466165845
2,05901505374244	14,39134643386200
-10,77344947654990	7,74196230735855
12,66633852344580	5,59667478783979
12,63225795547630	7,34204835013387
-11,27822755538080	7,76332942824522
-0,68662224519808	14,36804487067520
3,08392412126497	13,37552079352650
1,58792350425518	13,94686659076340
15,81400333878940	6,65803565757534
1,12423005500100	11,77583072567780
2,31016735718185	13,93561023991160
11,94502042635830	6,19299520538252
13,59863158484670	5,25530567264361
2,09865732237242	13,50593282673430
-10,89150172779360	8,22369051724271
3,34076437037042	14,09634113658990
12,61913558957010	6,01973467376922
0,76047828967490	14,19423539020400
0,13926581311866	12,68174402598270
1,57468710956975	11,67455483493300
13,19719793642490	7,55445183909658
15,65511952351170	6,70540483443982
2,80616808376414	14,13797919756840
-11,42289718799700	7,47831743886886
13,01451683780880	6,05654789979418
12,62209442866740	7,28602064366026
12,77462653110470	5,76635936502760
15,23043089744460	5,08529122357333
-10,44493743451190	8,17036019098577
1,65124967759468	14,99526171525350
2,44767496348436	13,27651979702070
-10,24567610374010	8,43756151355790
13,67703708101670	5,51205235317550
2,02362245162236	14,88210857598930
-10,96334557778950	6,93441640771870
2,54700944997435	12,17321547979910
11,83684733480580	5,25587629139803
12,84334053630070	4,92805783795848
14,94943100298090	7,85471322724209
1,75569830738711	13,36353218192520
14,19606829990170	6,06613331202719
14,57301225181480	6,80359689320846
2,05572454811683	13,40795934004500
2,62879330528615	14,66164957347330
13,63215593557910	6,75799651880926
-12,42306629034760	6,97576744978127
13,75525041480220	7,04909723494683
13,31307113573290	6,78991262729520
-11,64082039562410	7,16212218612283
13,45598795737840	8,43540842641509
-9,42957703410572	8,08008620681769
-11,05998525803970	5,06798081304883
-10,61789123154360	7,39442475564017
14,16581098069880	5,39132674579638
-8,79761221177427	7,19862700250701
15,00526369199760	6,92756249578227
-10,86696667246620	7,16053345025561
13,71477477391450	7,43871772980804
-11,45449231140010	6,75663903376409
1,85790072969046	12,93029737800030
16,09771594168420	7,03970659047857
13,50609003288280	7,28240467084194
2,48554418251302	12,68782694179040
12,62820035122590	5,84260669563998
-10,50755528573430	8,64076207357006
12,94026917278690	6,32319181959092
12,04690457440270	7,05114914732926
-11,09181215156500	7,35209569310420
-9,91420085522736	6,94733605083988
13,82163689107010	7,19767418431083
-11,37802354076770	4,83794579010275
-10,14055005505020	7,35685011404030
2,40758547786038	12,63889684100990
0,69800653006250	13,33859059000720
11,70677821352060	5,65889417437776
-10,23851541408520	7,18131305698752
13,04896234230390	7,07422134544239
-9,42397892353170	6,07555509997206
1,73516502410197	12,34974264734630
2,97074244593415	14,05511237288130
2,81558693482720	13,76961026996390
-11,90701941686010	7,24653859360009
12,41447075016770	7,16050802106864
1,33085294588659	13,84990910154310
1,57926864863343	13,22850206415020
1,43432621241352	13,03962966335240
1,51405379630489	12,65654835518360
-12,90628601461180	9,03636205324279
13,55539560092910	8,26492177768271
-12,28958228601950	5,97165166958541
1,76943245350885	13,46702986284080
2,28690271386634	13,78021048996990
12,39063663668740	6,09392293528061
14,19222171755530	7,26402722654538
-11,68305618381250	6,64109250512638
1,42041859146010	13,58373893920430
13,67823813803560	6,58412870691884
1,14949968052797	14,27246937280130
-13,08065849897470	6,77864722448802
13,22901316236360	6,67032043989167
-9,90120662575057	6,59317265917184
2,44463962698371	15,19671128662810
13,56838499527630	6,47400781226354
13,06316490306480	7,50542276671732
-11,56131214135850	8,04430285097214
-11,20687918658720	6,22468630507111
-11,31757839319870	7,50886430473146
11,52532179963670	4,53306729516521
12,82519468199270	8,07056098426708
3,71760092301313	13,73261767499690
2,54226924524049	13,30847159794690
-10,92746788431780	7,02421403726968
14,59442114928990	4,59074324757359
1,85253484386269	12,67141844392030
-9,02838584839848	7,14498182278855
-9,47436169933799	6,19849803210470
0,79762329270056	13,33277875924240
13,06932528080120	7,06708589326258
-10,51704005810840	7,19979731231664
13,19676822995370	6,90582048634906
0,86578836342179	13,10377152931580
12,59492607587800	4,31101793377950
1,66794051297792	13,43862013794550
-11,75958560939010	7,87244219849268
-11,66872391951180	7,14019424131287
1,93546247772512	14,31831349656340
13,45321284423370	5,25993377118719
13,77666373098720	8,31958637280235
14,89762469285960	7,68968250722744
-11,86927532208250	7,29363859192872
2,20710652944528	14,59124812918130
2,02137571714128	12,38095790344260
-11,14187333301450	7,69419882538680
-10,44961286192950	8,45312332581890
-10,62556509934980	5,50382553438938
15,92181426428720	6,30354522312578
3,64153275049096	13,08803667052050
3,85152087346511	12,51039757363540
0,26495296794902	14,25638328453820
1,56549201960775	13,59054934340150
-11,19674586821990	7,46847932176490
13,13488586838960	8,51974320526428
1,30470951350618	13,93424814989880
13,90171464696450	5,82046623600619
12,57877042796670	6,50645236728170
3,22102847492654	14,73423382719020
1,72134564602287	13,63621241886810
-11,74033980904950	8,67703423674524
11,66941130796120	5,73216944508286
-9,92625651512197	7,30107180444862
13,59638617431060	7,11807519229090
-11,58988942281140	7,99562962549496
12,85302486231220	6,10658737199016
2,19979277522270	14,01523389494310
11,91330394977440	8,12101830662701
3,52950074092961	12,85428523355910
-11,24402216304340	9,59989501974762
3,33759348491757	14,05815280904090
11,90373393517530	6,18974185443926
1,09013637906312	14,16583202252160
13,21391946521970	6,93787211150075
-10,91622920280790	7,06562347216631
11,77467003870610	6,68829098056457
-10,70694117685810	6,64682045444056
-10,56543461851300	7,42056277443229
1,03604388211685	15,35237630673890
-10,19004556250630	7,92872733870497
1,75431183271403	12,64980826393540
-9,86573569910267	7,09751755211427
14,07549179683980	5,95598660108307
-10,67840605705300	7,93425168788988
1,33396402507120	14,40841642376540
12,44340859109910	5,47321918093270
-10,29842726421390	8,14605115481622
0,06555120440035	13,27614120672950
2,32206608122741	14,79765519209530
-11,93080775476030	6,22213858798152
1,34136441226130	13,59532955262910
0,93040587661411	15,32585007978200
13,40916473292800	6,91717578646440
-10,79765913325630	7,46065280150667
-10,33304913570550	8,09395412912148
13,77132688698930	5,81089541664468
-12,32438071735390	7,84004173979429
12,23697902679010	5,98796692776025
1,54549826096281	12,44880370444350
12,64959795188510	7,33409621883044
-11,25000772391720	7,63816530725584
14,97467153020170	6,56159363040138
-9,77702236647123	7,01785649468506
1,26710494492578	11,99207045405090
13,28285720944600	6,50494524128389
13,14112550673580	4,40966106359557
12,51424107114490	8,14945000470915
-9,04550026169407	7,76017826946041
1,91247308871203	12,05215050755630
14,55912491264850	6,15054267497366
12,23297709585690	6,15228183899168
1,25486985669322	14,35896874597580
-12,45920974117930	7,30811020161006
11,39077406033040	9,10300169731445
13,15518258096480	5,57272075519544
13,42749788506890	6,99012030948731
12,61406184442550	5,65322698952043
1,67007765175855	12,40274496058340
1,99510994702299	12,74364312456440
12,76756872477780	5,54766011783689
1,59126396484235	13,29740928048680
-10,14754146994580	6,44687309689944
13,87034830911970	9,06023864779540
-11,45902137092870	7,36297385692538
-10,02272515304320	8,31509723852099
2,64911052674062	15,10834927927420
3,14869757044288	13,42445852971390
14,70322431149180	6,52972795982451
-11,23458245214710	6,89687381839743
14,31832625084860	6,52629964176331
13,34955829936660	5,84429038859878
-12,77213974585940	5,60218258045022
-10,05783774031120	7,57506449739666
-10,43836780424540	7,31234061465137
12,70913246142220	7,69798811752774
11,91066585231160	6,98491482846784
14,82622055958140	7,03455210897410
12,39018700920730	5,27699306814843
1,32341413083948	11,90600555957280
-11,64807166129040	8,73877948567872
1,52088226112938	14,36223641601840
1,32117300918210	13,16506291898340
14,33061909165630	8,54959566062002
-10,26708076655380	6,24275548193434
13,27709435209650	5,71846265527039
14,86467221150930	8,16219109176149
12,57680036260470	4,50543546091754
12,83922269298430	6,62138170724390
13,28338241151190	6,27741306500064
13,67253779884250	7,46258374022701
1,81355543802153	14,08872277115670
12,58929685787390	6,99021081976745
-11,75570678229960	7,11341132733278
13,79146764627930	7,45032925710986
2,93049847426843	14,31971582794570
-9,95846364621734	5,19141611072565
13,30598859409140	5,43956903566105
2,88190570759833	14,91518450758050
-10,88457536371680	6,18933575753701
12,56678675415020	5,88122132494785
-10,34682289809260	7,04340134302665
1,25239956512020	12,21566578579850
13,37867487926180	6,14809595365857
-9,93378882274883	7,29858194473958
0,49775242778828	13,03140596163470
-10,46240394869280	5,61042842893190
-10,37658492128770	6,78888751023074
12,10054404878910	5,67970751851521
-11,84619354682970	7,98124534363783
-10,91668314795460	8,40876994060519
3,47477890436137	14,09258367072390
-11,00824814486530	7,10993441864042
-10,75099489124240	6,56010041521784
13,37036396694230	6,13360514419812
12,71801847494300	7,29750428152340
11,51787749355100	5,29410367116772
-10,32517459346280	8,08743914533799
1,02535673953664	12,72974825640930
12,69280940855360	7,75218784251922
12,00602749567060	4,39685872903049
13,34453878358140	4,70082994581680
-12,21153285527250	7,27662082325742
3,00514533697814	15,30791864916600
13,04761130873170	4,95679578786043
13,07330196091240	7,24360878973062
14,25133512369680	8,64499607844314
1,18754734301344	12,85223997556800
11,67033897760210	5,46069286889800
11,40671370644040	7,83276989815975
3,22576681002311	14,54277360081870
0,45230487518879	12,82430014413210
-9,29064548127437	8,81205977958068
0,08213961254867	12,31528592436090
-11,47833488857660	6,58041230240049
1,34152845441394	14,50449400287970
12,98812259364510	7,34357905361359
2,20325262054957	10,84951917416510
-10,49508545285880	6,25373441443639
-10,55079881044330	9,66918593712936
-10,69059478816570	8,47626821845890
14,27344339720380	6,25435966764411
12,47094201413950	6,78851556957765
12,96072221746630	6,72276017108500
-11,42590061347160	7,23393446350565
-10,25038345296550	7,43924813858796
2,53118540499471	15,29355910782230
12,46431412217930	7,92057089950509
2,05408130273839	12,44959337042050
-10,31258233743510	6,81218050336284
-11,13287744716680	7,08932363952525
-12,05500837324850	7,48926680694431
2,00420879628184	12,76752740221630
12,88140474934180	6,63328216469465
-11,25866399188020	6,46694446673859
11,14854772671530	6,45308522492045
-12,10877918341060	7,36752481854839
2,21824298964257	13,73437858062360
13,27737587147140	8,38467414739512
-11,42365857522490	6,42984910560326
1,83571655847474	14,59407595049940
1,56337629580250	13,46901465465820
13,21699548601870	6,67752955731296
14,68106792242800	6,92864933554847
1,59040627134734	16,13481876442780
3,75180515615260	13,30772864184200
-10,49912578810870	6,97912508226439
12,21681251766880	6,14967722110044
2,23229425398310	13,35896014162440
1,88676140551693	14,59690408128330
12,88530385918730	7,05347718733118
1,23103520696590	14,08226558953480
1,92713876224478	11,86731144929480
-11,74617803468990	6,53642923740634
13,63711289954120	6,28027691822194
-9,67789104784396	5,55423842876834
12,67273543411560	7,31822043137475
11,90080264399940	6,57500696937030
1,68517127042331	11,98889582856720
-10,73306341279200	7,14924507792868
14,89764044407380	8,05277081049457
-11,81590185064900	5,42140983359146
-11,65585832973890	6,60574536494980
1,02283140347253	15,24084553707260
12,32209980752270	6,47536076752341
14,07238464520350	7,54701691126587
0,71588244194444	15,99698781193350
-0,21995021330880	12,37720918753760
3,65517297714258	12,91073659485650
13,33950296014440	8,29588912350908
13,46142211792480	7,90338616665349
-10,24786199574920	7,53996535791664
15,05318198355470	6,42366949195792
-11,31748827762730	6,20500345166144
-10,07928269374060	6,87372889957023
13,57937097455880	6,90731444309508
13,87880995239830	6,93989857950407
2,64524712689349	12,89666986415150
-12,50313120985130	8,53678998812712
-10,34809667852960	6,39303217452854
2,69068476066300	14,71309418971500
-10,68883608592220	7,78221480288173
13,17389885605370	7,69709267241615
-10,25812747857830	5,35536554936182
1,17354948333608	13,55745979696820
1,25223161497794	12,61878034902870
13,27071611212870	7,51765053482001
13,70187994234010	5,94104137870237
12,46571718935290	7,03619702080427
12,78393599796530	6,08949071863646
1,04362962749945	14,29893978063570
-11,86672808920240	8,30058728939059
12,17563455827220	5,98543372849746
13,23890125125960	5,67294287674747
-10,44572966747290	6,91870050879721
-11,68344762993960	7,81619999566567
1,27906378272228	13,29735856069710
2,44090858301476	13,97188479148420
3,30083360530081	12,41543102214320
-12,22152366140880	8,51399827721187
12,66147232082550	5,35020139339764
13,10585417426170	7,07635658946602
12,60633740954530	7,34979649994836
12,95489023319550	7,05836928164974
11,81166481609440	7,30493080466487
-11,46409667546980	6,34503406834980
-9,57987000151904	7,72630813545429
-11,04207703429530	6,48645041483901
12,09461561338310	5,19815814816866
12,50772104703540	6,86069754718948
-10,36478524904360	6,47679660283899
-11,13318342039180	4,90204448685935
3,45673378989431	13,58493903783890
-11,86402873838030	6,44147432859783
13,54060883752200	6,92306574699963
11,84950571965850	5,77342106871817
0,70849172795949	13,54058765389220
13,73315280232710	6,76739052988606
13,04274517487350	7,31116251164461
-11,34142488755560	7,74897433377903
13,18131177908950	5,33579478456913
-10,62515409870840	6,58502100087122
2,48540279219468	12,54939312484520
11,82994044697270	4,98147380804616
-9,59859132859760	7,18502571857296
-9,72931735945089	7,27571984576305
1,99691786587311	12,69528086678980
-12,10405299552820	7,80814026099556
-11,37784466177020	8,02906375303679
14,26032502322480	8,03818692640551
-9,84323619950725	6,47966576160462
-10,20052750738230	6,96391596310525
-11,60026160205210	8,90511468156481
2,20871990768920	14,57954390338180
0,49472506172927	12,14751133409760
3,05912756918216	13,96473941137820
13,68952790264560	5,26319483012032
-10,17968740073020	8,77102971906253
-10,60088512594170	8,39189994987757
3,25475489229644	14,23091048002960
2,67092339064069	13,48105368723080
3,82519661598759	12,73593448238280
2,54618784247737	13,92882439160870
14,02423778107430	7,24066354110353
4,31381375097384	12,45470147045040
-11,79789594591390	7,68188634653509
14,40883233023600	7,07642119145914
12,84071610907180	6,81403081015579
2,77309714011072	14,86479706644800
1,90800799534595	13,97347616238740
-10,70886984687150	8,82546807908165
1,60794247439759	14,13709092908550
2,52475307304139	11,05407415704790
-11,90138498095630	7,00908180303787
13,53669257049180	6,76408937494090
-11,78067176366590	8,09044882501091
1,54455601140056	12,82312192487570
-11,26733093553760	7,02359973625124
13,68047422990390	5,91631420255170
14,46915036557290	6,66886809693825
-9,83424493160562	8,38850612690340
-9,79896269173168	6,95833725751389
-10,38352300124360	6,97152372919935
-9,24479412068928	5,83254437543648
14,61387267791410	4,98202760140143
11,52407443246710	6,49702563140586
12,79748828258780	5,68346990161324
-10,95042586174550	5,77551205074166
-12,25454932159580	6,14086851951889
-12,14065839381900	5,93530077464446
-0,20015910356420	14,31543945694600
2,03815018915934	14,10830809433250
13,76983773529810	7,92187125356023
-11,17990305137680	6,28262715007059
-11,31193906580630	8,09487921760595
14,26159097910810	6,77399980781827
14,61824677949190	7,72731925244233
-9,38075392202757	6,00296396649984
13,13227526778030	7,63292717619037
1,71158754236034	13,75388992338340
-10,92763783693560	6,65067084127857
12,40700224293550	7,37264013093745
2,20489093430002	12,75591303754420
-11,93783588392640	6,42105451238368
-0,25942146923655	12,96345477150230
12,30332202799510	7,14266037277625
13,20629550849540	7,48071594982690
3,22497761118631	13,80350532353570
11,98870903818380	6,30126222228736
13,37418175701370	6,89789302425136
12,23447324491970	6,28167523316960
1,85691446170077	12,53485807663700
2,66801390734913	14,38286224056160
-9,88417879429814	8,49645340665474
13,36510971496500	6,61051510182096
-11,15168643312360	7,61793281586974
-12,09582366092060	5,67197146163039
12,93576037288330	7,89112022983759
13,60525045829350	7,06042541627428
-12,00528998260270	7,39005117698918
2,32318895305007	13,98135788781160
13,25341770332080	7,02711078664956
14,35093381998010	8,10973967800069
12,23310210773900	5,34706029219199
-10,24865709572510	7,48278076165170
-12,44692840179860	6,89147828871123
13,21842973320260	6,13595418868548
-12,11162046974520	8,29780889716020
11,81577583195160	7,49112838162172
-11,75574220504470	6,10452166413131
11,72140361380700	7,97355938441108
1,69861640043839	13,22180522066340
2,86487897101809	12,81499515474840
-11,62519512061410	9,45377865366275
13,96765028805620	6,61265444388931
2,06266077051668	14,49203669138020
-11,04906950003040	9,79823239262306
14,30561977557820	6,81588774364155
13,39549681074160	6,81635910093693
-10,11559073689210	5,22166449683538
-11,14019535085120	6,10454011015004
13,05205390157820	4,37689242322606
14,02987096160960	6,48433740210951
12,19758516348690	7,18209683687001
2,40482115098841	12,53968553360100
0,79193139222051	13,02109266421710
12,05723811501460	6,88158551954504
12,49894125152060	8,00395575929543
-11,28094954503700	7,21239894002062
1,40950630429532	14,59954262190310
3,01116672882680	12,12754327449910
15,39193539857940	7,11378428022463
12,86959899086700	5,13892980349204
-12,09493325316830	7,44326197716541
2,58333826363100	14,04945776129150
2,33422419252445	13,24135552708010
1,32137932646358	13,02989582200970
-10,54045593374140	6,49565978933770
15,10213501705240	7,62551469489586
12,87927603950430	6,06557156789227
12,66054422387530	7,64292306854004
-10,28193863376470	8,28895610682853
2,65051993694169	12,04146554216970
2,82246370765610	14,47204381730880
2,63434035695055	12,77119360566070
1,39223829479026	14,20678895520630
13,85506246614930	7,16877016389390
-12,91751475454220	6,09245085404510
-11,12069911310280	7,22705153936855
1,71713275987459	15,54588822641010
-10,83592686683850	7,64772459565702
-11,48640127207430	6,68185223292319
1,76503357704048	12,67322730895460
14,18935985393240	6,14777285178231
12,54350036908500	8,51165900123423
2,62356405022672	12,93140874172070
-11,10660604138120	6,66352010842858
-11,76154216760060	8,01351962134904
-11,28484685313220	5,70643782390207
-9,34606836738295	5,52142284303848
1,77654208955910	12,61193984738800
-11,05515924616660	7,35525462221532
14,34026948924830	6,51213932324602
-12,07737427700530	6,92269687753722
12,95163538460540	8,14011741256428
13,40752499641410	5,63322301467137
-10,88125815333220	8,29553531960519
-10,63631345629690	6,98101287087816
-9,54285453587133	5,72778334279396
14,77601411789840	6,98784006103670
15,99806981800690	5,81403775345702
1,50522863998361	14,91333133904410
15,52075028697850	7,49159678225099
-10,71979059757660	7,70897857388725
14,96941047440970	6,73665124588575
-12,59046583770480	8,18987064816721
1,74164628222244	13,95634977518110
14,84099292731070	7,82828457672225
11,83807166609310	6,54131893874791
12,30892154299500	5,72612638156110
1,34765056288053	13,63687243703090
3,14950893136507	12,67835996141530
-11,94233280382020	9,63300867053885
-10,48644455828390	7,48709306525512
0,56584951543643	14,12567535150850
3,43939225285108	14,29933197256070
1,42917188835177	14,81392359629520
1,02873228197843	14,96415555411070
10,17038353112870	7,49255780081194
12,80986367441430	7,15155635865731
-12,08096946660660	9,58163796037822
-11,12710979308690	6,06017354044178
14,18962779808270	7,57101472240505
2,90486378180472	12,32943996786010
-11,70895530792520	7,61173222968113
13,08168920806490	6,03435418298199
2,47791256419997	14,66316400259740
2,52353212327708	12,17953290475000
1,19730382816203	13,40353392584880
1,54328244924802	12,97860349304930
0,34443786309036	12,97097754375250
-10,39495824514140	8,24427500893015
13,11632076131100	5,90949595491640
14,54512407191320	5,25495333159157
-12,77087714731990	6,81635285926754
12,21377392021340	8,32436721322321
13,90752576566830	7,76415780849655
-10,13714399719200	7,47107157943814
2,32521147083361	13,20948636757990
-10,53277971170330	9,05144732344527
-11,63583247853460	8,66758496670778
-11,45490581426900	8,04247255472271
13,46646718812080	8,05356598342246
-10,64080409747410	8,37357983316611
12,16731663507300	8,75881716200959
-10,31564884862110	9,48626954829605
0,56295556286163	12,92064370323760
14,70060902435560	6,95121879526786
-9,94695841738502	5,95890931895762
0,74910069345484	13,41424949215690
2,30193054365230	13,65240657444510
2,90219162016475	13,22227366011890
-9,49882003845812	5,36583890664206
14,10893573756630	6,63031932665028
-10,90324687174860	6,57853331091143
14,06626716954470	7,47076909909315
-10,86252512963030	8,17125935321396
2,76527645057421	13,47955567777400
-11,81051468316550	7,83315321210367
-10,60501967896600	5,91651759354584
-10,53164790849090	5,44271564474127
3,56437320805074	12,84871259228010
0,52467102926536	12,06809217118920
-11,08015301287770	6,95024690718204
-11,05357554165410	10,74810129365770
-11,46000867361980	7,66618487920390
2,44176275162487	13,17870625004780
13,93232046942890	6,32491425402188
0,92837921890641	12,65965029630920
12,97793991370240	8,49029814183860
-11,67607467179810	7,58211411928841
2,33037772739518	12,81434576708240
-10,54902536896120	8,19968105768085
-12,04547210959150	6,70005506432943
-10,47128085403010	8,07364342999457
-11,72207644944750	7,91713643576605
14,17867957110360	8,67093809649718
1,26607530455931	14,06525421501050
12,31894581886000	4,57560872892200
2,60108517614485	14,75241296752330
-9,63230235485436	6,71919445917610
2,00152024968727	13,52711235899300
-9,85050536895325	7,04502437963907
0,83494073525303	12,92757163621970
-11,70789713451740	6,54186353294816
0,95896157172314	12,49393633143740
12,97189496518760	7,05546875510662
14,53228240745180	8,05541365213980
1,84714162963885	12,56037762185100
12,58194128837230	5,66077311134705
12,15927353902080	5,43791303423624
2,67939931520979	12,75795411768660
3,37385077278133	14,07031829734350
-12,91771349347700	6,64447997215625
0,59475588810474	12,94506884702460
4,49845698919358	14,94055695207250
2,93047218348747	14,10788338555630
-11,06003122958380	6,28823330271060
13,20302278685270	5,64440822338260
0,80818140723401	15,15847742362980
14,46046696681140	6,78134930795987
13,59552053855680	5,50809736998728
1,70122517929726	12,25969809191770
13,21946776827730	6,12904495961138
1,30887025225298	13,68199121791560
-10,55444232708560	6,58510386977473
-10,47434473041730	6,16468599910964
2,45130355755972	13,81677567371520
13,09773877514110	6,12704330245662
-13,12673458906010	8,91133315065645
-10,58958546129880	7,10187521411561
2,36960554523847	13,95212475300650
1,56967117883442	14,38225508198960
13,85691352404280	8,29522953575146
-9,46877364621792	7,02301883517020
12,31225025932970	6,18053388574343
12,40396706437730	7,52095796494312
-10,57261725426190	7,71744554747448
-11,93406067391800	6,25938475081501
2,72013543318044	14,09287296601330
-10,82890817433880	7,62053707594496
12,53665133069650	6,99941373354567
14,25879933495190	5,20800206434983
14,20182388227360	6,94334387430806
2,68383878350767	13,00027236843870
-11,67671143851670	8,20169483142832
-10,09964938360340	7,52701222850560
12,67457254778190	6,31087756967365
2,02613453812678	14,40770895732910
13,68356059409750	7,12805617969095
-9,15356036075140	6,39934134952191
2,77597507513763	12,65415568245630
13,38718777507580	6,68282526465327
13,49444064701660	7,32474334688838
12,25006899375380	7,36785850826381
13,75603463433240	7,62075950665238
-11,77193587352390	8,80098042204561
-10,82133940570240	6,67979110410298
3,21708420954939	12,26029254230630
0,81598634231087	14,07172381890260
12,38693927483430	8,41165350802498
0,72134151657984	12,08918670166420
14,96724129328490	5,97052570362360
-9,89157847732342	7,90439349423936
-9,65944193645549	7,75033948752429
-0,22685328119852	13,13583824082560
0,68578556589061	14,00357748416230
1,66452072653366	14,22163411436910
12,51496844979200	6,54110948659884
10,29026050039720	7,62071925544037
-11,90896901319860	7,09201750925109
14,63152191381820	7,35755904138706
0,85390640964784	13,70108388287390
12,46562139856230	7,09805217441810
-12,04345218391610	7,42403847450907
13,33316750423350	6,48817157239647
-10,37006993351740	7,09457227248504
3,54205023898138	14,40457282908400
-11,59396848287600	6,70197153000560
-12,40984765555530	7,75670444021704
1,40928381057993	12,37695494269680
-12,03960636865190	6,61408546753455
-12,05322119566690	6,39578485293370
1,64221328093904	12,92778781702530
-10,28674299243580	7,79781540359942
0,79312154993129	12,06093294752780
-10,27149049702710	5,90204673809501
-11,27183280995820	6,81700792337856
13,56941379576410	5,89285960640109
-10,15373556544070	8,38154892468059
-11,17973107332620	6,94572013255800
2,92353103570388	13,51516345732830
14,35953596218470	6,23435025310765
13,27160084743550	7,59853080322025
-11,47661485912490	5,06257276633707
2,28487925948956	12,08704387568320
-10,85055734467390	5,68265504402726
-1,23268495013482	13,65126996440520
-10,56267563821780	7,08700255753751
2,74076949569111	13,19277971193750
2,32531686638542	13,20827841876840
13,31255935299590	5,27318811525531
14,56520016184110	6,68310717348894
12,67241476211040	8,08933445496369
1,83921294934563	11,67843173666140
14,60770826214380	6,18463303932666
13,46059573615380	5,11788907286241
1,89600855261587	13,03983888682650
12,99342697735630	8,59362443907572
1,75608876197691	12,84579496002120
1,59383284674965	12,94263522872040
-9,89740848827698	7,65795639918460
1,27552942733405	13,42352361028640
14,07538854023680	5,75979414180549
2,17387797846884	13,63107795328740
2,72021946705296	13,82784103885100
1,14633739798284	11,97884425903350
13,14800095120010	5,18169345525551
-10,30792048830850	7,71318935350060
2,87236140714166	13,39829172026690
2,92464102047486	13,57285552773140
1,54019672292690	15,15315497867120
0,75235967928430	14,26679670650620
1,73974936614817	14,58681115961940
1,96016421723453	12,26358292694760
-10,05417518794150	7,71359254354771
0,71047206918548	11,53195966597640
0,47300449744047	13,22039461543240
1,00968908054413	13,05894134625050
-11,20167015665980	7,78197250110051
1,84276094067386	14,39738780416630
13,35114605126880	5,71511465657059
14,73105887181190	5,83673335448782
13,34252236981120	4,70774305790251
1,90210265577277	13,65161823579960
1,66145152950086	14,20919819597630
-10,20370905556610	5,98333005830730
-12,39307640208290	7,07270211137586
2,51011435028589	11,95302516633570
12,91599753739280	5,11035998635380
2,40046997675829	13,79275761339040
14,15204403251260	5,70327773977701
-10,36642973619870	8,91563105546506
1,66842426127133	13,82052548984570
1,88242698384146	13,91540215902160
13,91998530906930	6,85337319009389
1,00624002316364	13,05470704476100
12,99220641584350	6,96356826129503
-9,72041024418896	6,56201080607549
-11,68350240873570	7,51864960246200
-11,35883465046980	6,39681157478557
13,23656762727810	6,86567431619261
12,70142045015980	6,33749571356294
11,31510765886630	6,83620473004037
3,25044196320069	13,49980681881650
-12,80041329430920	7,37320952196080
1,02870324589870	13,25364864175050
-11,01467352061800	7,53766291144311
-9,21352682707787	7,59133552657015
1,22142592357787	13,72164844833700
-10,84224962249310	7,69726317840758
-9,70060811858642	6,16048432078143
-12,16766436947270	8,01145209139989
-10,44536179985120	9,58536812775962
12,93842498255180	7,55861182453488
-10,91581715430600	8,13172622455723
15,20780825847660	7,95603397266352
-11,40263621437960	9,22123502729239
0,80562914999261	12,27714038763720
13,25240829640170	7,15496290067859
12,77520660860190	5,92935588489322
12,96518892745730	6,69725232757064
2,29620800457754	13,54166117671910
11,52355984830930	6,32176660284011
14,37153487815800	7,24107463350152
2,93102163956973	11,78709611391480
13,56190669667490	5,55653716879163
-9,97008542610358	6,57321238614849
1,11453460539779	14,66017072277120
-11,50306553261160	7,30022982571625
-10,66493258986090	5,35918154973613
15,05832201334330	5,59715907767875
13,49703410150070	7,01036656395506
-11,44665395269720	4,85406733941552
12,60667711530050	5,74721389916469
12,62694598417000	7,59134399410816
1,78230650842915	14,42250158246460
-10,40567380858620	8,00520206702497
3,16369250050958	14,07310907713810
0,84027723695751	13,79660418955700
-9,81884254429513	6,71033430201973
14,11859205268410	6,48095849469836
2,96218931563334	13,72122384513340
0,76248919352885	13,53357354954810
-10,24610287853450	8,86186679152081
-0,77937444617507	13,45461132101450
14,41881138976210	6,61569077407725
-11,98497322049080	6,01746582675716
-10,60511375078380	6,09403170245131
13,82148144667390	5,84521209549446
-11,32995643821170	8,11097859650650
12,01558997495160	7,26563789545377
2,87745491312502	13,09869027230860
14,30813248164510	7,96484976987790
-9,47407556369405	7,26746784217252
1,33209924729624	13,10699864698310
2,39208743011243	12,27111430344360
-12,02356722247140	6,04692461472123
-10,87503149750030	7,57305704581339
11,79892854378540	6,20907767495942
-10,75165798239130	8,35016130833197
-8,89488853917411	7,44063959473815
10,79697188944880	6,43595267513031
2,44742514220531	13,15003450228910
-10,43431830417600	7,55925342758054
-10,49741699652850	6,54406935014915
3,08513442332566	13,17873043824340
2,03432641626447	13,32868182241740
14,07151262593200	6,52195112772169
-10,66902181038140	7,74589842311352
0,71025527069608	12,91867171644220
1,27049329159280	13,04749473528290
-11,28177527412750	7,05659015400705
2,22469127180019	11,80896288646230
0,96136008851304	15,76840368813630
12,27187213310290	7,96200186466796
-12,11518133322950	6,57349054885820
-11,00731502193500	6,38822390262043
10,98051155627380	5,19256404396625
12,60418334231230	5,65808532187078
12,83757745535860	6,57346351219160
0,66462447673704	13,98163622796800
-11,26037421787890	7,98936593637571
-11,89978176475760	7,48642221165952
1,86062149872105	13,32872754474030
2,06840771844192	14,57536432636980
-10,84938365150020	7,66781875018839
14,01309869209860	5,51117477322172
13,98778565899250	6,42693245869599
11,39819415355990	8,24096306274741
-11,61263453822260	6,96373657787556
1,56349831350579	13,75113391611130
12,75353090485380	6,10095126618005
13,66284220496280	7,17824310981011
-10,69313712201740	7,00239772711239
12,20329975968540	6,77465135583169
0,96236821264468	11,85787534543040
13,02335076503150	7,83960967270185
-12,99129432766740	9,51726675013508
-10,15651366077320	6,68088434757536
-13,93181245294620	7,73248180514003
13,65332450423180	5,92942515948604
0,34591769589304	13,88792058382020
13,90292662702540	6,15450181078161
13,06746888443560	7,33815694533372
12,50724731792280	7,12542225841158
-12,45415116503720	7,10740149911329
3,93424413190601	13,93492644017400
14,07640762565450	4,67280586399156
13,97103972686710	5,70988474700344
-11,34437014157400	7,87602914145425
2,99520342018882	15,46953947016540
0,49066029800215	12,62986835516220
1,62158457778739	14,79519633561650
-11,06074194675870	7,35923503009392
12,36015959921370	7,30090058104537
-9,70928723123595	9,03434102687167
0,25822991203185	13,16929999973140
0,64186777910077	12,35149558012050
1,02795474035840	13,86534883751940
13,13934857350590	5,11147313357894
12,83513682578960	6,56557376685671
14,16232609813380	5,52912995283242
13,67655852848100	7,19407600333252
12,83058478722570	6,03244238949282
0,79650922503952	11,44282653392090
-10,81751147541450	8,47554912893069
1,50706550316326	13,27605695756080
-9,24420563825618	5,88442251428128
-10,02457830407550	6,90422991910355
13,20366296720070	7,61895223480851
3,45464877292080	14,57849314561390
1,71688876494439	15,42961910150640
2,03240569791928	15,82139272135940
-10,39011584023710	7,19416525187015
1,44585032918599	14,01824429546830
-12,99167760793650	7,06007656880260
13,75253687038360	8,67659499381907
-11,61139705755880	5,89508596531628
-10,19807149002060	7,88977530488554
13,04670272434040	5,59560799178431
14,83795395684450	4,53198535250372
2,01949836718410	15,03135130037580
11,47657698642510	4,34243513657112
1,49513123432129	12,58636984203480
0,74605729299904	12,39862810345320
1,96344256841303	13,84624221051250
1,90910470873867	14,10580530324290
-11,11537118211120	7,52967059960591
-12,60154545234450	8,87966546284232
-11,24742453213330	7,08449018290330
13,56490579049590	8,04390102983961
2,21063537390412	12,37016305591890
13,96677477210400	7,99452393574592
1,87521545428677	14,03275443282360
14,38553322299650	7,18862936227253
-12,15803009496550	6,61660901011794
-9,49539359856370	6,99434515503621
-11,07496779947660	8,90976811244559
2,19847930578600	12,47208170772750
3,50142905360922	12,67693243546480
1,11298837203729	12,12669353149110
1,64405514087415	15,65662971102570
-10,44659319438770	6,77218538653647
2,63236147472086	14,19910481397470
13,78386782052500	5,86701573019731
14,33125039902850	7,77359958330941
-10,19633878193660	6,41118697430170
15,04875043328410	6,21888940722327
-10,04407215333380	7,32116462159334
11,72510460943090	5,23345467803415
12,97351858977240	7,99008899597653
12,09332050708190	4,81619480475770
13,35611953707910	5,85474131264862
13,80416933336220	7,25084502802744
0,62774363876873	12,64843242832940
-10,11782049131310	8,12783816393955
3,12988155056706	13,16130530804170
-11,92432204210870	5,61314346945271
13,38283148783260	6,10979173042720
12,84842031487860	7,62620418342370
-11,14757185550230	6,26202794314875
13,69384624746610	6,94908121777140
2,52301006112416	14,27182775766770
0,98692387559007	11,88950760281630
1,24083698556721	12,56050490885540
12,51675583859790	7,54661904872424
12,05165579715670	7,23346859431098
3,82045167520502	14,49434735901220
-10,12675127997310	7,96173479378627
-11,55591248929190	8,12436109675515
12,97071372863300	5,28593322422331
-11,00726358428020	6,66823812425336
1,09210512060484	14,48106034886720
-11,58242962814390	7,16196798086895
14,12186991370120	7,87104329710872
1,94976758706920	11,97062433182710
-10,14825306193700	8,48041012033907
13,44566446726460	6,86173647636874
-9,74966698640513	6,58656873161360
-11,95334566956850	5,38342381498591
3,40413990465311	13,23880186276370
14,84468294864760	7,75226533732307
1,30713811611268	13,90172954407930
1,39630958161419	14,53987957284410
-9,57425001602776	7,30925611390169
-11,05823842263310	7,00300521737706
12,59371168821410	6,04497954859021
13,98294322757140	6,37164751487651
13,29679074188560	8,54080161710806
-9,85240820641947	8,02154852243085
-9,67390129001250	6,90585852228293
1,44896859695315	14,88350611974440
2,32668721111263	13,06842997985270
3,32300531534721	13,83053708881890
14,32127653022650	5,70410939253510
2,51694516898884	13,07954615636680
-11,44012711828330	6,61759462889079
-10,67103962151420	5,24395073526254
-12,42242328108700	9,65213402909844
13,06227620495610	4,72236834057653
13,83993194327530	7,09365956560938
12,94718216071840	6,54710102470612
13,89723964878830	7,51441699445048
-13,55038170058280	6,65294508956795
3,37558413914470	13,29712399406860
2,43899614750028	12,05755989397500
-12,10012118823540	10,64673691491250
13,77883217146370	5,50386694446837
0,48200570528939	14,57674234597960
-11,21385484351590	7,00942825676021
-9,58795756771634	7,94554253157530
-11,95728843551260	7,09601563921592
13,96544641682460	6,86529230922635
-10,83006352711470	7,72047483395084
0,96214424991795	12,93895444139250
2,28185572543816	13,66229320664490
-10,64419396010440	7,97744268933514
-10,84377983385880	6,89811009588312
-11,56680179432250	6,24462295999716
-10,36828523438080	6,99466034965262
-10,41021943271590	7,35614602217021
-9,21540153671852	6,31786052118071
11,82189743714530	6,14052509141809
0,56353650169987	13,54201693882820
-11,29880886094740	6,03237686000096
3,68339568148647	13,81905124338890
12,13912431337710	6,76816355133208
-10,28481725382330	6,23038383315610
2,07725713140508	13,41858994220560
13,07724644261580	6,58848917563115
-12,14855501123190	7,88122485940006
0,72627257726700	12,54643774553430
3,01739371504424	13,70760911910230
12,10109968826120	5,61601930006886
0,37091210890505	13,70099989498590
-9,83731702459038	7,24520699350137
-11,68197052761030	6,90208451810829
-10,80760680452280	7,43120517436739
14,89432748092010	7,50990811212594
11,96020404531790	5,68645603973641
14,03348728406750	8,50325362198513
2,08927545424569	12,93163057514240
15,14507737785680	5,89410714882666
14,44674202515240	7,31218809130275
12,05497742315140	5,25615313684526
1,56647328634705	13,01400754998480
0,54132585144882	14,88030676599200
0,35159088594468	13,79902391095880
0,78504115742160	14,10851926794690
10,42108665577420	7,16650805888087
-10,05735074893410	7,81738121892486
-9,78885333788177	6,42209876594439
14,82462414546690	7,39920154502187
12,27565034266770	6,37420904840743
0,64369659212072	14,68440452186420
-10,58239019663690	7,41596762381718
-11,38289572576830	8,14725591055527
2,21056097424395	12,86818200535200
0,98950642007480	14,06914736656560
12,72641728061620	6,20871555967349
13,37742481216310	6,61263680494794
15,42710588387280	7,71232704444630
-10,22211692727570	7,51206749172483
0,41029342610781	12,74695256095630
-11,02961745883100	6,72910979833774
-11,41930371772320	7,01251743065022
0,55380629302375	14,23430231045990
1,19292408334124	13,62751950429240
1,37411073694994	12,45527156338820
15,16158431247720	6,86729225154139
13,51937121598190	7,74711509548765
-11,34133380770160	5,86417403800970
-10,18712476465460	7,01230550038644
0,44120998753618	12,82679645593570
-11,66807781998750	6,20508956752396
-9,03147089206784	6,90953406684083
14,41859585039660	6,48117351924648
-10,83345759014750	6,42989554980501
13,51027888785700	7,25033454587049
1,10726784768968	12,95175599070700
-12,16246207572330	6,07927914567623
-11,40368694921320	7,19051213689903
13,16592774980010	5,83649149345694
2,11554373328752	12,37042790349640
12,99842144713990	7,69687124975876
-9,85137442877429	6,10668366547054
2,02446130487058	13,61678479308110
14,01330250182520	7,57395535264566
-10,18864443185190	7,88205857593540
14,66834737368180	6,21480358210203
2,18422673691209	12,21966256979110
14,55220411472360	5,41948984309341
2,83370429328620	14,60839014362020
12,53071544028670	5,77208746059013
0,92719326571629	12,98668414715770
0,83116579260654	13,10731965953310
0,25985121818902	11,41654747075000
11,42541541555680	4,84672560361940
-11,94348183553420	7,39410884068060
1,29702526149680	15,44989936340580
0,16269116050833	12,85060814360790
12,76151464638550	6,50127367734739
14,59813788321230	6,81858378679438
-10,65027362814430	6,71395256831013
15,10999330549020	5,51212156254519
13,39896353525830	7,47355962919461
-11,20966570422630	7,71323185655102
13,78840213112100	8,52205150194070
14,42682122297920	6,87631031240835
2,44789041327532	12,94778421711070
2,55571651121987	13,02508125010320
1,64979132320700	12,02193976031780
14,35657049332800	7,27774179548879
-10,39571512623470	4,91272059863752
-11,33915800792960	7,41114933750907
2,07241558329108	13,46068545630130
-9,45407601491433	6,41084775242677
-12,52489264963890	7,89341852363484
1,86255425426800	13,92225684082450
13,75472762012050	5,18000691918678
2,28203096037448	13,36826185064490
13,68462823030800	7,63120060480408
-11,40062335427760	5,43909715682721
-10,79613836726180	4,87760927139630
0,81735521087424	13,91110730755240
-10,67139918665550	5,22488688145914
1,52649555063984	13,13688933223170
13,37120009284850	6,97614635094645
-9,63814308835935	5,99154539911564
12,64132259958560	5,03173015427219
13,05070980669780	5,35045820766996
1,30715174918608	12,35746255946340
-12,23209002785970	7,67427291500330
14,80279935546660	6,76243912648410
2,26875857970678	12,66735883748500
-8,79489187491629	5,50284795330052
-10,48086821724860	6,92845793841345
-11,51947946640700	6,07889491694319
0,06229095095237	14,75666966204160
-10,11548403604200	8,29236992556670
1,65099134944472	13,92405545345290
12,73085532879110	6,13994552429771
12,69298341065870	8,07546932068627
12,64398497057360	6,42345561263466
1,65736883810754	12,18559815878090
0,33050495870675	14,11186394018660
-10,39102942520470	6,40362025707287
-10,41807954450260	7,72654818326190
2,03448595367782	15,58036649820350
0,69106377944577	13,16676616525530
13,64300359526740	4,80825447074168
1,47616637417489	13,70099308691790
2,10180206955006	14,42677338387020
11,95868856479610	9,06896113775944
0,48147322979548	14,36625566712360
12,97623323273600	6,39514433822163
13,08411819259420	7,44786239311837
1,46357021334998	13,95700113056600
-9,88582189144539	6,46426040458091
12,23515746298640	5,55585116319046
12,89444322285720	8,12151458405642
13,40368220436660	6,64605882138881
2,08775119145579	12,93801276990230
-11,89389325960140	7,74631297517608
-9,66052232529940	7,10561401492835
13,42514238593990	5,28492124046264
13,62933335287050	7,71233414889486
-12,14615273726120	7,64822730200430
0,56987083473004	14,40949224708340
12,97983097118790	6,78050086489069
1,24450652411237	13,58021511222240
1,75942420163736	12,28429232794990
-10,66718264060120	7,72073484925614
15,90336319595820	6,78500027431464
0,87672907589006	13,88882342185270
2,71688834351505	13,59348679279550
13,91721260425000	7,02174421083367
-10,17203140670950	8,35255685612046
13,58639721872900	5,84954804875993
-9,68461079780785	6,19400152501411
13,18467664747380	8,23568407166137
13,47772470859270	7,32421385375413
12,53730012088270	8,16874280779399
12,26255065764230	7,44200217141129
13,25972336507350	6,35525107264879
1,54596782493726	12,57878531852680
0,98587562958762	13,34860338890890
13,65499818577000	6,56319808303526
1,21964299831251	13,22923090185240
2,84696247655368	13,15461970779940
-9,82957322423296	8,18663581324204
-10,26819820814720	8,02784440268483
-9,64602283172654	5,50287777164169
2,34027178565512	13,55519490361740
13,95800414070220	6,37139519874372
-11,70829333037960	8,91709014656756
-9,44619783777570	8,66138974731326
-10,17744384701890	4,66181515135958
14,16171071041150	6,71784038549169
-10,18744770243120	7,05053222210471
13,90943073701250	6,81120625063802
-12,27936272263970	6,11614083036058
1,41645276375059	15,10567135670560
-11,13066696503900	7,39535033885016
13,60358931336290	7,79686036542765
0,16507892210856	14,49569414166650
-0,01807978312751	14,16383854819570
-9,89740284742132	8,29945449503077
-11,59551116559800	6,34707174248125
-8,29256549745395	7,62303393919325
11,93705795906110	7,38227078351799
13,62777255204410	5,89474337737141
1,38572712027858	14,95753980686270
0,92158041986760	15,88210156885000
2,12656307920556	14,00545405399160
13,39587519470900	7,63224149982738
-10,68550350983010	9,09760893908463
-10,16155029673580	7,81635617285014
14,17416584820450	7,19992699309327
2,26935985843790	14,77003634344240
14,18335880811030	6,96485469431438
14,09512787327450	5,35457270005308
-9,27419012225719	6,30404628606300
0,32731711773639	12,74127803291240
14,18325830760130	8,99577944207939
-12,04336307519530	6,73061569051941
14,29363916364570	6,71762540553561
1,21675880812881	13,79572519420820
3,03381485549398	13,36665598179260
1,17950169145054	13,41340252603260
-9,58017017922500	8,16169669907804
-10,82026118095440	6,99797168737092
-11,04326982648380	5,97510161569270
13,16522783759690	8,81557234061501
3,02965252913665	12,70144285951600
-10,08256264747200	8,61177083990580
0,55811778016926	15,10350795511890
14,47613610113040	7,50848655321167
-12,17978432582140	7,44328129175842
-9,95895854503174	7,15717697763038
0,92876035183319	13,52940356284560
13,37134054696620	6,91398690051289
1,31427075475031	12,87011197580350
13,64273771513970	8,99292020802145
2,10786702612702	13,88925985798540
-12,03392552077510	7,48916130383000
11,70788935761810	7,44499772917972
2,14066733212374	12,68646398774640
12,61011795289290	7,47881728888413
1,92954254569125	13,02580713281700
-10,48303199202210	8,58416013965851
-11,05735261963460	6,22257906375094
13,33629581298380	6,87816586124492
14,27347365928400	6,19712460906261
0,44848908257268	13,47525949657870
-11,52537220777080	7,45360547610513
12,49133747378970	6,94145482921679
14,68798610633520	5,42692242152922
3,01822704380863	12,94209096963260
14,13963721491310	6,45462308147966
1,40057469673875	14,73936830033780
14,80205849511190	7,28187006903287
-10,66128358622200	7,61899531161860
-10,26753368512070	7,73621486800961
1,66782049875681	12,30554835161970
-8,23319591303435	9,05886443168075
1,07478144500791	15,56457041023460
-12,12831262018210	6,10469547235870
11,82425830598170	7,80245705560352
-12,72413262960470	5,35219392011777
1,73190109176522	13,54084144699200
-10,43834803844830	8,10092074701147
3,10174373139994	14,92394265954770
-9,85997974974607	6,18723995075899
12,92994073992160	5,93525501216372
1,32678183007224	15,22418787194940
3,61426942153371	14,54898154460880
-11,59774850127130	5,57656509668093
-12,52214974695500	8,64495228835521
11,77087045493710	6,25043294414769
12,13460014763220	6,31187492855025
13,36537137739840	8,99474798088886
1,93310369397576	14,44486244886060
1,54646362264237	13,56098055640110
15,32686535572900	5,62083463292124
-10,55795898132950	8,08179966343790
14,76836512244750	6,99903008830659
-9,96247673587581	6,24972780147741
13,94028852570230	7,14052904785959
3,39250489238138	15,26630653186360
12,14070962188060	6,18318999148057
12,89747270646060	7,26767629396714
-11,71141387145680	6,96227703017134
14,25560368590600	6,70606699880802
12,18002421951370	7,30873336037780
2,04103149820109	12,40465909097370
2,34379224004054	14,01362589775140
12,75731669438930	5,46628557677824
1,41011307502360	12,12261079497730
-10,30342322103630	7,32380683228070
13,79092257260710	5,06510564712728
1,95896857352351	14,77500668564150
-9,22066256912670	6,94579598563197
13,91145147924790	6,90845758262216
2,90394019506306	14,47340239938940
-9,65718185940670	7,28682628956554
3,20143595514658	12,95550112707400
-10,57798500499700	7,33616013587865
-12,78460597898070	5,88569231671332
1,40827104299507	12,72769110938600
1,03518691164430	12,82582254823120
12,78800322047630	6,74800649702131
2,02257383917610	11,61994397751590
-11,12455740537070	6,70685420210271
-11,20493511888630	7,20086884593842
13,84186531640490	6,69242480689937
-10,40687235726860	7,93746748418815
0,35881289712761	13,29700457020830
1,78793468969288	10,36198696947990
1,54012906373479	16,02418907224900
-9,80860071083309	7,33894891305664
2,86684940273741	13,63132219073200
-1,35920390416736	13,20392562656090
13,76753493642440	6,09115552837583
1,89740523026883	10,95973237191960
13,15881577396880	6,10662413796872
13,76472492264840	7,94935448028575
-11,36651058430740	6,81836900672751
11,47600771151390	5,92951730675334
-9,51243191817114	7,39919032633768
-9,96038363186066	7,54883570681764
1,50892411496328	11,13681623594220
-9,75246282477272	10,23027871074040
-10,16156867827030	7,52596286686168
0,77015544495598	13,72409232792940
14,46037166456690	6,27836530883859
13,52880882893980	5,31188841270318
-9,08509019661657	7,99084179326917
1,10055704257645	13,21268457208090
3,45847251466993	13,59628431888470
-10,38463346315100	6,99365559111810
-12,08378790634840	6,74808533234538
-0,18339275412944	12,07122729339160
13,56117401169290	6,60494365767902
14,17736121947720	5,30614868943353
-10,25117830030490	6,71488894743217
13,29381492668070	6,88841032575295
14,40478746567740	6,51788658462136
-11,43297421553040	9,28217795817620
14,80336824347940	6,92317952583745
13,58562175319650	7,37136184901145
-10,08852718869890	6,78852204311443
13,28458632997420	6,02371396860788
14,69293595101320	6,87515133930159
1,09256536165122	15,13937154171340
-11,30080561001390	7,38609439278981
-10,60843956903740	6,04744167329829
13,65348794515910	6,24389883230421
0,85891966905958	13,79936852285960
1,90657775839908	12,47195799600500
1,74638025417655	12,09295889826250
12,81872938710900	6,88501524261708
2,08454846755628	13,92370888362480
0,44888089457912	14,60198874219670
14,24952203485760	6,55148090257840
2,66256959236985	13,66798341079190
-12,35198589156860	7,52558753173967
3,06423432251677	14,07895360381370
-10,81648688852940	7,29956307080497
1,27146335437248	10,54318434600220
13,87092528108020	6,25130553189450
1,45943738777174	12,30550852963490
-10,95763732072390	7,69700255705005
14,42281391449990	6,03329012500484
-10,77467470083920	9,17909823416390
2,74221474405481	11,66715834879310
-11,94058579109960	7,86845706852801
2,72417640523712	14,08527590881300
13,95954423552930	6,61469277648595
12,82985493718640	5,92448569234314
1,70480096304717	16,06539329791300
14,42706105302100	5,13583370553985
11,79366065952250	6,19218099287916
13,88249049960740	7,09860277372794
2,11538201947746	13,63681760053120
-12,00482750249860	6,10083804769215
2,12276524522479	12,39358561240440
13,14087869403600	7,90188882401959
1,35319784767408	14,24251972958540
11,74003754062000	5,34929615287780
2,03322616105048	12,36263910646700
-10,85415093678530	5,07767251455271
2,69814674808069	14,01182131861590
0,19643548662710	13,34653041887690
-10,11520318295750	6,91309916533120
1,75432626362580	12,56299991083430
-11,25867640387540	8,34281425631098
2,08161251366401	12,17259793948590
3,58624489457923	12,99243472016150
-9,54375983079491	6,99693245164812
2,53784459971891	12,34719625768030
2,57532616524561	14,36428264890100
12,85741386575410	7,73645270005322
13,57254788879740	6,08993373251111
2,40469873119771	13,96439980983770
13,28733235040460	6,15111586554827
13,87992519319370	6,65764936227392
-9,87425340983241	8,12439025711950
-10,31527066666100	7,72952284243539
3,39422593759175	12,07034719752680
12,75355843936190	4,75656898897167
-10,94874339241470	7,20113950606270
1,50413761756635	12,68955046616280
2,21553338716358	14,46239973580740
13,46146876588970	6,31336259706189
1,43233670704443	14,96218627197710
14,26104240925030	6,58440586591204
14,32455893526160	5,62930945534526
-11,77957427393570	8,59505564755282
1,77923919285408	14,50251954183000
0,87198448477871	13,97942303649590
-10,96538123579550	9,46654351070281
-13,51437656893310	7,67172728543684
-11,18399294096330	7,64915727281949
14,14523564413170	6,78843784328092
13,30046644501100	6,90053521433739
2,10551338418442	14,86277172337090
-9,75801534927019	6,83565509401062
1,17590153054016	13,70944696174780
-10,40709036268460	7,72205591147049
-0,17783703953845	14,37823825965320
-12,03187686004730	8,29284057087609
-10,12463846313170	6,72689396822395
13,35344165143300	5,90250818380467
-11,52221677976300	8,09246386375526
3,09400160157875	13,40751169795450
-10,70721389218630	7,00877630041329
13,52729727721720	5,82967859496433
1,13267860925346	12,16309165466140
14,91473124909070	7,21269458462459
-12,06659879495760	6,78588363304108
-11,32266430301940	8,22278483419388
0,77447654843973	14,28778079935320
3,04259672738984	12,90160640387770
1,57455096455062	14,60582991922780
12,69794206380030	6,78487736212443
13,44683231283870	6,83054434188643
-11,22866596510990	8,63341215596036
3,88741199759537	13,45008540255840
1,29409249568451	13,24684992645760
-9,03123436421756	6,62086161705760
1,12415857196236	15,78925578875310
2,15606063122396	14,87957080713070
-9,11006925497293	7,60030981463480
2,29519893639331	12,07317173543100
1,46869722216044	12,42851791062340
-9,18760824204528	8,31643538975132
12,92314003015980	6,81208245509563
11,23381114149530	8,58811791349897
2,98763544121419	12,70417947094670
13,90269474169210	5,59190588489813
15,18105059278860	5,32341456485747
-11,07026405534110	7,82509637186615
2,21595117079587	12,77515222916660
15,44776042694520	5,82776782448312
15,46320460956130	5,03400867070787
12,59918981869430	5,97819420067944
14,71504396125470	6,87470918533799
-10,60419707165050	5,84491819933000
14,17756305265160	6,51207198218193
14,24573138956780	6,99845779218053
11,78655773342170	7,61287066131025
12,28857525054730	6,39531291277845
12,58232871308680	7,17655563860391
-10,33314029416250	5,59314153718938
1,94276654476932	13,01705101119070
12,55099459880070	4,86534699914550
14,74145568053440	7,78720636790209
11,39815076558720	7,49230005328724
-11,86707577056730	7,82304346129772
14,23117178462840	6,15141845360744
14,32726279909520	5,65081202830437
-9,31914690376714	7,54425225993078
2,07720420366691	13,97291256143520
12,85703650829170	5,80142446158782
12,22925638703970	8,03373339474559
15,53757346374600	5,71761886988630
1,94456417459924	13,54311251173070
-9,89360262957868	8,22933518075402
13,15936025417200	6,76130259566498
12,56609337611370	7,09939284972294
-10,36327905059300	7,84025014009027
1,73267538888436	13,56051660945960
-10,89666613864700	6,59178406292314
13,66561886892150	6,71281327751721
-12,44072404755820	5,97826453905656
-9,98805121615013	8,75862711573046
3,80084858053051	14,89309648217750
-10,26451442109430	8,01894574216370
13,15841561194400	6,22924406671095
-9,91050564992569	8,03236255288223
-10,21777725689050	6,70249603382205
-10,63624972548170	6,62294570036030
-10,88965175061420	7,78983068828779
-10,99106344020500	8,37591838114458
-9,94104923391846	6,69762208026505
12,79426188101920	6,48832061083093
-9,42788779453348	7,38490728625484
2,26477538841309	14,41561516998280
13,75649983718510	6,45975957604270
13,96780242917390	6,24236954784204
-11,89721726070240	7,48657228902742
14,45283164976400	5,11170167741977
12,75903269185320	6,56778674336151
1,56523141426507	13,77604692140450
-11,87803356867320	7,25732462538519
1,16762919933446	12,91421466611000
-10,41561541544140	5,98189443326645
1,24838846621629	12,99157398022450
4,18001068284951	13,98880825752630
13,39669877867540	6,59929701547513
-11,69499393057980	6,14807549736671
13,45259840927240	6,77826838408902
-9,87449994770594	7,23113235388812
-11,22522981221870	8,53217953489491
12,50082245351510	7,04577037716737
13,83625741738850	7,63106844057239
13,29010175137240	6,98754742903847
12,91558877769390	6,28396235436844
-10,56931217152710	6,78814212416094
13,67887527961020	5,96798768194797
14,23715340483910	8,08719769464956
-0,09245931642189	14,47442838861490
14,07366286807110	9,81774248613219
-10,98669256326220	7,79858355379652
-10,26790278895080	8,11037376064461
14,10712295244900	7,45027686295239
-0,25255450542706	12,95820538923230
0,17105989922019	13,55069463381060
-8,92488676574557	7,90128022428479
12,29089014891480	7,93156320281265
13,25553627019480	5,65456820043106
-11,64018915648660	5,44200353425478
-10,44449425851260	6,66998268781289
14,91418010266720	5,58488070016293
2,35566228197221	12,28754393290300
0,86687001869953	11,89408411145730
0,84482735530528	12,64808044130640
13,98040830368720	5,59451880273076
3,63398650766369	13,46265479002500
14,45244128443830	5,47726890055579
-9,18705719914228	7,49151052622726
2,62696181619647	12,95359192479220
2,04134710406270	13,85511575989930
-10,21971497416690	6,44745124263863
1,61599811160207	11,87954796719230
0,60673225465939	12,09106724841070
2,53246940217741	13,31866103975170
0,96446002350208	12,34715467208440
2,93418403695724	13,51121672095920
0,89306131224338	14,27099636139880
13,38036003233850	6,21143998198679
-12,28363167613710	8,20825602234200
-12,92965548917460	7,63160637884029
2,24240049804836	12,28495915776170
-10,62420569489500	7,14567598817641
11,99490226349340	7,35699163298906
13,69479699739810	6,19404821017769
13,40030575717660	8,00569132491349
15,22881741815940	5,53184118182294
-10,49317744985620	6,08190150733067
12,70802201622290	6,83240285997718
12,80102595791830	7,68920989744302
-10,09491494626620	9,34470227734317
-11,73969199392100	6,41291451403737
1,48380873835796	13,68172848017720
2,16104495667970	14,35877180271170
-9,54007261413813	5,52728157176971
-11,15258991942220	6,91419830024397
14,66471974156410	5,43218559194653
-11,74972723737580	6,77720794439157
13,44066070893670	6,09425170334483
-10,58711682266530	6,65466091661559
2,07206350953845	14,13163894388320
2,92921488748446	14,11564313081250
14,43084317995720	6,46183458629582
2,78669432649886	12,46549639806710
0,63146038140055	12,84520692451470
3,94105892071445	14,39812450076870
-11,68289647754280	6,92714119185474
13,19752175669980	7,41942410474154
14,04873443652240	4,81431753670227
-11,31536592503680	8,13623681727363
0,83704979222013	13,20463896666030
-12,07396154023290	8,03052509111003
13,87629984090870	7,39251570960100
13,85063635900750	6,88360052540182
-11,11022902672840	6,38235899619452
13,56003958562460	8,26854921943821
-9,65781564658434	7,88158664766480
1,45497442748727	14,17790587081390
-10,71183513508930	6,88214358068387
13,87164112076120	4,32647014053494
12,50770110309230	6,09631120710978
-11,49188472249970	8,37896424990527
-11,85698415484330	7,58979494454440
-10,27565059916350	7,16751846095611
14,55399188658200	8,70149827563055
-11,05479536004290	5,73804214876291
-11,65090958759190	6,47888039234471
-11,34163091993850	8,41128798840024
14,30415470515620	6,80699359397726
13,66546816392890	7,94633304538343
-10,20202869124420	8,59211010567397
1,91355447163931	13,44956775622390
3,23222507162769	11,51328800357090
-11,62571015600600	7,11960268001206
2,78896983599277	13,46986646149530
13,98201748062130	7,10076066268462
12,94933507392960	5,64317605639481
2,65793200276257	14,38059391939470
12,93466040847270	8,01170126400600
0,29608124858167	12,65133764511870
-12,28287023903100	8,68278226347714
2,41507296916353	13,09602939190590
-8,99794809898284	6,82562985461912
-11,18592052752660	7,23084805284959
14,24852019458900	6,49859503896176
3,10698061722338	13,29940310321320
1,74448814699939	13,39338458647690
-8,88944919490965	5,78458625267052
12,97157327333100	6,48488429933243
-10,49999942673020	7,36229293480543
14,13786249217550	7,34964117381490
12,33751619459580	6,88557759806401
1,98697488726187	14,17670438765290
-11,38557132984190	7,86915068435699
-11,46807839694820	6,80562167068195
0,67738158254987	14,60627479214630
13,02212675410830	6,19832128693367
1,17469430213529	13,77449846017290
14,42073083708990	5,90997116842325
-10,07004112899150	7,15720062969028
2,51184849660538	14,63115754198870
-11,38573357873440	7,84746741354813
16,55934774679600	7,00624136399538
-11,90840136482450	6,84401652976682
1,69943965400457	13,63509271371200
0,71916979435365	13,54187782703360
0,99636125573042	14,12414635591120
-12,25740328237250	7,24627762244250
2,93171300656974	10,96644364580570
-8,87367499247526	7,61401801988848
-9,49294986646254	7,94670759569913
-11,10705574846370	7,28416482507719
-10,61047550058970	6,52514325882086
13,81493463413600	6,53173452738039
2,85373703183856	12,92877686064840
15,18843734404940	6,27513199599709
12,05036365859320	6,10111257982186
13,62522389410500	5,16494214978207
-10,94965420719490	8,75069645523379
12,51936221764050	7,63349287149785
3,78150179106049	12,63080052403030
0,56578993550155	13,27985152512600
14,06530398735350	7,23236060777821
12,23929092876900	7,36773839014796
-11,77148825290660	6,06987792298099
0,12281693287974	13,78344803356800
4,02642927095816	14,23109128574130
12,77485226193700	5,81708389015172
1,79530454039665	12,89018028464440
13,47983298313960	7,97483466906276
1,27532225557766	14,29455283033480
0,45145185002406	15,97786740731730
-9,47048616691856	5,27612221013247
-10,99922055668610	6,52198874207678
12,13495524982820	8,62821240230795
12,79694418603770	4,89376061339929
13,15672455571380	7,13564839641187
13,05843169786100	5,51195357948010
-12,97319088027880	6,00701757033652
-8,89689004845455	4,98328043078545
2,80083247825780	13,74519188735450
14,21787302221870	7,70502692286723
13,69389814608390	5,57799608775641
14,34051478740880	5,92622243975231
1,35594565886886	13,32509023891480
1,46537072034933	12,76354431312920
-11,11615018714530	6,33046474669593
-10,91122211556480	7,30494872467274
-12,13388890076630	8,51341362169696
1,83190584461284	16,07528861892850
-12,43172437814290	7,17955926110743
-13,13608967657930	7,14193043531105
13,80725218834600	6,27011139634812
0,15375600139803	13,67694817281870
-11,02176634811470	6,62769390430394
14,62563639623090	6,84402591909387
-11,07374655280980	5,93944964081758
-9,91654400157035	7,70713410963231
-10,93241149967960	5,88693873805706
2,41732420888589	12,46109918760140
14,12090677072450	5,85228599409274
-12,03981221776340	7,26076101374916
-11,61475266914610	7,21538243274951
12,20324019176310	6,94566923861115
-1,59673382213487	13,20602883352230
13,35875036968840	4,85611772315029
11,03406483811970	7,85269016039790
2,22194024385178	13,87625359160070
-9,06411253617615	6,86741189573948
13,59356397833070	7,09702652513007
12,59833875951930	6,47015304234925
1,68192151597449	12,97412441678550
2,66003486757670	13,47075388314160
14,12406361740900	6,52313466786945
-10,90626020151210	5,16379290256822
1,00345146095516	13,75751392188160
0,75609203431727	13,03657128714100
14,51546229316340	6,56771800815359
0,70245907003905	10,97045915919350
-9,76249649605955	6,99760691688255
-10,22704016755630	7,19757025825291
-10,91929383970820	7,04448463454005
0,69807265266182	13,69714167312530
-10,50589820621140	6,20755803651892
-11,45698009185410	8,39889185445957
-10,23597232180890	7,68104960834633
-11,80836933835880	7,20352968309706
-11,61848491700950	5,25433821811620
-9,31716384247364	7,69648864721443
-0,06297582806102	13,27529872059220
15,01686396139650	6,75467331341069
1,85755061884852	14,85220081391860
-11,39073826185000	6,29232768003635
-11,71393248676510	6,09410214548153
-10,17953435665300	8,97059186679066
-9,63762917453857	7,86668262510883
-9,52054206114786	8,38432522753720
2,37006283114657	13,39104795687540
-9,15644556137032	5,59222320960591
12,51338820850440	5,57529564301835
2,27665593531246	14,48459550754320
0,93606495476687	13,61856557682300
14,21128305028470	6,39104970258039
13,04475141716840	7,62627137370169
12,91880459104290	7,94957598567884
-11,18753121802770	5,99886035639812
3,32049214202211	12,23842242272290
-11,39780702888780	6,95267391235329
13,20926382782730	7,38472594330158
15,04950932410520	7,27847547689664
4,56635359570884	14,79926576223330
-11,41633671408100	6,83207780002887
1,87679339007285	13,32559814547110
-11,95812953508670	6,49053164729154
2,15852600016383	12,20225880826570
-12,90588849550120	6,40876810786991
1,50005048959001	13,90505522919760
-1,12774058895215	13,00032208610230
-1,58554850053219	13,26350512379950
2,54737997098367	14,01781538788460
1,69220412028250	13,65636503620230
1,20687381203003	13,40133741339810
-10,05198592845330	8,49912405823129
14,03833647660230	6,00293609575240
-11,52134763499540	9,48235026325675
1,30074991544074	13,56256277924940
12,34382473707140	5,48753523632267
-11,52705793133920	5,18439728621888
12,35115218692460	10,04927961077340
12,75794612454330	7,57779990750701
-9,20377422908084	9,11763413631204
13,30226973928220	5,85166752427966
2,41660741284833	15,81583304441620
15,12766075597910	6,54371561314336
12,59557568687050	7,95345680581018
-9,83057627065634	6,82762376378132
13,04535221560410	8,10226799806606
14,03395014618520	7,05626137085627
-11,23735067692060	5,10601986997132
-10,43799309416420	6,34477690609363
2,85749521984900	13,49604646392970
-12,26039352479650	7,22300680916550
12,14555077187000	8,85168324766452
11,89213798577330	7,13342037470651
-9,32186340434116	7,29839951880700
2,97418160523869	12,80092579477920
13,81615411829640	7,86771089930660
3,49794691148141	14,58775016397970
-11,23822071221470	8,42622274786226
-9,98719758995215	7,25082095417621
2,76065854033708	13,37247155793920
-10,85128895125430	7,00810592035210
13,96289252749280	7,12188116226867
13,20146998657840	4,89524244170758
-11,55766827019060	6,92984828852391
-11,05288766754720	5,58735299495181
3,02118994196925	14,09289961365900
11,92888977576820	5,81862739483888
0,63616040278359	13,74816596068850
2,52772279843270	12,65598260403710
13,73481283343040	7,39161804137681
0,95429992934734	13,44130108990250
1,05088307058457	13,35225177284010
13,85087334402020	6,58884829154937
1,22661952158157	13,29204834409270
13,85443044708070	7,03321169191625
10,27736350823910	6,37448407238712
-10,63589844906190	5,78733601275208
-10,41631491409520	6,02363974865999
-11,88492664786120	6,27379637333101
-10,48570986269880	7,34370960242130
1,99577819256219	14,04687240684900
13,88563672080810	5,26449997874103
-10,12116989567220	7,39784305262022
1,27477637806212	12,66806445168300
1,98148991162835	14,35595818439330
2,64182074662030	13,49727077003370
13,84984733335150	5,57849024410557
-10,45900599028800	7,73623907851807
-11,13062657051930	7,58567565339049
0,31867921639899	12,48232650516790
1,86518882393272	13,22226061483110
12,34247300134470	7,34611097121132
1,16210680018875	13,13998532546480
14,96634009006070	7,44579436431629
3,00834380089863	13,57325001080880
-11,02115940293440	8,25527287535511
12,40549637152410	4,25873379499799
-9,32599196410074	6,75557639821556
-13,04399412506370	6,98775612360742
13,85404109534410	5,37651513031335
3,21598676898923	13,29674318097260
0,81331152775136	12,78738265741950
-10,79293034292060	7,82830073806144
13,37627632392700	7,57971241945794
2,98165413493232	14,02971811901400
13,48340690316100	5,34689077069191
2,64840518782104	13,34927673716980
-11,86336807973760	7,21770701162220
12,71285375593540	6,68928476778885
-10,13893671895320	7,99664629706373
13,26199927616110	6,75906095517854
-11,78969448559730	6,96502463106662
14,08923365673730	6,14390458322870
-9,98108074158896	7,99944955795570
1,95638001572471	15,08223596795210
13,67521024010110	6,24731356282082
2,09533661509970	13,63875673431320
13,69066939660140	4,93793148528068
-10,59707116730350	7,24040978078934
13,46478617099750	4,65052868111286
13,66644578829540	6,69364195056382
12,76310747994850	7,12076625289742
1,85764090836764	12,52921914651860
2,93607144494611	15,08694146943000
11,40993127071070	4,65844922273881
15,38838256554200	6,65587346970964
14,50881831092000	9,38809323978025
13,51537688992430	6,82946426337868
14,11483201191340	5,99295879679671
-11,36024458379690	6,56712516949994
12,78982988824080	6,56743502784097
11,67799388918700	5,68092388401713
15,15690631367280	8,09242177521359
-11,95758113845970	8,08866983371711
-12,19471095878380	5,46984900211091
-11,19503428313090	7,94142022182209
2,78315854716777	14,16800185988920
13,55713430779740	6,67337593200672
-8,97626738243301	6,65434339521153
0,93933063062265	12,38744544655270
-10,45901070961980	9,61740260042724
2,00841600818159	13,99094314670140
-12,03810339461120	6,66059335563575
10,53833426230040	7,87782319273705
13,48609857838130	7,59926115048366
14,56048148599820	5,37377627666196
-11,01968672465210	9,04630361525001
1,46371742041732	14,01987349366550
15,12955436200230	6,54082859367141
-12,31023898910310	6,60609810616388
14,33082153461360	6,26295379076206
2,07129489369931	13,63424836889980
-10,99400309518830	6,52607055230131
12,50859262003140	7,20260912154579
10,93548890499260	7,08116884510432
13,62604073195470	5,38712200763805
14,00958525951520	6,40348268267502
-11,75070995861340	5,14891555149898
-11,36677102279010	7,39192197327854
13,59799404523610	4,63543383165017
2,91661576874868	14,10518117074440
14,43256844001660	5,97421399002657
12,60457645944480	4,66731497534743
-11,84539767930120	8,16091982557047
0,44506520874609	14,54612686468310
1,30892773397962	13,75830747893120
-11,08437737400040	8,52461205551098
14,12160438356110	8,01235273002192
1,54574451815117	11,90678470277790
13,32150691592510	7,61938539862059
1,35411603643642	15,17283619499590
-8,92286508758347	7,82398283881691
-9,05204007991563	7,90665452721189
1,94319644579223	12,94380484076660
0,35885346117887	15,02639353628450
-9,80384356753111	7,74465076629975
-9,41071023546340	7,27886055587344
-11,21026866579700	6,21509611245276
-12,50620346182590	7,57552262538837
2,33180960396823	13,91420426185660
12,28802011932410	7,62029983169547
1,58995475025353	14,91771051357850
1,53792557431054	13,86950519511460
13,79917997600450	6,39371402377223
-14,12873687831060	6,93742995087570
13,56871982184520	7,73753203759297
3,64045201547527	13,98719172798150
2,75928211577660	14,37787859683840
-12,23832114752550	6,63283659731763
-11,57350101263600	7,88435538485627
-10,25463255050850	6,67416795846827
-11,38593132637520	7,26589442070582
1,43498587585149	14,19851255168980
0,25518407094798	14,35251650534510
-11,13996941037240	7,03046232735147
-11,70619070359980	7,67097172912001
-9,93239289098632	7,34736090867677
2,22575518125431	14,91408448803130
1,91949501932183	12,89373410274920
0,11072582986163	14,11525314791780
1,83217571490954	14,99923717123050
-12,04093121299900	6,55491994186003
13,52074881989100	5,85281005578853
13,17533993801210	6,54319583580518
13,85100628954900	6,52907404548226
12,40499467213800	6,28668044021993
2,11178948403629	13,21227182288950
0,35318082686664	13,20921773309330
0,18203785067340	11,53201096419360
12,44467873004190	4,54358251738947
0,42473795800398	14,46713462213650
12,73763415649590	8,07387194439995
12,68228148800620	7,78398830769296
13,13782324309400	6,55956430119598
12,97515786802360	6,93435783119467
-9,80576905004876	7,36814030714360
13,48435103502830	6,87494506338553
-10,61287607469200	6,14308494691580
11,58473926029470	5,77477998065309
-9,78124442572601	8,75067422088070
-11,26678842432560	8,79954594400035
2,71872480194346	13,36682648465840
12,14933303779140	5,91804607265330
2,44890083675091	13,24028820747660
12,17910180552390	6,08083896433150
-11,12330372196380	7,66935503748713
0,69295535881683	12,67710837795340
-9,64283344940628	8,26636208469981
14,03347491240750	6,98391347243651
-10,34110769503010	7,78947322653722
12,77570254487530	7,95351033169746
12,93276439292560	5,64612639312200
2,65181537626434	13,14245131212240
-12,03609313755590	7,62937580853818
1,71595700982572	12,90045965426860
14,20013303607880	6,75989839313107
-11,14941472645200	7,26911871542586
2,11697172572277	14,43666907326480
1,56013515794548	14,06241406133390
1,46179849030610	13,45794772555070
0,45690789722731	13,67726994815340
0,77258438238491	12,99052618850950
12,00327559433890	6,50765210776755
-10,56031006481230	7,39557612077064
13,14185084353960	6,59300495540058
-10,24348615085530	6,16258118462776
14,81888715060160	8,76374476469409
-11,30770355391090	7,19191288308365
0,44321049433934	12,55192432784690
14,96955913638790	7,58327710959690
2,05630300998981	14,94049467228700
-10,55020365261230	8,17546258728662
-12,29748931329820	6,25342907446328
2,55825587211160	13,79136005714100
-10,73874855380770	7,73364560181876
-11,40493605651490	8,36185258410170
2,38270541545527	13,95171235163960
-10,70066701822010	6,93487581750753
11,92120352806620	7,39655446650552
13,28051398513120	7,61129218643919
-10,46045231752370	5,71129358547288
11,02275858654670	5,56682193419763
0,39320958501451	14,23426991265470
14,02572321342150	7,06912796598803
13,28979135679130	6,80142887719360
1,73332836919304	14,05132235781970
13,83025645859350	6,09514880089954
-10,87439797788090	8,30186944961107
11,65217945147530	8,34204402189421
2,22457112689964	16,37730567520750
2,85647971666827	13,55305733327460
-9,92567485993318	6,06299894444201
-13,20378238685530	7,23647759842137
2,35383522039497	13,29482275792150
11,72625376505510	6,35273528549025
1,77957160742195	12,16933324704720
-11,41358775620620	8,48432360654416
1,53178192984769	14,43710028896300
14,11122321782570	7,19065698803118
13,22713179788990	6,19329816532645
13,80710462243800	6,76644249638877
13,87298493413060	7,58493459875356
-0,08787828333989	13,71651413008460
1,93704997408794	12,54378579560690
2,79195330024783	13,31081760003830
14,19611699812590	8,16206816060762
12,99061427236250	6,99040958926148
2,55701296821149	14,50392024657430
0,33779501249017	14,36531049789620
-9,63448821726042	6,54276994110834
13,66709328991560	7,83197217997815
0,71383844701731	14,75533659054840
-10,68984984854740	7,55208893105796
-12,10874905968980	7,24074564177293
0,51950975867602	12,93158598115430
10,27315359435050	6,64742812263353
-11,79151793969140	6,61518587977654
1,87583271616811	13,34353899849240
3,16588596689779	14,73306893805440
1,49172194816271	13,53512809939540
2,47489157850178	12,37316206431050
2,38525377176936	14,71653322749550
2,16090792929912	13,23489402678050
2,58772554662924	11,16472456482030
3,85792496358612	11,61199833785540
1,78624204417359	13,00485091243870
12,04849979132520	7,87379463468279
13,61695746639230	6,97058020822137
14,37912873456590	6,52927934635393
13,62718851848360	5,63439963744419
13,10703765194690	7,54279798528508
13,52405305761880	6,01889581112199
0,20433835905706	13,82904107859200
13,01041109422430	6,38654819442522
2,27872670205352	12,35813528372910
-9,65525507970582	7,87664985142892
12,27099717852010	5,09134967741063
2,44457569475945	14,57995458864690
1,26133817253411	15,47711346604850
13,54441851306970	7,01212038502155
-10,79459118386470	7,13706320038511
-11,67904119756660	6,63481917841550
1,05340451748173	12,88658153705680
-10,08483805763800	7,64674303309777
-10,87263789265950	8,00425861844056
1,71362860923601	12,95384198772610
13,73374822663380	6,40946796326251
-10,89343099005440	7,58435404088319
0,73974588693064	12,31844390624570
13,77071493549380	7,00849893085396
15,09134890310680	6,15767186035939
12,92654747150270	6,53069585026194
12,96046026574870	6,71460452807769
13,46807225185520	6,95737649992865
0,42483206165298	12,68482762337630
1,33345179504452	14,94174903095160
1,90654489941731	12,28196975587810
2,87173246637420	12,94869177229380
13,53130951287680	6,75176996513365
-9,20665961425372	7,52006574871609
-12,55080232430840	7,02924684865475
-11,08855956289600	6,91182994758575
1,81265070167043	12,84801138490890
13,22809144113310	7,00520132483916
11,38629835322570	6,60397737307570
2,88022730473971	14,03766476338220
2,22431055492396	13,21523317571010
-10,31097410441850	7,10735976471648
-10,84408564838110	8,17107574187784
13,85482467723920	7,55318767424829
-10,64264110576570	7,82498095952884
1,32431791787308	14,05978680369510
-8,84587337297079	7,07662416114773
4,27961013330826	11,47722695525630
1,79889082934090	15,39516213621240
-10,60398073016480	5,63238409507477
11,87790802929620	5,46455643792820
-8,66789745079020	7,36767797953552
-11,66261337546420	6,30012396984457
13,51981079301060	6,82912587847552
11,72043183499170	7,16055232536464
-10,31328863448790	7,12977210047696
0,11081367133268	14,29206760094400
2,45968357036004	13,78669581750190
-9,60592270939181	7,97779806057948
2,09657028670463	14,56473839988490
-10,76609306485460	6,28251057352677
11,81173468976470	7,89382057365178
1,10069290505866	14,05483744152340
2,12711514004180	12,50399299800490
2,82849914185195	13,18436018889750
-11,69131288233180	6,74549163775624
-11,96246191697590	4,30315927200229
12,51786855931940	6,50100693634324
-12,10976392611590	7,09051451238349
12,31292140038310	7,58935695582191
12,61512421291610	6,43862731184751
-11,41664540633900	8,69354198734531
1,09396073438650	14,28947027106250
-11,22999505082600	6,43700965640467
14,29610721440130	4,19541344594339
2,65026767039563	13,04029788226840
13,91069187340330	9,10479953476074
2,01924712367610	14,96464871558810
1,80103843177304	14,37832772597140
1,45281684444548	15,03946222711060
-10,06853792325050	7,82587888490765
11,52711565244370	6,64559381630030
-9,91658656954860	8,85731852759968
12,74573881051210	7,25196699482504
14,60728288018620	5,98395914135261
13,42610401451390	5,09926311046202
14,00700720309320	7,52856480064351
13,69206923232080	6,02033723414048
2,03054515548911	12,69336178342410
-11,29735755228530	7,84293008617906
-12,67754798821710	6,73016857052694
1,52337295187805	12,72657457259170
-10,95382598512780	6,30084487130573
1,71303039384177	12,82039833912600
1,33299888791428	11,31031279327170
-10,92171388011470	6,20201753441398
13,94413876302480	7,37740434273974
15,54941356188150	5,89907600166692
2,29446096149331	13,88462632596520
-11,52932399092710	7,50339187647899
2,00061658262231	12,22925666164320
2,54583408459250	12,00762322029890
13,75855308787880	6,32433008654996
-10,80945200538930	7,27646517579396
13,59214633404490	6,89802528191327
2,79320571470953	14,66681542080070
13,45666369367770	7,01087738712378
12,99660856414510	8,01179109933123
3,07101189770912	14,91289775523070
-11,42009570874050	7,89530402011136
13,02943993782170	5,51616461915194
12,12317999001460	6,11515594179867
13,00369321732060	7,31787678753448
-11,38523188967750	7,28313080720293
0,80039764309948	14,13180297274280
13,47653800779530	7,40763552513242
13,35535617375730	7,18780753013279
14,92420382337610	6,58105586846046
-11,25187214125340	7,70504483394771
0,76228478774319	15,53597027418320
-9,60939913664326	7,38610227032082
-9,38785513370307	6,84521552883908
13,18509697143740	6,12823916298402
-11,65645042257510	7,04482031745622
14,70875149342950	5,25622210931481
0,74512888361793	13,22781951050110
12,58021616616060	5,26180670947321
10,75743797455020	5,13538835392344
14,62789074794180	5,47814803582578
1,70311116018951	11,51842535876960
1,74894851133187	13,59071651247150
15,16481265677470	7,95775249734715
2,77837154314453	12,64029312696670
1,12040805161102	13,07031686481940
2,10066953820117	14,61901241836700
0,80398503217093	12,07831128736440
15,37854561357570	7,89135702327770
3,46634277071984	13,49813919981430
1,22260427401209	13,43588990685480
12,78629030343070	5,48881802974663
-11,41236537250290	5,69667345514871
3,46731037687474	13,70888108657790
3,25082102174363	13,04765120672850
14,49685639870350	6,06257485918747
-12,39216968947030	6,19728120728340
2,89811550301198	14,03213665810440
-10,01866537412800	7,64675371438172
13,02083984890200	5,58734639698843
3,38448758135407	12,19835382442930
1,29796500673737	13,61325387633720
-12,57908203582140	7,13567083035016
14,49775541562540	6,53851378301261
13,31757946966240	5,78440011738200
2,20045724247778	13,85130764155960
0,56648032798983	13,37059855761570
12,93082750789200	5,89035437126251
2,12134169697075	12,74997796644600
0,86985829816349	12,90974028957800
-10,94806508895320	6,21830385702698
-10,39816723310660	8,70985648868637
-11,02034501329520	9,87517233794559
13,55409343081770	8,40626188500032
-11,10055971098730	6,03323288161238
-0,13589409078025	14,92295959122690
2,50866777553311	13,99863374371200
13,82699225426160	7,17753110168020
2,33904387051809	12,76670080923550
-10,79359977885720	7,45056509184621
-11,19653336065850	7,06011657322419
0,49620322555111	12,41921567213950
13,49513686477810	5,02989969026428
-12,70889854770660	8,38972056863006
12,84701318175390	6,11714357549779
1,65931849432913	13,01268120131260
0,88244526627781	12,36591192251990
2,05437170511135	12,88632837530150
2,07468991801500	12,98574378548950
0,28188696511352	12,94582065483650
-9,39017906455003	7,39005399543963
14,87234696263860	5,47760803715128
3,17493675880237	12,33949753689200
-9,21122068821854	8,17895406638296
2,04701838712000	11,96288338514460
15,41716349188720	8,60224705467991
14,40019846965110	8,62457839925314
2,01722060559474	12,56266862518270
1,71501675953810	13,91493173684830
15,61184212164430	7,01268008786879
13,72215013784890	4,60672588472472
-11,96373837854710	6,87102074517598
-13,99657979925620	7,39243650433730
-12,54200617674400	5,97995571201417
1,49467731640256	12,43138571885810
-0,26380058277932	13,49216789292270
2,43310380195429	12,69277389841020
0,07945255405762	14,09957979907390
0,85677138965674	14,37994777136460
-10,44393698682050	6,39096972137642
11,86998420653560	5,84476575382995
13,56510500392780	6,94782076501679
-9,33344373847732	7,38480205555733
13,08428073257560	5,42970257286785
-10,87691204013710	7,19844620984560
11,98786058441220	6,92814407783425
2,78235375964419	15,29015974299370
-12,51417164096380	6,40370956284555
-10,72236369308910	8,29460724776643
-10,99311652249500	7,04624293419292
-11,14432265873340	6,98466559955758
-11,52008712292700	6,51966801277108
1,81493450330315	12,06913151606160
-10,57610548876100	7,59066978192972
4,84655329953722	14,27458368020610
2,53137579364610	14,84211761586110
13,10066931004500	8,28809873889496
13,74692415401910	6,15534398593416
15,17699458769940	6,96210699535489
11,22407578128640	7,32280827312989
-10,68440506330370	8,12910171672101
-12,40755161292720	7,88966622481801
13,44173287517160	5,21225391289276
13,74873781988460	6,07870997049052
12,55073167034680	7,00687880066419
0,34388217372942	14,44484957338470
12,72058049691270	8,48404389007306
12,86449665484930	5,97257692809763
13,39456652418640	6,49076129544561
-12,39052568066390	7,77134000216321
2,00430471998284	14,16883263893020
-11,32803175359710	8,35115088968518
-11,55745890979460	6,06584603831812
2,32910202952496	14,63946404779000
1,85890022651560	13,59836352843710
-11,59795220294170	7,79660858980393
2,01898447351014	12,55216845185770
2,29573592869324	13,67689712046390
-10,30157426127690	8,34624565060963
-10,33547635243280	4,14903276537894
12,32450676894400	5,62467222326734
2,16922351065289	11,21762618771890
-10,49451008231280	6,98756638569436
-12,48717369169610	4,65400128155004
-12,75461458731370	5,97877099772958
1,41965483190525	12,95791182685300
13,12375626667480	6,21706431902073
13,61878960856110	6,73473594964547
-9,67496847194206	7,48984736438158
1,05490477214370	15,19393882596760
3,03912036091549	14,57751233013250
-10,93702341445490	6,46427885936971
13,84119378754620	6,66039834367581
-12,30231931120590	6,13542827812638
2,45563608490266	13,63718165700630
-11,77922889047270	7,11376899631294
14,55697687538720	5,92538704099453
2,30757700587391	13,86334325267870
2,32387886392335	14,59790264045740
-11,11310817577430	9,01269461937474
13,91842824891800	6,38863548073500
13,82532855031460	7,40449309131334
2,87151989733937	15,27411935756570
-11,06238167460780	7,27044206437497
-10,18847871720070	5,43473839527125
1,21746383942796	13,07820435771520
-13,34448513419270	8,90148417854251
1,50344631201612	15,66720732905890
2,37507616795343	12,43945394410430
4,06455624828789	14,29724166227370
0,13785100070330	13,54732722720000
-12,05084922124300	6,28433097006850
12,20480810996090	6,79303943335293
12,40268306469290	7,92390016413397
2,42671705419200	14,80268407374490
-12,25054568678860	7,59657102423515
-11,20028533424260	7,24714682358575
12,67935110841220	7,65272813683307
0,81300417080085	12,00907330541340
12,93969130947640	5,31090041048850
12,60262492732680	6,11630694015931
0,87351705724663	13,73508151016270
14,35169945551750	6,73201371018739
-0,26825257698661	13,06591637312450
1,84918832579257	13,61098589968070
1,71470173518873	13,69996134736680
12,28230885024050	7,97622059739893
2,38604861087104	12,17277617203080
-9,62084440472902	7,71863745492018
1,74280307814811	13,77746735623790
13,60770683126160	7,82571673268233
1,06723548006861	13,65625620762230
-11,42485557295390	7,79529229081229
-12,49025981623150	6,74102103526644
1,10350635387825	15,31073252019510
1,88857785298187	12,42110053408400
3,07847567776948	15,01504617283200
2,09841280909571	14,55606552086070
12,78410997802760	5,68546490959390
-11,14991975279860	6,88903817958301
2,06875253370865	14,37505881892340
-9,94033060631486	5,48583070098290
1,77740849044660	13,22052720689410
-10,20018924944040	7,29751227356362
12,20670534799790	7,37187130378182
-11,43202604627500	6,64408073521223
0,96466458372081	15,00907083600470
-12,44640143426980	7,91269876819755
-11,11548060277950	7,16224076604345
12,09922932905970	4,26506681448636
2,61104784817061	15,16583081055650
1,65536375920354	13,10312075453380
2,34227125006738	13,02212546465890
-11,94574719772100	4,60540037825840
-11,07567592975710	7,38571324337522
-11,98834877847860	4,33778070325530
12,02995293378220	4,57201791656819
-9,60424884255653	6,43641173305686
14,10582104997070	7,03236721783997
0,05628104003665	14,32743054429980
-10,81855951766510	6,50475104534997
-11,32786522355210	7,60228004379914
14,77872061251110	7,07709331885544
2,47474446583816	14,11893500690330
14,06319171142880	7,13777061934273
2,04608661278103	14,77736237604260
-10,97140175914010	5,98628191069891
0,35017045837306	14,82948284216880
-11,77246528957530	5,42023883819735
1,32097607981087	14,72758247091680
-10,99345641931360	7,72930052163941
-11,78013679928190	6,10638461857165
11,82826202745830	5,41946589243189
-10,29898412257560	7,60038675252357
-9,83353172659615	8,75455423537471
14,46870408175290	5,72201304512719
-11,60327117498980	7,80650309516718
3,54765529537568	14,19963055622080
-11,54999140041800	7,60982146400553
1,95473852531225	13,61845686601880
-11,50583571581000	7,51184018434026
3,89871052717831	11,89629381506150
13,01930188080560	5,77513116892866
-11,15482686889520	8,12694509450714
0,37279526797131	13,01630147626160
-0,39414956671599	13,41780189489110
12,69459970980190	8,34184630720562
0,82697198000921	13,19912840745640
3,01422401200423	13,58752797147280
0,61830997393103	13,13048024295530
-9,23749178306914	7,05678989910389
13,71356340621640	7,24642482941791
-10,70569189052320	6,91788940024904
0,98003052420276	14,40384586549380
2,89708626307998	13,60028414209420
13,03640594510600	7,85572126382805
-11,63299260557350	8,42928505620154
14,17461727081840	6,34546657172474
2,56656014427951	12,37792255732000
3,88809448460886	14,69955389903100
-11,27875331963280	8,01357577784217
-9,43873095377540	4,81439061717783
13,74405847517540	5,65837620815324
-11,34079195659310	6,26255811360437
14,01197798256810	7,23339826876732
12,80745318395270	9,16092596078355
-0,35019808200423	12,87456730030930
11,82760996699780	8,11231770763978
1,15913303563473	13,67458364360740
-10,60612844548190	7,06621117226264
14,28615467804950	6,26477668266770
-11,89350175549080	5,61465107568301
13,00665726973820	4,23481925988832
1,27572218071517	13,33178999960110
-12,91126281776130	7,44241046814207
13,70015218138720	6,42205369297644
-9,23173978240100	8,68062592540626
1,85308773353679	14,58601783463950
2,68787957227166	13,15025578016640
0,30259426979695	12,76285345826380
3,13628274272040	14,83090612277950
11,19524712354020	5,98811290237523
3,17261379290370	12,18325404816220
-12,02300414951290	7,93034068047566
-11,51358508854240	8,20366175558540
1,28210988556041	13,20116680735310
-9,86097932587707	7,64375404398976
-10,84806984221900	6,83929528745859
12,79233029563360	7,68466975211455
-9,97089478849180	8,58884609071862
-10,59060420487210	7,83161674761190
-10,29962988520700	8,39552505741418
2,49340058275887	16,15881937656770
1,86771693473373	14,22219426210740
-11,08912609461450	6,27863389853343
13,81466472164990	6,26015443714014
-13,29714391754000	6,04610698206857
1,81849977703324	12,90003968237640
-12,16361564324490	6,75375162920460
-12,04558452445910	8,10633811821362
13,18203526712540	6,06597060428794
-11,00727137375230	7,54786344672316
14,45112078851560	7,65025970539043
-10,00137479685920	7,94011445571231
-11,01522554183190	7,23220987671211
13,48783280154310	6,99534931669838
-9,54744288814520	8,64964242918113
1,88961827211641	13,24656815595780
2,25279475952065	12,41142515072090
1,78131327744816	13,68580324710340
-10,96427359016480	7,84463460077769
1,15586391352374	13,02162231971640
12,14871125047800	7,43451037228342
1,38570143130701	13,76923754702880
1,72025235400863	13,37180013412400
2,22222590866802	13,62124323159500
1,64380147356751	14,40825285940180
12,31990778107620	6,56465732586568
12,75867321064930	7,01210533630829
14,21698619656860	6,73560590982860
0,90924819968456	13,47950532107230
-9,55211278416068	7,70096602375076
-11,50948533187390	5,90689318053512
12,36829104072660	7,23609984827690
2,45150643935889	13,06140464613040
13,07299954673370	5,43869190093564
-11,40632601860610	7,65007844160966
15,10494237920300	5,66234449026551
12,73377768483010	7,08199472748294
-12,22412099862460	8,72013254301836
2,82057577174458	14,16296200916200
-11,38723019006560	6,90686568062893
1,40907478058939	14,49199622009220
1,58248815204568	14,78747645602730
-10,77852981624260	5,52682297389573
1,85062269230299	13,65975415255710
0,70260098095914	13,79666960153610
1,61609890307783	15,69545358161740
-0,01498458548194	13,16078173741690
0,38691916276393	15,67625815320320
16,22820120367800	6,75224946116874
2,33420240985913	13,83446840744860
0,60271669507336	12,64219716709950
2,52696244268568	12,54096020063450
2,92703662675148	13,68718190463880
13,96255053681620	6,79041910678993
-9,46479743949887	8,58220085011859
-10,77097895494320	8,07736073820683
13,33733750548690	7,52712827668232
12,21000329763810	7,04675655417754
2,32987508632332	13,37120378151420
12,77902645938070	8,16727208812072
1,42727182335058	13,31538082155710
1,34247001357497	14,00227448790600
-11,00434364814520	7,36475681694662
-12,02864679287530	7,24556436202187
15,27177257569230	5,49633018867908
13,13605490986250	7,87581013011067
2,39752787174550	13,25872271597690
2,49731420323393	13,75644102746270
1,54111681744149	12,32300133246660
-9,86554680916031	6,36934576224809
-9,42639754282132	7,96767509051438
13,31240995366350	7,46647394699127
-10,71497960899760	7,52085263153978
-13,42844686222960	7,15831430559183
14,12114532992820	6,42028510179027
-11,19079036332890	7,50409800144009
16,20921232136160	5,51495320785086
2,74774604468987	11,55853639956380
-9,89536500369729	6,08568117329362
-10,64000648648370	7,08713679616619
12,62415749293870	8,21696188989994
-8,52001270053762	7,34911123961796
1,46380655392749	14,52202800837850
13,61404190293120	8,43648979910686
13,57286688038080	7,03501220856975
11,46125371703560	6,91639620463705
1,36638887424173	14,36371283069670
2,12977086178823	13,44339432813030
-10,31402188810020	6,44692752827783
-8,96355523159660	6,36697411050813
-9,40413739322055	6,92715510646005
-10,17923268493370	7,39779583540914
2,70875963517305	14,33527415269350
-11,20515215515020	6,21998855848865
-10,40995597042930	4,68367775893547
2,94240635891287	13,05312414239170
1,28263699175878	15,04210785496650
1,57992090249327	13,60341050501280
14,22633480607200	6,37964560546012
14,92960017871360	7,45489164839590
13,41066619564920	6,32710231950949
2,26299823716792	14,74700641463290
-9,60859376181885	7,51344712621349
1,16200678775450	12,97544713583990
13,40197973839360	5,41689089999966
13,35802963948710	6,38500536445208
2,47804821913949	13,07447788809030
-10,86507215731630	6,66118169942704
12,14406255322400	5,47972736573344
13,59183622179320	6,92573872212866
3,23460710934207	14,19506485293080
-11,22887345785350	6,25736362344612
2,40697118416201	13,57731563813300
-9,86769029670262	7,30876960133790
-11,20883179951450	7,26467210416953
12,71297697732870	5,69899447204649
13,58815951152750	4,75122087668297
-10,72216867030180	7,01201700039487
-9,16034866107385	7,87947795843264
-10,72507498297320	6,69650617761787
-11,47374001495760	7,82964692406989
-11,05255686650660	7,42868739073326
12,81197568972900	6,05747947477543
1,61737103374818	14,00021640233430
13,32543026497260	6,89320903666147
11,56425758996890	7,90524776054434
14,04314026149760	6,22122542473666
-10,61714697852620	5,67709896143257
3,29176470522314	10,81799162841850
12,71554173720490	6,58102435101865
13,67774300285630	7,69349026341654
12,76926866742860	6,02361072690608
13,65394374376970	6,67622461728779
-10,26127294906870	7,77183013863682
-10,50787037202210	6,63949678890211
2,05641075668202	14,09020350830400
13,35559291043270	8,00959482702295
15,29897492013580	7,17852637950891
2,61811543025497	12,25090222924360
14,36656134400050	6,19989596375685
13,41153509621410	4,37571439719112
15,32888738270140	7,54266094497781
-12,39560217304690	6,17710417881174
-12,04164520832320	8,95712595686817
10,88773777515040	5,69734927251011
11,64459054454490	5,33858143462550
2,80144878992946	13,85771537389440
-10,02941181682190	7,50683847382396
13,72301073313460	9,12497022949789
12,93457365208250	7,37795843098853
1,68845546587058	14,25301516572050
12,71836178662150	7,15148281222168
-10,29797845733680	7,35962137710792
-9,16121875843651	7,51333397932868
12,39633761176070	6,70203114483539
12,77693460456660	6,95586271633714
2,63813397631805	12,34182867902370
13,27959936834040	7,43571078800170
13,27764205217070	5,13371823679225
-11,12530679314820	7,40404287259213
-11,25516416216490	5,66028514159994
-10,59954519379800	7,28000547048405
14,49096642719660	7,69379840522757
4,31524633387516	13,79088849789770
-10,51552987015420	5,82230421627503
-10,50636337837700	6,33292787213380
12,45876980089550	6,61313720601966
3,80416382619101	13,43128797088060
13,38367227040020	5,35055880192481
12,57770913093210	7,94959568678548
2,04248517670473	12,67884805200370
15,64675454793670	6,23162831512362
-10,57677966936760	7,37887761449408
-11,47528209032460	6,87958887540370
-10,67938481227270	7,17802283499788
12,61495354610110	6,07608568236685
-11,10953111720610	6,85710411488594
11,66969670055620	6,37359052837651
11,32622989391420	7,06822075722165
-7,27624368270035	7,62202527412696
0,59225234620155	13,67509712659460
14,56446670517640	4,81015287683857
-11,29741746392470	7,43147608321995
11,45564229364780	6,24227651164401
11,10625203220660	7,01866464883923
0,43973256741343	13,22125069021350
-11,02671929289620	6,61800930814200
13,42582950279580	6,91818072603404
2,24384284826658	12,78837362732840
1,68187399482098	13,51184028380910
-12,72779091309200	7,76326600114304
2,50926504703248	12,69412833334600
15,15574191744150	6,06770487653706
13,77795888215660	7,29461228795160
-12,39379630680460	7,95556666489823
2,26050855246523	13,04266123653330
14,56996364654510	6,73602384788614
3,06401237737502	12,28634928344890
-10,00850558195980	8,23141003830694
0,12041354383878	13,82474322467170
14,72628848897740	6,86834290554868
-10,72947188266730	5,77743858379773
13,84531101813690	5,54347887401840
12,92625957751360	6,81633542384655
-11,11746797301650	7,55023666974165
0,94911984110563	11,65982758903180
-9,30095848407799	6,12990831061564
-10,95229931773340	9,04733169031370
-10,98669365193070	7,23844280055693
2,90190616522288	13,71635704760540
0,29007182612519	13,45164529481590
1,59193304316371	13,51379923177730
2,32871461888299	12,79189949195860
12,58098020961080	4,25376464846575
0,15840007605488	13,30441361891720
-9,13865806701557	9,17067156640204
-11,03894139587450	6,96351627333028
2,26345188721535	13,86732934357000
-11,97201879895570	6,87929000328213
3,84996685822581	13,07070444856510
16,55971002365100	8,55121738001538
13,81571029575850	8,63712847139426
11,61916205286270	7,17870652248277
1,95329604513005	13,09956726984340
-11,26704151131860	7,80876710043897
-11,32361524721910	9,39914514161434
3,90793146058821	11,46033124713400
-11,06393770411390	6,87065327086585
2,72536200656540	15,79087748089020
0,11969016774966	13,27727044670890
-11,17460735458310	8,65071469976103
12,22908943168410	5,32040201506919
0,88113320938205	12,34047054073830
13,66174648441950	7,52538063380704
12,61208361414530	5,27944902354781
13,67927853057400	6,31106536849378
3,39665435706202	14,58841165671380
1,06188263803699	13,80131812703740
-11,87941199028340	6,48370199212899
13,26437625996730	6,27984291017196
1,41644114265196	12,47183918737270
14,78645927463360	6,48142561141509
1,02948477637268	14,75108083992190
-11,27447149697470	6,52096786506613
2,58786386234323	14,41305379005880
3,50201705748323	13,13789642839260
1,68580016256770	12,77107343733440
0,94458503924946	13,15817012648860
12,32728441556850	5,84726260504030
14,85525594421240	5,87238299692045
2,24393381551048	13,32686208254620
13,38819858558790	6,00171628978004
13,03934388779620	6,06669256427685
13,53799996681310	5,47143844081502
2,49252206457584	12,84508732626450
3,18462858212064	15,11477201373120
1,54846079128527	13,60010206069580
1,26252581311299	12,93832132108660
1,16581661090730	14,04828944504760
1,15942855941708	13,60583312970310
-11,09142556997620	8,73014235753043
12,19488545821010	7,51866990882315
14,01670257758330	5,83914743486490
3,60051005278246	14,49248415260960
3,06419242941347	12,92236444368910
1,24664715624929	13,66115744277990
1,83950245458043	11,47283036290310
13,89360291092460	6,43100658206929
1,95864313223446	13,37447212747310
-9,75556763941886	5,90158480889494
-11,32476904659650	7,94111117410686
-10,53597284263510	7,64842018606575
3,08115395466230	15,43218726035040
1,99383751414517	14,02842736099220
3,04285417180886	14,92127074615340
2,23416366939541	12,97095786034590
1,67677356968996	12,91803395657530
12,62784466047070	7,98670347379432
13,17116097584930	7,54753168480151
13,02358848176910	7,25581894242286
1,26859190309836	12,67712945413650
4,30871444963215	13,76893283337130
14,34623369367200	6,87138061848554
0,75345319354430	13,05398889333140
12,49826257312820	6,56031170601223
1,38198717966925	12,06162481016590
2,26394427590709	14,13610913411960
-11,21566883670160	4,91928666396683
13,39659671458560	6,60443389053218
-10,16350213557140	7,59290776162371
2,18883740695738	14,53684702737490
2,79978509723341	12,93110527822850
14,06853798786110	6,26497542557567
1,12624327826263	13,78564655015120
2,21535264331280	13,52619390494920
-0,90254618231774	14,04377511517940
-11,08391438487070	8,49610150668869
-10,58776380365110	9,65084755534429
-11,23578244727380	7,47963890807801
12,28663753883460	5,81365634442352
-11,19827405948620	7,37810231293985
1,33950726612842	13,13776280882360
-11,28102518482560	9,75741763743704
-11,35285233415460	8,30333172990939
13,46328762241690	5,16531431475720
12,19569644971540	8,60849935973400
13,82496253430510	6,05314888938939
-10,45067954096920	8,23350362849516
1,73793182679491	13,45009969385220
-11,57496835713450	5,98477376121849
-11,03936633141950	9,04243720191568
-10,91767536670900	8,90286582399864
15,59417536983550	6,39249317246949
3,27943942679765	12,99565935102740
13,48690810444700	8,37118504868517
0,04413964118922	12,73558611384930
3,43275194911168	12,70376780139390
-10,03230309387120	6,13290544759357
-11,92238121151430	6,18249581608915
2,58051388542998	13,64276188661130
-11,54899237469300	6,78190169491956
-9,46387440290516	7,24829244464957
1,24753677565850	12,80674866499750
12,41166297933850	6,44908125886996
14,05851659048020	6,44208339702727
1,00085228320621	12,92958515715660
-0,13923150335577	12,17153761460950
-10,84594392750960	7,45583593291383
12,65955188263390	7,24819162343681
13,32781642682130	6,99726066386924
-12,18408129865370	8,05706585390616
-10,26674612817510	6,31383206550155
-10,84169887624580	5,47173302745641
2,42981190696954	14,04853989661190
-11,53466427963930	8,16921198436945
12,79049877383950	7,80803107611205
3,22381537378663	14,35013698444600
13,29641700346000	5,91556484357158
1,26671529191147	13,58322351291730
-8,38194251622478	7,50419221341034
2,54193127098436	12,12492376577620
-11,50820603814370	7,02181739603220
0,77922251612210	13,48993155923190
-10,40668136143810	6,40195057400875
-11,59165944845340	9,18874783197087
-0,65285831308161	14,25438161269420
-12,84575663822520	7,04192804971597
-8,83906108293732	6,57229128702395
2,90429966514585	14,02750931235530
0,71268315917171	13,23983143768500
1,51613349220642	12,87808899665500
14,46109618483660	6,61952852715702
1,68553211665914	12,92087442999860
-10,73111738245060	7,58862685208550
14,05608091054940	8,58108082535395
13,31892443625740	5,90518283459659
2,08997095434591	13,63421618351860
-11,37198029807100	7,32732741917112
1,76812717064408	13,42994147264750
0,79247886411806	14,00785037333370
14,74729989901610	7,38703183112827
1,64927536818738	14,10669639684720
1,55872238321266	13,24518767224860
12,65868229775870	6,20179539618155
0,53226865104123	12,02729587983240
12,46468572446460	5,41505277742639
15,12915529417270	6,48251430895613
-13,14439493521920	7,03104891322113
11,73161286405050	7,72635755736797
-10,00018839563290	6,58593223825921
-12,65652654410770	7,51157685721741
-11,64410872624220	7,30816431925959
-11,88069635407600	6,43053706652727
13,21316303826570	6,50661148721167
-10,88409641328230	5,02966534156415
15,13878261685460	6,75352430461530
2,01758958040985	14,66531446841750
1,99118769133509	13,23303631742500
3,03754593040514	11,80686171050370
3,37288822803057	12,87790685983360
15,79910067640900	6,97402770628994
14,21133938144500	5,84988250996339
1,20339619168081	14,47441121067680
1,78146877346016	14,15239087449620
0,68631916786075	13,78828650648800
11,91438243588910	7,18898238658199
14,05861754198800	6,32315703988127
-12,01487100268520	7,65086107208482
2,80263473768805	12,85660590201440
11,79768613822100	6,82343259466328
13,32936226766440	6,28766918082067
2,60992790510278	13,20524026894100
13,32736282007410	6,04382626118908
13,60853828091930	5,40476609577092
13,71123720928520	5,77617655969297
2,19789438583215	14,85849051885240
13,94483195593510	7,97787219725177
1,72954881971117	14,69070648316590
-11,74638006565910	6,24274905674181
0,17152280555645	12,98852476584530
1,72515200523768	13,28797242533360
2,25635385846894	15,48608884024260
1,29352178223810	13,46598716928020
-10,13795493473690	5,64820277208940
-11,85049608718850	7,21810054840886
14,26509861090190	7,17345401348748
1,13011172604952	13,83203854900850
13,31900159810690	5,00064152353074
3,51059432614137	15,00276266952120
2,71202423960167	14,57510470212070
1,60363362853023	13,02103220825800
2,91319660105826	14,20066256934450
-9,25522644618241	7,55241223268484
-10,31468053553050	7,25074295295924
12,98150237365460	6,01566475133741
13,85488454745010	9,85649459627633
-10,27492517947480	7,91031455610337
12,65578415411280	7,23994620068461
2,19356341952942	12,70088496555750
13,04718593817580	5,23447164142657
12,48148958490480	6,65995295190356
3,84185743081808	12,90238835006510
13,83637214547370	6,76122589527953
1,42042440754837	12,88946184528820
1,42443919186000	13,54622026830590
1,38461682270988	12,29609600583190
12,39769932638930	4,91608064257143
-11,37136993465280	7,39116964690304
-10,47689370137060	9,45483077900048
14,48670019772650	6,41594326374772
14,22927982962100	6,78573575084268
14,17192381852850	6,56906918878983
12,01636558244040	6,17561891409460
13,10173578437420	6,34163632081628
-11,77145437548140	7,85787574229056
2,92658594040782	13,37469367218860
11,80159436599700	6,64188287920145
-12,85031962994960	6,51996022887417
-12,38870307345390	6,68349719799105
12,50035506023770	5,58668365353014
12,27086968092490	6,00926293216158
-9,87297753990825	6,78351261084735
-10,53281618232680	6,43600566482857
2,26388500098385	16,01738570643130
-8,68692615271150	5,61737771256906
13,81122437285300	7,09849415690425
14,14273679772890	7,34303097107822
2,70379524330204	11,76906717216790
-10,31907208096630	6,59552301178636
-11,49355789979640	7,12400470758697
13,61559288858610	7,92645803595264
1,88840342063743	11,87276318561470
-11,12272312239120	6,45329879956400
12,57554642702220	7,62602683820600
1,93711963122333	13,00227182553090
-9,92341167854611	7,70760303289065
1,90413641293839	13,99576236769580
13,63786468880330	7,39869708696415
-12,32312367905910	8,60686279730681
2,06807295068723	15,09547501955560
-11,41134737323170	8,58311534358262
1,91562305369487	16,41426409486540
2,16153329945800	11,83611100988460
11,72254283917980	7,08272240188988
3,82276710214105	13,61069962453040
2,21381157629217	14,57651217334000
-11,07487861499880	7,21222496438315
-12,56248762922910	8,24159316669129
15,11346482821060	6,77525469203016
-12,12630975464000	6,29011310710946
13,55596910207000	5,13137389657768
13,87875348126930	8,33153068089548
0,64349589727789	14,07785428953780
-8,83277067797507	7,58774968478760
-10,83812203608690	6,37740705757132
15,13629535481810	5,88192046097177
-10,07634343040600	6,09612255426878
1,00065946909569	12,34351188580830
-9,82175347599767	7,37290453896324
2,51229074589075	12,50168137819350
-12,30792937837340	6,46706903440675
2,27111099952871	12,08009244017720
13,93204399766110	7,54872976880038
2,37281330092220	13,54244892159520
14,70510067126340	4,44544006112795
-9,84240043810371	7,21461563094682
-11,35594028198620	6,63050422237400
12,27298704499690	7,30509065078835
10,60097341180570	6,55831350190713
12,36069624067140	7,59374154934612
2,80725132095514	14,80548309722920
-8,90729705880845	7,69547219547942
12,50822836330920	4,79438983551314
1,13606808466975	12,78960463602010
13,53563871501980	10,26640340077390
13,30858589119250	8,05071388214295
0,17033905026334	12,10392969109750
-9,86029360405539	6,06319808929703
-9,33019420736465	7,65753352583392
-10,22517372560270	6,02829427594019
-11,60420114896230	5,71815229317008
14,35600993268450	5,31681882604717
13,87055991645110	7,28226164903482
14,08370793386120	5,98743362250247
-13,44895731817230	6,80626044217827
13,10989266494350	6,50870271958395
13,41589431973050	6,05292908019626
1,55416898125456	14,17472830553080
0,77475464377849	10,97360188314630
1,87887619067139	13,26450110350890
2,63598795016873	12,93510655595500
-11,89328457728080	8,83962264339243
-0,40295863958790	11,95105682352520
4,13342128245800	13,60738345529560
13,36870350465510	6,18016243578789
1,41493351975065	14,25584759193580
1,06394461863399	12,47208624410320
2,11066088983635	13,73623717458470
11,71337902002050	7,48405433357332
-10,03860654158800	6,15391186679122
-11,93792863641870	6,87134381148224
12,89981747024160	5,07975619469440
-11,62352486853120	7,55029107595518
-9,58039881270430	5,88585542409983
-9,55877786315551	5,10203547425122
13,16140524276810	7,90427196800641
13,47977927165210	5,91940097229292
-9,45096606226963	7,41018375660317
-11,26652731078630	6,23426390718742
3,13720805174154	13,42900967790990
1,00816518490974	13,83248521301290
0,58093255517896	14,55686498357160
-9,88490219922324	6,95834214889196
-10,98931287318260	6,18565917596391
13,44324990589010	6,31207809917882
2,54342139807163	14,28608651007680
-10,43525538502390	9,28741035267002
12,69386978351560	7,78244818609550
14,60948021754220	5,48899906014745
2,82596697719974	14,63145968222280
2,28403295770530	14,93930170889040
-10,75643836213040	9,44991773848366
14,22472768539000	6,76735821111969
0,12222361243222	12,98891559210620
-10,54151097689780	5,59967917763976
-9,03117336013635	7,44347500912428
12,31963968750960	5,85120087493571
-11,79557613039280	8,60135592005112
13,73335679673550	6,81307597869497
-11,98074321374240	7,09339721289477
13,44410593619620	5,76902962650508
-10,99601880319850	6,98921139032618
14,05601129989100	5,96044244995777
-11,67765568005060	7,08809228617498
13,90870447264150	6,23555298016237
-10,58965624388350	6,37971028001916
-12,79998946883120	6,47959257487166
14,46850205663610	5,61552101022086
-10,18702542806570	6,81695542835518
14,34650820777630	7,29207736178278
3,53502307863584	13,04083218665500
12,83215526487480	6,87898445436452
-9,94680509312597	7,06947398106656
-11,98758670290100	7,80781092824396
13,56871801911570	6,35713954265825
2,57096617217865	13,28776851569780
3,47901370931654	14,16666102993630
12,64142362525200	4,21714027002412
-10,86234404821530	6,14578310577725
12,67892641553970	7,61772521731083
2,30558388260679	14,11848450662360
1,59491309573387	14,60547454277430
-10,78271194280430	5,19881843409341
-11,44652398261750	6,20770983658950
2,19717109537975	13,90376313942550
12,06835804123390	7,18217622983304
12,39007126315360	6,18966047272135
14,05792736122020	6,10768493031172
-11,02093153484200	7,68529322075732
1,80058351473429	14,18401623380030
-11,75103639319960	6,70752844510524
2,55617107723125	13,83552852471480
12,23763589408570	7,74167578227035
-9,07978414167558	8,71592901915019
1,41360258901207	15,25733417290550
-11,44831866318630	6,50257716639157
-10,07155635407530	9,45482565029410
13,00193053485300	5,24472232408652
13,91831814024650	7,54889995151073
-11,81481156360900	8,98427059926885
3,09119412545638	13,91712886653940
2,60156160141595	14,64771047178190
12,33005565777160	6,10953528262259
-11,38418987949060	7,54121245677016
14,23834186013070	7,23071884637541
-10,77718614977430	7,63080520406195
-11,85346081613320	7,04389026439957
12,91817212311670	6,60222972765182
-10,21883061803530	6,86890222708725
1,07702179068100	14,58791228454430
12,04246081039870	7,10337637809182
-10,93321646223980	7,15496545638294
13,26777597121430	5,32584690328399
-11,17234444406820	9,37525044672437
-10,68728398813620	7,17306675133329
2,98115265016865	13,12181246276640
16,09705977500570	7,60635387322903
-13,34772017669960	5,21078238335284
1,94370942037470	14,17248165776120
14,04632848993830	6,19394014716447
2,58254530353969	11,88414154021070
1,67393849955951	13,76131403658330
-13,28063967260820	8,76418398189511
-9,74698851777444	7,66430280193458
2,88206790019651	14,39380526012870
13,35604743464240	5,85979320171060
-10,48805077406770	8,85367362919814
-12,35751066236330	8,59846572437689
2,29021143202730	15,36828142909160
15,70122361256540	6,83667540975792
2,54702416584659	15,38157138160880
-11,23071622094550	5,87789469633656
-10,46452529936570	6,44919956757470
14,02434491481870	7,02428027485937
-9,77672330874215	7,98917441461815
1,64832410992468	13,18791212486770
13,76967962003490	6,56539308548550
-11,75944751213300	8,79745623553542
12,31196941572640	6,77927903939000
12,88333860458730	5,03636610525310
-12,64587386832690	6,79192827001993
12,06573023090500	6,32707685717230
-10,63181077420340	6,84677547137213
1,47933297178993	13,94025657974680
1,90053933689205	13,61103116624740
2,00634700515204	14,30138911729640
-11,53796930486380	6,93835653096703
2,16205217095156	12,76878854715370
-9,83716163291227	7,32098348728086
2,96733672990275	14,63393786080080
-12,08149448912120	6,63985084170522
-11,01327770758020	8,18000679832919
2,06093758007494	14,43522201472990
14,49874105248670	7,09313303213442
13,53551279767020	6,82152696704362
-9,94675112344118	7,25853242026466
14,06407739064860	6,65972329224953
13,59811009435500	5,30528537876884
-12,23187154661840	7,92522271820946
-11,91884336872270	6,71832626265293
2,55051617691638	14,39788850115900
14,19208012711790	5,83980796075440
-0,21695795540542	14,01319646905980
-10,58333470462190	6,27790586876503
3,45764785301034	13,13445212755560
11,89260073625850	6,28222066790528
-8,95349201009985	8,11834118317437
1,99864656877576	14,68837937734980
-9,71882998664890	7,18763849449773
-11,52420260780450	8,30010845784729
1,18904324824342	13,21346025436570
-11,36191364259960	8,89308791192452
-9,61151852032083	7,33885786639819
12,78056251417430	6,50721708673347
-11,96332310213980	7,27786955524374
-11,11626774390150	3,75247322981564
13,45465382712690	6,93935004386386
12,61048488464750	6,61243546868797
12,92124849901530	6,19009884321380
-12,91451787957530	6,49921372655769
-11,20898179025690	6,20661212876621
-12,10484186245430	7,10152432688343
-11,10163886114020	5,97398191419520
0,35487967938185	13,38844243412040
1,54567167200310	15,31133063710040
2,79440247250990	12,38765177019840
13,39392654696230	5,95363612576377
14,14132457219880	6,67706397889587
14,57892676240790	8,15984111559126
-0,47375733781571	13,22279556891800
11,12950887636790	5,88175351685069
14,46698621938010	6,35663064615372
-10,90998550285000	8,04933050439874
12,68174576356230	7,62112251319145
0,35627838517471	13,76913613007080
13,46244786010520	5,36485991728530
-9,75218129441356	7,29467071379229
12,96238343632860	6,06728499684120
-11,27918735271950	7,89615441174961
-9,73104442176392	6,36529607454113
-12,00659482394480	5,96130985471451
14,22543548127780	7,92200356585187
2,76671176960671	13,03885648841860
0,94273366381895	13,91320287399630
-13,08327752814860	8,33876484755292
2,04817379245162	12,73488044214600
-11,85976822817550	7,80515600418026
-11,75948357355350	7,56461666961149
-12,59064678168510	6,42562273390741
-11,64218194005710	8,74345702640635
1,62449785815427	15,32731686144190
0,74635895360851	13,19208174227680
-10,36337420532600	8,25637098708855
12,64736552994320	6,50156427516469
0,78089017002448	14,05898289679040
13,59878128856490	6,04075382428959
2,23748310692323	13,47683933912990
-11,99882145658790	8,03617061016359
-9,77303611328962	6,77282307488786
-11,15506841733670	7,21196280702093
3,37258785421401	13,62888525239200
-11,57693957139080	7,19743206800555
0,57370540810291	13,87648426564170
-11,77378662364890	7,00492926721225
12,48793363254230	7,91160014058320
2,33733096023126	14,26305838235070
-9,59580135997482	7,75444611964611
1,61769493952653	13,22033188278220
3,15659423292466	15,01939251690110
1,99748692290047	12,14941720957940
11,75990986022540	7,60970595547717
-10,37325399073850	6,48783516599302
14,27960197094920	6,00983201069106
3,40799871262494	12,88296738198860
2,14126680664522	11,16071170912880
-0,01326520858899	15,05182676084190
1,94038753171060	13,01646005536280
2,34578375799890	13,94435599145210
-11,67119735803520	7,03785232548106
12,00456559746470	6,92773093834574
12,41063270523520	7,44674955625037
13,66219082334370	6,11853575880401
14,35543314095610	7,15646553754334
-12,43340417244140	6,65068295721729
2,42132416294968	14,90004182017510
0,92979977737259	12,71603018448030
1,54889666054261	13,89724909680810
-11,80722502118000	8,20157663437317
2,97019327837550	14,55958472792360
-9,89653431129042	7,74835588748871
2,07405453205826	12,84126070344960
-9,86539663587961	8,20810961807989
2,57025722076258	13,91450935457270
15,27440854759700	6,89365518588797
-9,47496240350987	6,14755912788090
13,08463781685070	7,79695529523948
-10,07464216138770	8,09935472033185
1,69643410821325	14,79549797823470
13,05006251487790	6,59201078131098
-10,97277176690770	8,95809751355861
-0,70835706609503	15,31436656356730
1,79038549018738	13,70722844313440
1,48175140871556	13,37334973551980
1,74942861427787	12,81357733643980
-12,04899331733530	6,62432531039481
2,13514689665379	14,56422341170730
-10,74054189454670	6,55358092963705
-10,45218219290910	7,43581722975380
1,91563960171757	12,02611394953250
2,22803171953474	13,82781425165610
14,60954306930950	4,24758887159244
12,67185649701590	7,27818785620297
2,34414165927330	13,03183588763120
1,61045496215655	15,73636399617970
-11,51332695138290	5,22472513950455
1,42540093913790	14,03132694658290
14,55332223007360	8,18545807970418
0,15902678392713	13,82215871977020
-11,96258456572610	7,56899562525717
1,36484104217139	12,36180765872810
13,10354440719040	7,41374424712956
13,17598513023120	6,22836044024316
-12,48167204507070	7,75321856486386
-8,96658785960786	7,32776531007132
2,36591558501271	13,53236922860820
-8,87493135936841	7,25654543145935
2,91419748893251	12,76989010044210
14,20074436431570	7,14027503936715
1,76242221877976	13,39168776898010
13,68855686810100	7,16159365016634
-11,66332466717770	7,69832270347860
-10,35161275766470	9,69065401078934
13,56421194873440	7,06566239020839
3,06270787541219	13,38637300120710
13,39394283083900	6,31539594576237
13,58833695307870	7,10726182200300
2,16107440542493	14,06075161329830
-0,37864336118886	14,28384141121750
2,85240986429794	13,20281510001830
13,51302030459880	6,02350134351017
-10,82338327594660	7,61819436071243
1,64477504591551	13,37858167799480
12,95260125034610	7,24714957512748
13,32690761016360	6,60834779855844
-10,62575480953630	7,59232184405262
13,89368430417190	7,42430217231819
13,71700045686230	8,26331399856382
11,76832612308120	6,67564087681695
-9,26873492198669	9,57768299676404
12,63373344301370	8,24524845051425
0,72663536368543	13,66156095286690
2,19690056817494	14,29648246410210
12,32458437002260	7,25373387520644
12,48817348619370	8,15534371360796
-10,86653115626070	7,31361263969803
1,54261469039929	12,31045325839700
10,90699543159900	7,75184210984568
12,24959972640640	5,38939623102037
12,70515820181370	6,17071306962085
-11,85248664240370	7,31797286718347
-10,75117815512730	7,19711276714286
1,99016909407914	14,65004870419200
1,07828290376632	14,17750838582860
-9,87324502220482	7,03668948232897
-9,05769918045249	7,78311687166268
13,25456310950350	8,67097277442184
13,22248099652870	6,66640610084172
1,32139965418919	13,93158386372720
13,63358144409620	6,13354540699255
-10,35980503338460	8,54470220454522
12,95917614469940	7,15763901826009
-10,81426156368430	7,03622772917924
-12,77932482505440	4,99478164984798
12,96705953614340	5,62030172431645
13,60966709693630	7,59573323945382
12,34692607530070	6,50601301375228
-11,07156128581470	7,51105033917860
-10,97087344412840	7,96816626083135
11,91248195093260	6,86948372174339
-11,53629944590880	6,54852608589915
2,30521173473425	12,99358000624800
-9,24329706707941	8,08548193539122
12,95226255357170	6,97764827592079
13,84725851489270	4,33456562030846
15,02916635745150	8,59839219233248
1,90452555925106	13,99554150738330
-10,98901998245130	6,05961863119968
2,81169990476361	12,84813122066100
-10,22734880270640	7,03104461044982
-10,29030854437390	7,80920303936641
11,38554781881320	5,56021169761374
12,41938381600670	6,87589059701346
2,93583380803303	12,88121197259690
2,63304473651636	14,67144100063150
-10,00311589846360	5,84104252648490
14,30942785212610	7,34718489999512
12,92600597342850	7,11208241040322
1,11899778309313	11,75214434200760
-10,50516581787690	7,28723450963792
-11,38591658956550	7,86225535525445
15,63959248813980	7,85006430208354
2,42379690365556	13,32868387504820
15,64187833991270	6,07060472790298
-11,03002041834920	6,07761978851374
0,62844855707419	13,54440800459800
1,86363862197739	13,05651478693390
2,70497235415939	15,36016613963500
12,80252144851450	8,50197445248234
12,69550562338580	9,47316930645623
14,25404074228910	6,84179225414409
14,13657563728870	8,85243017862482
2,23359267860760	13,37252756431020
-9,89048444904057	7,25694808362944
-10,21333557688410	7,84496485096298
2,10739026771513	13,50824274080120
2,02570584681811	11,30020526062700
2,50111986847199	14,75610520803790
1,05183628215692	13,47944330144980
15,73252809731080	6,20285811253799
-10,21450890115620	8,48448358251844
12,88971186644210	7,34341202122786
12,20996326554200	8,32723556327681
12,43473400678830	5,89794624986680
-11,85185522546850	7,03626845507343
-12,98818572049610	7,62793287779354
-9,64310270378791	8,24319340625898
1,88748259647389	13,17224792990410
-10,74367411495350	9,79056869685595
15,55796293662780	6,94556163488032
2,43341776104293	13,51004190007350
12,61968769199580	5,42099945303966
1,90008512671120	13,67456828446620
2,35911454270655	15,03658773835990
12,54261249708240	5,89855273236674
-10,94127805790520	7,44097608541348
-11,60804650681120	7,07724628242852
13,73884779536320	7,02788478113338
14,13893430903670	7,28211162625627
2,26052718550730	16,14996497606520
1,24874139182100	11,82390567281320
13,37614783178380	7,57842020850597
-10,08819440097170	10,31389605243210
-10,59552774011600	7,53782069368877
14,22983003962090	6,61897637156857
-11,65792325807820	5,57987590165935
1,29137171014152	14,72512438135690
3,57504571412281	14,17621831410080
13,36309448220260	8,10130726057600
13,31215832089120	7,26432679327846
0,66403389329996	10,10459922838500
1,38169748238913	14,10621480952490
-0,31371515663312	12,19003413466740
12,66120823503540	7,13741225646977
2,76502162982741	13,21997064536720
1,55376053331182	13,08925608893310
-10,50301765528790	6,36624975650512
13,67870698863630	5,87805115239400
2,51150496756131	14,75476818871020
-11,67846085298550	7,66910164839078
-10,86121895993750	5,85718693814820
12,48425253994340	7,94639421094849
13,28982948757890	6,79778371249072
2,53775652573910	13,69065439181150
-10,02767032366360	8,75624699687345
12,69338463200610	5,63567835550226
12,46074374669680	6,20037641695685
13,83258677738660	7,58594162279595
1,18979507009755	13,73376805325650
3,22103777799893	14,55800563651490
13,33519051150670	4,82682334709922
2,26208209786312	14,70426425604050
-10,59808340775550	7,46544845741520
1,36496466126522	13,81283272313640
-11,47581472817980	8,11012220724901
-10,75317349115060	5,79367530168329
1,30067157407621	14,25523348760860
14,71226925269590	7,99288311305020
12,99312827955800	6,17650208749831
-10,47596957591260	6,27612905692648
13,56000665228570	6,10112104645189
14,83173314210510	6,79907607570750
-9,62094162036434	7,76419199288913
11,60542655010080	5,90023980483122
-12,32868955880330	7,63246184389601
12,41677841295530	6,39134276274107
13,88640291796460	6,31946690108760
-10,35396037866900	6,70540865994044
-9,24309463122238	6,66514508537712
1,40155133961754	14,06254880382640
1,18073687275212	12,75487885738810
-10,90633705875400	5,25092841480064
-9,89106222239393	7,65615568600811
-10,35895143029900	6,75687524720728
1,58347625220746	14,54270135254870
13,77290931956220	7,41952730912689
-11,68846487134040	9,26363192641913
13,78329899525620	5,13604320414443
-11,81158565112720	6,08343590235630
13,57070521896520	7,66612774637004
1,47820765306375	13,49406117552170
1,90393576482259	14,44888121080120
-10,53750590174090	7,63239316938177
-10,34131140917750	6,10721662651689
12,16925799714350	5,04564128744011
-11,34322528531930	8,06603586153208
14,14803722882870	7,25385117916823
13,70556332524830	5,58333444310948
-10,35578750667890	6,89495016707674
1,60941879027147	13,16666800305220
-10,85115966464740	8,69049701320801
12,94264892117640	7,75350012254472
-11,40353407796450	7,87376241120185
-12,54126357889630	5,41501161284775
0,30721399448962	14,51578280066810
2,12781080048310	14,24972371959800
1,77857140026373	12,97712289334070
12,73185538612570	7,80755973932531
0,67661979635119	12,79406081021540
-10,84182020493440	6,74000435334586
2,11329872917118	13,08384918853170
0,53498566461892	13,70200177142390
-9,47615884509600	5,97820373492529
2,48921414471867	15,03895789189390
13,53507161773060	5,94654955186414
2,50947754501828	12,54997851328700
-10,54158221827070	7,15570582162302
2,00826885140533	13,35732546785750
-12,81914963083510	7,25746938832881
-11,98981274113920	7,57060777379005
12,87110823071550	8,34343371150186
1,74047939101118	12,68937359061150
14,51048594977140	5,61214822198982
1,16536852750908	14,88496423277970
-11,18657483285060	7,47527186727708
-11,88712105269120	5,82671266079958
13,43079442341290	5,77556826312744
-0,48526080750436	12,92119591065000
-10,97501331090510	8,10640227439710
13,84136396181580	5,59741882279539
-12,15361751649410	7,47167393291419
13,61115597913630	7,23286278894137
-10,36704276228390	7,22375483613863
1,17006369245321	15,12223597262230
1,18024988334252	14,47353385887730
2,81108026160949	14,53352754326120
13,73323936594730	6,74955642626752
-10,77036909753950	8,52652531171211
-10,88647889490640	7,62622893005465
13,80035254025720	6,99479917268489
1,75692303947978	14,43408856674110
3,09389881882403	13,70572312712340
-14,09387942478090	8,54273420877780
-10,34717887342390	8,62579668103362
14,92564835587430	7,64432269915729
2,47523977791624	14,18622536460180
14,23492814875630	7,72183651807958
14,30061969064080	4,64708828466819
13,27174512283410	8,21170239308967
-11,95427094502820	6,51713710631600
12,82155667693230	6,30908766353301
13,50560280364730	6,61983658098486
12,78609035804390	6,62994705861575
12,39348961322200	7,80750388899846
14,47018200506170	6,29674544328960
-10,87644501230230	8,83906177471707
12,87041527984300	5,41313437858915
-10,55513826248090	6,81500503377898
2,58297324665398	14,02059203591700
14,39751925947420	6,32344531536704
-12,18206495044970	5,77609053328460
-0,30042132351453	14,31500398375670
12,41035628145880	8,41902576061584
-12,23417704514100	7,00292262424310
13,38752778446360	9,29821122569116
1,18696327602264	11,76420439568900
3,16309169470174	13,30738896572370
13,69067110818060	6,87455105557873
3,12742586522186	13,67783460660400
14,85864164388390	6,44501538840902
2,02654996935907	12,09169831399400
12,41164715595190	7,81152843806405
4,04425585174182	13,50969714004140
2,64849219102425	15,48334028787840
14,78928107173420	7,40999765118813
2,13554007211790	16,90563039426260
-10,51275720062000	7,26441743064724
-9,77898455404679	6,51073391703362
1,85790806185795	13,13144464635990
13,42177081393260	4,83684287977777
14,38922638442550	5,14628033298507
0,94595587862183	14,42042852236340
-9,88077541609870	7,71539396814348
-10,35866527012580	6,31491702004716
-9,61166131553700	7,37109688010034
-10,09529945301700	7,45827294557559
14,17485684381280	4,43726150685334
2,62543976682382	13,45686053839150
12,72234958619450	4,79444713645709
13,15285839234700	5,88456937097640
2,73679364459355	13,35764655054380
-10,64375776914400	7,04316985376894
-12,29705207869400	7,07023242706601
12,15012473795070	6,13609044358263
2,89386883435654	13,44414803396350
2,00210109944225	12,20790045934940
14,04894691814730	5,86220757754189
14,24789911954130	8,21550205700345
15,01622766291100	6,21999236869948
13,92966508438000	6,55835810793064
-10,84591498853300	6,17478147847443
2,65166414680916	12,28325518896270
2,22042945013175	12,66854935979830
-10,92964249528840	7,33843189243584
-0,41738973843007	11,89237534704100
1,09791149042372	12,05512696839110
14,10888730158320	8,12475709604687
12,91403188834670	8,13131578774044
13,82515050264930	5,63820017961651
1,11010840744309	14,76390511243510
0,86174635315719	13,63503325869700
-10,27593470473860	7,32303175856832
2,48836892610880	14,88141720084330
-11,39170189592800	8,87667037580812
-11,28782087844060	5,28388235569371
2,97415663427610	14,66690362775310
14,26124692801510	5,92282863696489
1,37114587438459	13,14267311826750
-10,05472925081540	7,91180477523379
1,99449257853657	11,51093952126790
-11,27650926652710	7,14916906103732
-9,51994193487043	8,33920186275928
-10,25468178708360	8,74989734239892
11,76369278331850	8,97154811399835
1,45773884754663	13,98145926445290
13,45600053371130	7,22551911785788
13,76071127749500	7,95372326886711
-9,00126041443156	6,33933353851256
-10,28766645121220	8,61787599417937
0,73234452693231	15,17411001908640
12,00834911286710	8,36094761387042
-13,34679320757300	5,25280185922170
0,86174700842894	14,31682262102360
-11,10699422973620	7,16660020182481
1,27245762140601	14,07824810490030
-10,29616889788930	7,57562849716580
1,09320249664206	14,41882263288210
-10,48222480256590	6,86613470773012
0,78910038883139	11,73107364144130
4,31642507108233	13,52130802225940
3,59679619333590	11,62442844794430
1,85085243244253	12,87160009899520
12,61235167690840	5,54268310453944
15,01650332847730	7,27712717273152
-0,30264268304506	13,16400899474390
12,79828236510230	7,91548956962670
2,16361008254800	13,98789908848660
15,60396865527960	6,45940346083820
13,41995051640760	6,18523056830002
-0,05325941830811	12,75526060530990
3,42235335756192	13,97195981315020
2,55559069968177	12,66161652425700
-11,12649542540400	6,06095602485660
13,97651767636450	5,78990315417673
3,18873463146659	13,49138560861930
-0,36764262289323	14,29944520283540
-10,81064359216530	6,61264501000826
-10,20236293945510	6,60122128476133
-11,31801072338170	8,02143697136173
2,47264151710990	13,53589160903250
2,38727713852324	14,85519369643340
13,10677253353470	7,64626846420562
2,96359535611317	12,94993583402560
-9,79053903146099	7,11269671508886
-10,58586936857280	6,54043958586797
-11,17765214147880	7,57598577502229
-10,28411551534750	6,56422980312473
13,87290078156010	6,91790546966584
-11,60977227969950	8,20554379156965
13,70214301794480	6,89760034693111
0,92321231097500	11,94752280943750
-9,59692327228552	7,83066457349331
13,85746343759210	6,14652143693955
0,98069871143573	13,35552219932960
1,32836894553111	14,21835256340870
-11,85555352843110	8,08507844061328
10,88749874301810	6,06037772572425
-12,29686437048010	6,24273125319493
-0,20554170727829	14,19647713495510
0,63654456006597	12,48526222832230
14,11062272839180	5,40619656161681
14,55628356521690	7,12938110548627
13,54291154137800	5,96594380773776
14,57259323021580	6,14704777288450
-9,59823441341603	7,42287275242048
-10,68558296576400	6,05242223901940
1,59184199244175	14,08760207383490
1,29501480843838	13,47830285945770
-12,00404222279410	7,64582154212096
13,79418994416830	7,08920367724587
-9,62778879380122	8,84319057509602
0,57756602741695	12,40756635517810
0,42732910723584	12,92467007113890
3,21623665182317	13,72190741614080
-9,85395533381428	7,52520310621122
-11,70333387752390	7,12090005532247
-10,35964707513680	5,22573325761711
11,81186134475000	6,74731390795724
2,48694018458522	13,66854163888280
-11,54575190776550	7,16521541437357
-10,37083578071230	7,58800272697957
12,17615037400750	6,81335900278816
13,44176491634570	6,33953086025844
-11,36472972748690	7,02586804652996
1,32130588432536	13,37993391980720
2,53903610309942	13,39419538087470
-10,92081792067480	7,86483517624963
-12,13923887717880	6,60539691468215
13,03158275012220	6,29464277192629
2,66034609967797	15,14932984428770
-11,70018180148270	7,47509553304648
14,41625484927570	7,10248129927791
1,31314981016432	14,38912598556090
-13,23240958928880	8,40115656806675
1,04200730133842	13,15715692646300
12,24501334395000	7,50031612954299
-12,17994438053540	6,47955368390029
3,14767489224384	12,41235505066580
11,94545338300690	9,09390502021969
12,57873209371980	6,60707552212289
13,98713340901840	7,53314490006144
2,04100640334647	12,46555373641850
-9,43974282997366	7,50997427625930
-8,70187120508917	8,63609684029145
1,79840012377927	12,63618739589230
13,96118327345680	8,00238772718778
-11,61275806115060	5,98002808607983
12,68679656128880	7,04046969149044
2,35022955120261	14,97547943962080
3,71775322707911	12,49006718377850
13,45264697417310	6,12643671542586
2,07904015298456	14,55636039003710
-10,84884645121030	8,56583410382208
2,53511127299099	14,12016928762750
15,12292088694320	7,52979034364601
-11,76779074902560	8,47888611967269
13,12458601019300	7,19084870360902
-10,50958177535860	7,21771241684044
-11,10643168351480	6,33299669412375
1,52720968260750	14,01743627893620
0,55690683057643	11,47785476086690
0,04278898028958	12,56112292148860
13,24351682010750	8,08817719443400
-11,40825483847680	6,09578835042470
14,47444503792090	6,31655384548023
13,86183998215960	5,56512380411202
0,65030442046012	12,69288492146770
1,68329029856846	13,36184173486910
14,56467845855610	8,11010614264436
13,21896400299340	5,89143251592359
15,44750123871420	7,89006158592221
1,82770229191203	14,05180265969610
12,45056566381390	5,78169654402659
-9,63123926197904	7,08429638120477
14,05327830525880	7,41395600306599
-10,36354810033430	7,00757372207093
15,04314853931270	8,05050179149627
1,47812911719699	14,04355115353340
-12,61836363719470	5,43435793230568
1,17608278120504	13,59816058623990
11,35784229071450	7,34217551284030
1,74806249755079	14,79124169176910
12,34917072913100	6,44954544923281
-11,81046072053560	9,16675417081686
3,77228186942418	14,25602456118650
1,88129483827639	11,92864307339350
-10,05294914820690	6,20825695962840
14,13626455090930	5,31739928641453
14,96749522680310	6,84267676898885
14,85986718296060	7,10094716546841
12,89596984826340	6,66621406206013
12,47783499564690	4,89281567620292
12,11109195844700	8,35964077012094
1,88658128545448	13,93320359055960
1,30943380351080	13,46612787862030
0,84052128978513	14,49020509684450
-10,27555942625280	7,38934113715152
14,58495094937200	6,49311927148404
-10,65359451624420	7,54149730600629
-11,09061534973220	6,88045694607619
13,69743713508920	7,60457395100943
-11,52642250641120	8,49578359360403
-9,65120958866445	7,48954753595869
-11,08545982356420	8,55724879235639
14,40082612431600	6,59366956364348
-10,71196060198320	5,50236675100921
1,14648993559684	12,68656961629210
2,02117506623460	12,75684915986700
3,07598196307612	14,28600883147330
13,90917350778300	6,70930414501548
-9,97861419180074	8,62225796643342
2,83859184598953	12,36635505211650
-9,74096842566959	5,79877593189407
13,72304275600660	6,75398405769530
2,21219765137340	13,76973509526110
-9,61297230061550	7,65355862192409
1,95744152389359	12,30459789479030
-9,10298620087966	9,17481574250412
3,53495900862349	13,25359211432820
-11,66665230104510	6,75608992917170
0,98980619204490	13,63125481433030
12,13037843323710	7,62063816455845
-11,87983852072760	6,85490358158757
-11,54905241602530	7,71315196207421
0,87692471435059	14,28292667117980
-10,74189521261420	6,28499382801871
2,01764922164184	13,31590917527320
3,47136752475938	14,00721998933390
-8,59497634507613	8,40340411792085
-9,60871863262050	8,44533834478581
-9,25859732727928	6,19691098794111
1,15233979946127	13,59186382147140
1,39774370966288	13,69163936069500
11,99393024829350	6,73285531407687
-10,40567489746720	7,62904467015510
-11,49712497480780	6,83097351746806
2,72848155399119	11,80790116611720
-11,74870891725160	7,00527788994229
1,62285443023733	12,17413057657160
13,91026365244480	7,47150415278895
2,46971656141902	13,88139017204210
12,01064980962110	6,51698899223274
2,62395914654701	13,68686863986110
-9,87451015269846	6,98062541786362
0,49060318384256	12,87201427513240
2,36823450834658	12,42372844000700
14,13863503355960	7,32468836948352
-10,84405443021340	5,92931427081903
-10,03876500657820	7,12792822611137
15,72609471366000	5,96628959831564
-11,14858351477470	6,07345138520067
-9,42584922766800	5,63462745752825
13,08467431208450	5,52041194325050
-11,37041181227470	8,28395496867195
-11,01079253277400	7,80629225182149
-12,29281727876310	6,15557547661455
1,24372622790253	13,72986975381050
13,55558284867100	5,98640436296629
0,52108824910627	13,22529432834210
0,54340703767881	13,41336912410370
14,24705189490020	7,81402397015343
-9,26757579465415	6,64026537542988
2,88305298712152	12,09600095245120
13,02616647122470	7,81445433794010
2,43677172488221	14,66358923624470
1,32801413763095	13,01533349840140
1,64118066255022	13,42122756466250
-10,95256340783870	7,20844495105071
-10,02319853449170	6,74554597772519
-0,08485864214021	14,55844510708810
-10,98048741043590	5,06822279191357
3,35061072307563	12,90924776835720
2,38516692307318	12,87192869815490
11,91006935477350	8,81774314972192
3,81444248538852	13,47828526717980
1,83192510723735	15,07774479731940
-12,69586775238780	6,65922165329052
1,69732897071975	12,26035891166580
13,05343314818830	7,84722661585316
1,99576766678823	12,66237629743700
12,27088847800830	7,19505098417192
-10,73822826535230	8,77830163692062
-8,85211168614028	7,67585134710490
-11,00090097832330	7,06915761431959
12,53262479723590	8,02338992018012
-9,92886836515612	7,20824962843093
13,55998116129780	6,98084935018304
1,89563263514613	13,36742429346520
-10,88472390070080	6,41777655560879
1,42629608333779	12,54574038970330
12,81754673624160	7,43121008933603
13,60282774509970	8,06176657240614
1,56233962799481	12,70860436608800
-10,82333556078860	6,76541638514075
2,43018119094112	15,27716590806000
-11,19844279863380	6,39953770086566
1,43658961012797	14,66821014436780
-11,46778731874720	7,60913197208054
-10,78311038246650	6,60595579637014
-9,91330686350047	7,28437022133030
13,19846724232740	6,42567587719335
-10,28728418327930	5,60726149695468
13,44832751613100	8,11896337255552
2,22224857090872	11,89813711651090
0,10637628593638	13,23705170820800
0,05266621280306	14,09332041434760
-10,97524202663560	6,04959384014179
-11,74887954905450	5,18047989233719
-12,63532486831340	7,66974249369123
0,82327694820780	13,42379974373310
-10,66890534241400	6,15038229788549
12,64920700354490	4,62495050740916
2,23936810439291	13,16634086267880
13,29846446412060	6,18665799916369
-11,09495980368760	7,43443514127336
11,90976697651880	6,70364490658453
-10,97971941183500	5,62492403385494
14,77776358854220	7,47057760662896
14,27119006593800	5,15485006609564
-12,11248808523430	10,30895456964170
-11,78858929175440	6,62348937407385
-10,10498957676140	6,98787285736490
13,08304618298350	7,80336642993136
0,54987969038004	14,63504886459060
12,95398682140980	6,23625537622172
-11,61499467112840	5,60921798314176
1,81765061778286	13,60119643783130
2,57491748411404	12,51092292035130
2,50795740713313	13,54522829937430
13,64188673062460	7,52798622953130
13,86405959778800	7,96693550345109
3,16076240049628	12,86617224366270
13,31042430108690	7,53011930788260
-12,10298903813550	6,74277632461455
1,14062015421888	12,93823628699250
10,97815130564480	7,36302063105763
13,49731689073080	6,15626563983596
-9,03577821554409	7,56389146758173
-10,16956230984530	7,49642803701571
14,51739124769920	6,53539144433323
1,59067638385372	13,41481570857340
12,39835649974080	5,74233263545497
-10,17630150567480	7,18380522451809
12,09697062093920	5,74689418371842
-12,51292615177690	7,15282025495979
3,28262079842085	13,58378440464620
0,84646789047346	12,82629738855800
13,41914013403010	8,16960621041365
4,64503043248804	12,59595005814830
-12,16099436353000	8,72620447480540
14,40793210291270	7,43991499248834
13,61357112152710	5,89995986264036
-10,66041300842790	7,95228556613132
3,18042751851562	10,97097131615800
13,70800103231010	6,15727932437385
13,95032321247470	5,90190467122867
-11,06481769361550	6,46140330040820
1,62773302497795	13,29233195159420
-12,53292641027930	6,60700222096517
0,56402217281862	15,08496689487280
12,37804112449820	8,01822336216903
-10,18321990382770	8,20392491381724
-11,87287732143240	7,10417728403313
1,83990506671452	11,83549566026000
-9,98619708756795	7,86244450942299
11,04912780739650	7,58136493235543
14,11660496209050	6,62307478958214
10,67611486374510	7,19840033841019
-11,85358594735400	6,63037908958792
-10,88681252356260	7,46450681817454
14,70107634827600	7,19699215563662
2,28535641474773	14,84470127648520
13,21232472802480	7,41889722354882
-0,69394189774340	13,91795501410060
-11,10938885995670	8,18226954698789
1,58991577089292	14,47955370986480
1,52719927257187	14,79062487702980
-12,34673304648120	7,36032866462059
0,65524053325844	11,80818992426340
2,64927333865546	13,13428233140450
2,44743491187672	12,17571911016670
11,52636172205240	8,39217728179252
14,32717076138840	6,03938576665980
14,54809911744560	8,25061352616370
14,94734636323020	7,03703614893263
2,45430099649302	13,69560787411300
1,92218366833098	13,47330497536880
-10,14896676316660	6,20299259402140
0,74359436395354	13,60120619941600
-12,14146025909760	6,21435587725228
-11,94765658843740	6,47092609329964
2,41990110933758	14,61597216196120
12,34560160134230	6,11382893808833
13,27239112158400	7,18250428517035
0,95142129646639	13,85470088572750
1,64202773514149	13,93592433285090
14,43567162462210	5,86578595393852
-11,33088099054310	6,80957870724070
14,42761215609820	6,04797736261824
-9,25536482058396	7,71976141564127
3,11725995060196	13,71334814920900
1,44278243148617	13,91454545913430
1,49720198780323	13,36728312801750
2,56064902626449	14,89176650958830
-9,66592116377382	8,41724417440421
13,00737395598270	5,73799737438736
0,94977164413218	12,70280490692310
-10,64190127830760	7,00754102729756
-10,11196343519210	9,40793060875962
13,07209862123550	6,33166445751178
14,16601604023080	7,47687628364460
11,60595877934320	7,18389339242614
11,64373619555490	7,58439909076779
2,88335256979150	14,18161725285180
-10,54670985571160	7,11382687557483
0,99504262024683	12,65189758623260
3,98293681801630	13,83982774480430
13,22283822681120	7,13889341518152
12,68452615575290	5,61967369169747
-10,80161955443850	7,27645699884355
-9,93455925826359	5,69083388613081
14,54669459251450	6,59611931533669
-10,95677774924780	6,68209523213316
-10,58309247071840	6,15631749305757
1,23012453341236	14,94414419297550
12,50321969155580	8,50214748413979
-10,06744748985680	7,48660890611833
-10,39858349205490	8,99340665539999
12,32369583882380	7,82011593151230
-11,81418190900410	7,30097033098671
12,33612449880310	6,81446810551405
1,74233252159001	14,23094797642730
14,35669529323040	4,88698771867308
13,45143940842040	6,81577562801635
-8,50268626460167	7,33175560125923
-10,60735095517170	8,52835820944231
-8,23725896381377	8,40070344773107
13,56940216484890	6,48573406316185
13,15989204306310	4,16636719666522
-9,70233519720267	7,23391093631734
12,25768097542500	7,23618749044113
13,60097344738780	5,70658526047894
-10,10864677335460	6,64184741047511
12,95859492162090	8,36534251178474
14,86672539224040	6,50700599775283
14,56880000092250	5,71814788989754
16,35032199899480	6,11388150534440
14,89701254681360	5,03646640307936
1,44241663322066	13,73027391855360
-0,05015965542477	13,48654774174760
3,29282565833377	12,77952226631200
13,57470541747090	8,34262959366636
12,22387651552270	5,92157826990792
0,35965728757352	15,02405840010980
14,87066215785740	6,75866807694483
-10,74507639860290	8,67511476549769
14,18010695153700	6,41736222202388
0,90269013117654	13,70548884712550
13,53318675102870	7,25405768380102
1,65094488915053	13,05255662476630
0,56591842255783	12,60483129318100
-10,50028839837850	8,09113686487165
2,51514071271873	14,01487014275130
12,95761884309810	7,80445931531602
14,10344584766590	7,93131432125138
-10,55904786577630	7,70763964660810
-9,24259583179131	6,26242344949842
-11,15949094934270	8,47963390649734
0,87335904514902	12,76718610564640
2,90358240765177	13,44263119921270
13,32530636321850	7,36189024049101
12,55059544552030	5,83326848642824
11,51817728686920	6,45179751479944
-9,54605608493703	7,23982360353695
14,59965921385570	7,52318037421698
-11,50254265854740	6,89708448726503
12,85965104023420	4,59586194647645
3,11368414425986	12,55518208542660
11,06373000580040	6,86612457252382
14,01011714100010	6,45132676871887
12,06410594507530	7,69217680226751
-10,27131064043390	7,93036084370863
13,19379095490620	7,00658160514128
-10,62413462704060	7,79980696401201
12,50154581868340	8,41789217327745
2,93138925854510	12,47591463451090
11,45198233467450	5,66374129931900
-11,29453678774320	6,98467941827352
1,11773061589369	12,19971017495220
-10,58125597375050	8,30485865475152
-9,11456726321568	7,54973845204037
14,33045716111710	6,47587012762906
14,15970614647070	7,12032757433052
1,75186624243955	12,13544881770850
-10,71566886467200	6,72303240893745
1,00419384993511	12,34902936679720
-12,26947027125930	7,39202196239478
12,72144011514320	6,57866317622340
1,06120751849884	12,38601561688220
14,73179908445510	7,92097835181675
15,63495085192230	7,86224886016644
11,84719180615400	5,33632095774966
13,31729472729360	7,93296312529853
13,42748657450930	6,80476722457746
2,58711801189338	12,72507132104150
-10,05405560186950	6,61156230766426
2,22532733934003	13,68792292381430
12,05996769217760	6,53278857069539
-10,65882256965480	8,66612029440164
12,81366120025940	6,72116808730840
1,37727791765190	13,57835816684960
2,14783506202412	12,79148599982940
3,12558064621425	14,71975794056290
-10,73289331050820	6,52659242320060
-12,46307297825440	8,31829707134842
13,67525183486740	5,20062876952260
1,66134184927465	13,21905424484670
-12,41069701729270	7,08582352086764
11,38436365538040	5,35357535257450
-9,72634186435727	7,93940562680652
1,39778683591308	13,61289711147730
12,34042222172040	5,53272141002763
14,17277609282590	5,86042962397136
-10,56000154262540	5,06788041104985
-11,55127518407540	9,39940498127023
2,31985426869264	14,20672316194760
16,83874548285270	5,64043331352972
-11,40907099513620	6,60567580481365
-10,25290294159030	7,74962404092606
14,92475204553650	4,87653575337432
-10,49731411324440	8,52896041296632
14,08494706153650	5,41174044212087
1,94406175874091	14,93580283516550
14,58773385288340	5,48995574153337
1,80713528599277	14,83758075434000
2,62592398292635	13,55326303052290
13,85692632372600	6,54942130034325
-10,75442222490550	7,38483709215945
0,67646847988109	13,52694826331600
-12,17945423378570	8,87984240184229
13,49412734581480	6,32680780864297
2,05713586696356	12,75558861254980
-11,89909953983580	5,32108431026090
2,19493076895780	12,62037891370150
-11,88279307826710	8,24628043876122
2,43586162094868	12,58688109875190
1,27073952869557	12,18161634398480
3,21619611238668	15,81538623052860
11,73915192845190	5,55147190018762
-11,98697080942730	7,07393050531950
2,86211092549075	13,87223567713440
-12,09263859950520	7,95818286671916
-11,19901550287310	6,85838967976136
-10,56087801741800	7,54011586059043
1,16841018893819	14,28676962008880
-10,91125999368070	7,02766537783365
13,46825989643880	9,28106377051979
1,39281895476339	11,63901268406330
-11,48667810650830	7,30193785034427
-11,56988247434810	7,01949537006817
13,83926127315480	7,80846335481725
-11,00720985422680	7,38170547569477
-12,20611675911350	6,36673738936132
-11,64393155538290	7,18031739785530
1,95579867867553	14,55405377369620
-9,97027553414741	7,41131975290999
14,51739269901900	5,83199726438793
12,52789836803370	7,55386687571846
14,63617077604410	5,80918282819319
-11,26066236477910	7,95717146972391
2,43381992414462	14,59728526367030
12,52859389317580	7,81254924997946
2,86038548484911	12,94468804487880
-12,53464611052780	7,24561041962140
13,60227163421520	6,00593459920531
-12,26156525888660	5,27474513812645
1,11889713922304	14,39571933280370
12,46713177279970	6,74344167404434
-11,45740746231700	6,91174910829650
13,14191184107090	6,18933365160516
2,03082963812581	13,84386524777390
2,10151631687279	15,31726305519550
1,46819697603430	13,02836811705790
11,77703840872550	6,16793525048857
1,80553524013316	13,74059100968950
1,43281927079306	11,36352082347870
-12,27510350309630	7,89668966831806
-9,74200757879544	7,64618666635448
4,08953823718308	13,64978846444510
1,06745750191410	14,11509755787900
1,38213748317187	13,83368514884450
-12,41295213925900	6,06101359775158
-10,89351294740550	5,24903670834572
13,10526454383280	6,54355166993989
12,98176191349060	7,70890061698888
-11,47795818538470	7,86230573744459
2,02750882858847	14,85640265258180
10,88283444758160	5,47051610072948
-12,20841089931850	7,55075296293389
12,72177151304810	7,59023948790125
11,19384153977780	6,35519859054769
-10,54970722415510	6,64396005425668
3,32592733141063	15,86098713762350
1,79051686734936	12,83027150504540
2,32034328317667	13,20680193179010
3,64186397064218	12,71659670857400
-1,07193623496436	13,75549418488280
4,28505088387447	12,04647762078620
-0,22070883809621	14,30702183917980
13,58457430597580	9,29572757888050
3,15575119706668	13,86309835174480
-9,43471577472393	7,14870937596760
-9,22744904697979	6,86657643141652
13,38528465821450	5,20820071638523
14,94998121713770	7,71292245186811
12,65180091162820	8,70348929130370
-10,98044411106360	9,16672249886118
14,76698724987610	5,71356868033635
-9,91149725909675	5,84272929249757
-11,63782120185960	6,84891291403623
1,66171323006041	13,25934410115210
13,44869183107510	6,25557380910623
14,75081688627950	7,82643004143812
-10,97234935510260	8,27218774426413
3,25030628930218	13,69958268297810
2,73539335112962	12,42171168464400
0,36689248469300	11,15866803972760
2,28717021977939	13,73345576656590
-9,34404131590761	8,51547520357266
-11,44871234971480	7,54574939370023
2,04892374620751	13,36111224751010
4,22537071131929	13,38706616229820
2,09375445229198	13,88080688934070
14,06310166482610	7,52952058503713
-9,89707635778079	6,88713983645242
13,30982223969060	6,14535032914876
0,45593602443135	13,50990999730400
13,57153679478520	7,73050681950382
13,73925368834440	7,64511395211017
13,75174776010990	6,33459646979413
-12,72709679887190	7,32048762908298
-10,53623076375510	5,55902195715552
0,93301827691721	14,02363663164110
0,63233850765072	14,35588658231510
1,58113878606624	13,62470545361140
14,64712231641490	5,84702257454443
12,80820965532720	7,65569908825598
14,96768697424640	7,77095682041178
-9,94588442535803	7,89274507021767
-11,70745803215650	8,84180758961054
2,19156623762526	12,28027087021320
-10,35695059739440	7,72311575522701
2,41024301463469	11,77301074982660
-11,54685177737420	7,14270593903885
14,40523308439740	6,33023332408490
13,13472187462700	4,91828031457753
13,78405426337620	7,74403067795380
14,14671690070230	5,19766740022911
-12,63891961186520	6,59887519943062
-11,79165390930470	6,56959364923173
-10,48693369446610	7,40324123456203
0,94199047982179	13,02512749032500
2,96572138659855	13,53959986971600
3,76363053800357	12,65393290593630
14,19297092735780	8,22807957467790
1,17732784413810	13,44018485067440
-10,35845222137360	6,58348144987528
-10,45796749380480	6,50089427068850
-12,76582398197350	6,91908359968742
13,78587687123590	6,04643568218763
11,39999542031230	6,16653200406852
1,72430164750757	13,98718118911200
14,47400971262820	8,37063984785380
2,50967290962894	13,94929401526560
14,68148278462060	8,29467348426530
-11,55085377889100	7,41913201632430
-10,44495634843080	6,65435992609130
2,07554073589939	14,58808614611030
-8,96124989587813	6,91170708143063
2,23320652807136	14,45421325798610
13,90391236101790	7,42152279293422
-11,17062591635870	8,52452561607284
-12,92275980345050	8,16517162714410
-11,37764656250300	7,10987348308090
1,76589673893714	13,99932652919000
-12,69109899869520	7,06791728776331
0,91895673792102	13,58591686476360
12,00184819566520	6,55696900423352
12,36954627962990	6,11325698665172
11,75128925557780	6,38628509929582
0,34270270512624	13,13639553487350
-11,30272403149040	6,27759124250278
14,35955840902770	7,33119589232934
2,54807260131453	13,32727474344310
-9,88264864715450	5,04153748920110
2,77408020338394	12,34744993322660
-11,77352551126630	6,90671388960539
-9,87654258857430	7,49351701637933
2,83985086050292	12,14003257430620
1,45283541136716	13,89363403672750
13,62496571658600	7,04368043258331
1,46978431743678	13,48033312226590
1,65172131203304	14,23321196902110
13,19229212709350	4,80117379116985
14,24052687427180	5,11006384164765
-11,69920069503390	6,65844095804995
13,10096363330840	7,05053835652456
15,11606973965180	6,79020511545828
13,82595676192380	5,41419788918028
-10,89446211848320	7,58289329921049
13,22178122023880	7,53362445682436
-11,08729292956530	5,16841493625745
12,37255945569080	6,37853130092073
-10,24263266937800	7,95813297238608
0,88612237927540	13,62378491680260
1,09392621434132	13,65223940737930
12,54728731642320	6,78519562684962
-11,08260301532750	6,77973562704508
14,69922968772500	5,91593081132701
0,32968144370807	14,18157899521030
0,68529602589289	13,10265624867270
2,57796747344973	13,19566415039080
13,50001633380460	5,91663964687893
11,59087378140050	6,90912607288240
14,45702815963230	7,10737745839862
11,33243176032610	5,97888795354848
-12,27421676830010	7,30444794667650
-12,88183549011600	7,61146620145780
-10,65467469759210	7,59409168961798
-10,62138014201490	7,65976475328448
0,62432646744821	13,59259594701430
-10,83974034761120	8,18705484992252
2,54421706473517	12,53126070581220
14,36177915950470	8,20344122587714
1,52373790625123	13,22956236558880
2,37814389791100	13,35818378752300
-0,07757364546204	13,97181534317770
-10,47133206447910	7,63166423438132
2,52999221034688	11,72602877814000
14,39910812042130	7,27592914830296
0,64207088688043	13,81302970819530
-11,24469316703400	8,13342950596990
2,05522262309349	13,17397601244950
13,94262513830920	7,53208448714439
2,38014241966177	11,97099578415460
-10,43003705606690	7,00254003510468
-10,58435834916800	5,95882109551715
-9,64320408136431	6,81155168077532
14,23496319195400	6,14851933802090
-11,03480016278450	7,93996314420015
-10,34724049131060	7,06182594460384
12,39294903653440	7,66689552591272
14,06060089795420	5,55454965558155
14,47221017135090	6,42505583297338
13,27680653124700	5,41297172633405
-9,94065698775080	5,96433192687061
-10,74272986914170	6,59069703076705
13,79909745145710	6,62388010931716
13,89550541868120	7,05978505787058
1,97455603695531	13,58977717156580
4,46818133274275	14,50217635831810
13,26810609790620	4,87493460300583
1,65172471112283	12,65242933913700
11,96685553557300	4,64302404150109
-12,27981951402190	5,66394408861493
13,93731267794140	6,06579488037134
0,79110055988588	14,24919155495740
2,13321791797716	14,02342909621220
-11,99080896137110	5,85616461697419
-10,37720113274530	8,82295614118557
-11,66789619123840	6,11536460368481
1,05537863173134	14,32981740645990
14,10225454485070	6,09693798514103
13,14645947815170	5,68590511596905
1,36597702199194	14,38080614837790
-12,42071876313080	8,50745688106337
11,42523035753430	7,76902367142045
12,92255299182220	5,70648444398622
12,33626387394220	8,23414420270296
1,14304579852145	13,06910068698880
12,91059882103120	7,53797034812810
-10,89347904217280	6,42619627237656
2,58612267867244	15,26394661688040
13,57314523554060	6,80453463042447
-9,92385488690457	7,76407174294734
14,19602026807900	6,66257764231312
-11,58076390999560	6,66178978942177
13,84089010972000	6,62152020369374
13,05483346623800	8,02994965256793
2,03035233175467	13,65752336345470
-11,11575602641610	6,69914400807945
2,68917211054085	11,98082969080330
3,07901563404452	14,84650922135010
10,98486422609820	8,47933980125120
-11,50177343746500	9,68506805443507
14,12535140034000	5,07063249240216
13,70404100406310	5,12097042245718
14,57049229726960	8,07356217986668
-8,78453198179015	6,47274049896983
2,33889223301386	12,53817430305980
14,39800010808310	5,94509843453695
12,38591378503280	7,12177728223171
-10,53601450644910	8,43845714971689
2,42763518166435	12,38548356408420
13,27656143473240	7,39949332799541
1,59501705136059	12,81833413304030
13,62575269553550	5,80126259203334
-11,08970900195780	6,94228692108613
-9,43282678200514	7,07815011700455
3,08206113449471	13,60881609435330
12,94375553591860	6,28427250879128
2,89715424762299	12,20880681845060
1,47333039409260	12,01984201686410
-11,54880866148250	7,19590927609992
1,48105001651370	12,23210761148280
14,50111837845390	7,65109441687795
2,71692600943759	13,51006074040290
13,03114799371300	5,29029331361383
4,41372255576389	12,83669085817660
14,48934656881540	6,90244447007996
-11,20028391708970	7,46252620718246
1,11481810257094	12,85468166727090
15,37133099931060	9,26791749933042
2,87627120686006	13,19016546884360
12,92791437709670	8,30331463173645
0,77456892634067	13,18134922060260
2,06590880022381	12,42191559774650
1,78110351633629	13,36375655164600
13,94516405451350	6,34261776496226
12,14396876779220	5,81662794186413
-9,27706275657453	7,32333194045920
13,14068366708900	6,41478759847038
1,09342915936205	15,00795630258890
2,05793704577546	12,19249007991330
1,79942708988344	13,12586034186220
12,20037077577570	7,02755489720059
2,90359941152804	12,99901664155960
-12,44061255515950	7,28918912022602
2,64808151371797	13,16227424960030
3,15227901140441	14,59081506481510
14,17742987907930	5,86506672872630
14,98643501030280	6,48869263442348
-10,99721410034210	8,83801179957886
-9,92744225188933	6,51812602548438
-10,24381566037020	7,13362847604236
15,20932602636650	8,12819176738766
-12,63464573208200	8,63670849079638
-10,82760393861790	8,34967924117926
-9,04111142286522	6,81446249437559
2,20795104518334	12,83986815412450
0,89474233058501	13,96805146898480
-12,65134584709050	6,68647613452630
-10,07868260870180	6,31807220467753
-10,77621683792530	8,90323474729983
1,00024144756689	14,01205112640130
13,72006638230130	6,32571328821921
13,68135217262760	6,44039106691277
12,52323952192690	7,77728154069346
-10,48108601603200	6,35450741094881
-10,24715158793230	7,89125597436229
2,08811667520418	14,61593630245640
3,43604656734604	13,99872775905560
1,22493619787793	13,22732717505130
-9,90975509350168	8,19745401043848
14,32635968660020	7,19946614137735
2,98746151008079	12,07015355120480
13,25459246724100	7,92594449294119
13,25363127918940	6,32170934913856
1,06463547881744	12,78580466200500
-11,68462317666950	9,17583457694740
13,67080075645340	6,31977537234339
13,60262115007570	5,05122904700586
-11,48154994773030	6,72860574178566
13,14881194146580	6,11390950354061
1,76908497484133	13,23160922769240
13,59632678111050	7,59264906869107
-10,60173762406710	8,25727340222359
1,12096367858427	13,85738074255920
-10,75540146698560	6,59148338882393
14,07146443197620	6,20145322584720
12,19498265638500	7,87451709449064
-11,42175767317290	6,34358804423828
3,85378002561312	13,49362037791330
-10,97567310826240	8,17108040394366
-10,99218012801160	6,34916861515166
-10,02915501557670	7,18606959372595
1,15009919402354	14,59941139251170
0,92227464712811	15,27121692159780
2,07544351319263	13,68954013724690
-10,92000501451030	6,81256676554890
1,62523578151110	12,43479574972100
13,60505916467400	6,04863020076511
1,02685922681200	13,46109028304330
12,62462583361130	7,06570399735369
14,64262749893680	6,71829776522851
2,58627681289454	14,66225790629720
3,06533003146439	12,41762584071320
-9,89584024327927	5,26837259885277
1,71680268051905	14,64259574464440
-10,41978518793610	5,03853346023665
13,43745062086590	6,00157065858582
12,50779776024570	8,58462874112757
1,27278955202205	13,28353649187380
-10,32584680897100	7,80736674175755
4,30287823897940	13,57411839370170
11,81212674615470	6,14166051642271
-12,18269796794680	8,36407892775658
14,11148734288340	6,99892437984161
0,70930623016979	13,76921061020910
2,30292599980055	12,96477453234150
2,22835469863249	14,00555273426740
3,02187874214649	13,59575826447030
12,76424484429190	6,00517188284422
13,29600608020830	5,82796826538861
1,59032686783895	12,13620537888300
-11,24125653512410	7,68824672153242
-11,60075347161150	7,86534527195031
-10,65531638694700	6,33053074650105
14,31455899041530	5,83748238779184
-10,94563383433820	7,08598460049726
-9,70028805998557	6,26580696711471
13,65930127073740	7,61636532066963
1,87910572189243	13,90247962692290
3,37216190833616	13,21702771683660
2,26803001780182	13,55846899500190
-11,97033305854470	5,25695866886532
-11,82761131249760	7,82705487078163
13,07849315761770	6,89844452863858
-12,40749244806630	8,24285280898057
-10,05417790108810	5,84507375930860
13,67774282729170	6,08540030957778
-11,96513841560020	6,57387864566224
-10,67657098243300	4,94355989653642
1,67684121479051	14,92843468079900
12,85713502470130	7,19468864544919
2,08199956343654	12,24216800741750
1,94594441662301	13,62926550843850
14,85822718272620	6,02335948340002
1,45824907046228	14,14481634907200
0,88467328544014	14,26369840736660
1,10993369633692	13,59188414379480
2,20732938953720	14,29145194243150
12,66306339643930	5,42684019721932
2,75776477623608	13,95331855903210
-10,56530532132180	7,01648145106773
-11,28457016595420	6,87156175950516
-10,50064013617530	5,97665113781965
1,82750394982439	11,56424126756370
13,09920223930690	5,94102674971210
0,04097981461749	14,67198605221230
-11,16816029509700	5,92702807437391
0,09203685116134	13,94877198433080
1,69387266782912	14,25466417698380
-12,10329767142730	6,86652900402694
2,49463473771607	13,87308292412930
-9,90235927436715	6,49923090791999
-10,65558436395450	7,81924147083967
14,40053027447770	7,24069361705513
13,82370769330310	6,01653921537589
12,92105485975120	6,65620826471205
1,28051110760762	13,15726370084290
13,83684915016880	7,40860581587473
-10,56099117513140	7,27497437913786
-10,39397652482790	6,51044446202928
-10,71390747046060	7,48286416254805
11,46413383477540	6,58132175668581
-11,18932886858440	5,95531618902802
-10,42700053310450	6,05301617854916
13,10758697328490	5,93155906527811
3,14559258879653	11,45412051895660
2,67676721334801	12,46629209910840
0,50135900602662	13,19072850696820
3,55024547786749	12,86021989164960
-10,42269582639010	6,42470406974184
1,15396801234846	12,49304473226480
13,22449868808860	6,10706022716112
0,66913740684193	14,79220046639990
-8,67262890532257	6,35042716717039
2,19312558357564	14,82550925339520
13,73575961173440	7,54720290723635
12,13596483983530	5,54243144927189
1,60237902913919	12,49536832744900
13,02653524634640	6,14094411467699
12,06950047462240	7,05918428789740
3,18206002630817	12,04617667885110
-11,00926484741050	6,49134367456061
2,21770674264227	13,50398553517700
11,86494101253070	5,35212079814128
13,20987913842700	5,25403319293320
-10,26444529905610	7,47177226262606
3,22460223268753	12,90680903984470
0,13305102733925	12,92732026016520
0,35609729479698	14,45025885672320
2,54567943722343	14,10375884949900
1,16889021508342	12,63698704011260
2,34448260177942	14,66415180128180
-10,40581396853400	7,38125248891404
1,91261262030536	14,39643478090930
-11,76823721278320	8,85005607244682
-10,30487529489060	5,85658741447141
-9,78167085794144	7,28165901147046
-11,26038847126920	8,11579126167923
-10,61450518567920	10,97830347249380
13,38293318514090	7,15161274517112
2,54237313467930	10,73102989824160
-11,46596468029680	6,85917154891482
2,93029326760265	14,25358408392240
2,67834256588944	13,07182735759130
-9,92005416250383	8,66071312052224
-10,18318375171590	7,47089383064237
-10,65465708874850	8,31426103098456
2,05877987117371	15,55183161729150
13,05555440313550	7,35026562621252
0,42504820363069	12,52256743312000
-9,46076380247424	7,43612128198756
-10,63803695076420	6,64064225243750
-10,37207731381300	8,11757864522978
13,36642622170390	7,75236347227630
-11,75139862022050	6,31857428427142
12,51677824874060	5,57924367916672
3,80060820538238	14,00223844908720
2,25933373568382	13,99915751538220
-9,94618274370443	5,63833294496597
12,54991703382180	6,88647919370277
13,48688043986960	6,56409737246727
13,26242272597950	6,66538311298733
0,62750244981539	13,94023093294440
13,60323902609250	6,31968217949391
13,66588981029970	7,55040134041822
0,11710155963162	14,52549465199170
2,00927570495863	13,75175139286320
12,71592236083130	6,22200178535204
-10,07262125166580	7,86041945925398
2,25986806974580	13,48236064150210
-9,35976186685540	6,80933255553852
15,20512921680290	6,55101068151294
12,94427497894640	6,73357500575417
12,38824695315600	8,21260064875574
-10,64513633269900	6,84885316409080
-11,03414372002940	6,12995714979652
14,44119487538610	6,66202724882699
-13,37770566090990	5,79961802367029
13,32858265965740	6,40224773328260
-8,37861368314784	7,90160875289270
0,19745120936356	13,16772081966740
1,75957106185506	15,76792961956720
-10,36538628801130	8,16664736349235
2,66968754405024	11,88947604061530
0,44284428800559	14,40620738544130
-10,98988752397750	7,21242806499350
13,80838663936600	5,91664403083329
12,83622742639800	7,15787534234709
11,98250703094390	5,50215004796533
13,07909742168720	7,62258567687897
0,76201188710691	14,90266193319140
1,14084467953674	13,02994573129210
13,81661544640500	7,30630005427572
-12,52340274582410	7,61931423537591
13,88191858151340	6,15245790453288
13,35672460662610	8,49880268804779
12,30860430654180	6,86846958269741
-11,42889622507150	7,21734342263282
-11,62025721991640	7,44938972219477
-11,39656506512430	7,69836492150030
15,17050704934020	7,08559109649348
-12,19202610868000	7,48116818594106
1,69309060169374	10,71961577409760
-11,28324413443540	7,21736111948024
-10,62089413032890	5,63933802026159
-11,19588774052600	7,75147963760746
2,53808253682092	14,36359796499200
12,46828494851890	8,18414479066604
0,99612112246087	11,86359709044150
2,28671304290182	12,89841206011760
3,54373458343014	14,76499778683560
1,43881941836310	13,81792033462310
-12,19242903267840	6,48592561720323
12,51799358806450	6,32573916568774
0,71647930026039	11,67486952366180
-8,76760723012672	8,51516915701843
14,12900911532030	4,60772030050692
1,70958690145202	13,43245571130770
2,32122466331272	15,37978206847130
14,68732154288040	5,73838676867642
2,80008849866744	11,45139018631400
3,28316651961408	13,41135724589400
12,00988890317340	6,22546880711083
2,12948580942734	13,10229962031660
12,43090211186560	5,00394631454899
1,38590984772110	15,51888739011860
1,45052520966319	15,47431983286130
-8,72810036107931	8,61245558179439
-11,25605663061580	8,56017442230432
2,18177810185872	14,44607365999460
2,42510820302545	14,00009737229580
-11,72350268480430	6,43190693496152
-11,96868473734720	7,85924332345073
12,23713100404530	6,24893519308858
-11,11419401980760	6,83582597292499
-10,21104676645780	7,35639373192698
15,55098245145740	8,17750032646254
2,33585986278319	14,00409370354370
13,07193759999220	8,69007739547228
13,41035139537750	5,44271450501988
-9,86448231956875	7,06456459281258
-12,26646095465890	7,80082373004430
13,71723385595870	6,40874589603933
-10,82478724035110	7,72080608632661
-11,92958831356310	7,89519658309190
1,97502622938992	13,45914405691370
-11,69214123892620	7,81184086433266
14,52036918594260	6,53797142294533
2,01570094791028	12,86838207376320
12,76368892518990	8,08509794374184
1,99164584160787	13,93661844617640
-12,31680946010400	6,25174069548025
12,42289058854270	5,32773140263223
12,30562505772600	6,55783034478408
-11,35695755932890	7,39466694425569
1,89425000638594	12,90033739201870
-10,68561336990000	7,06346476474366
12,39163330247180	5,89320301074708
-13,05085880993650	7,68405411002391
-10,48451729867830	7,79993460152838
-8,47467540866552	6,05830933427054
-11,22076553610360	7,83319983023491
2,42832924972757	13,54640042392590
-10,92511174496770	8,49273140299223
2,05141644200594	14,20602748879900
3,55277101761140	14,72580626326850
-12,01182760595590	4,81344992910809
1,05500750496517	13,93694478679430
-12,00967842229370	6,23643432531554
13,88504311982860	6,38892371556446
12,76360526121860	5,69370068230676
14,18555813677650	6,47461447551027
-11,99106980212930	5,68346125963206
12,99999867658180	7,60048156248219
2,48951479557645	13,47044679751660
1,43283611680315	14,63926650033860
0,10039433993361	13,52705129102510
2,17074205788784	12,39288457327780
13,15855940229370	7,02262272362600
2,44661600235580	11,76295026293650
1,15564607064646	14,74407843484220
12,96838321374860	7,16197797952847
-10,85807364475140	8,04241968247060
-11,34319903103140	7,82626836033347
13,80438063070560	6,23249605958486
2,53522934367715	15,73718599534560
14,90173940167120	6,71752198927599
-12,41357272822940	5,95927405110328
13,29816138554070	6,00981589170362
-10,06407481801340	6,72035211775612
-9,72195159591913	7,29591916250998
14,02919335279650	7,52068721897405
1,46967426475722	13,32768615441620
-12,98965583890200	7,44118882346448
11,87614016513510	6,81668804498224
-11,02183703731080	8,54390472967621
-11,04165833523360	7,14061030572299
2,50800833461771	13,04585504398350
2,19979182752787	13,01509502525370
2,43087474469965	14,70605184223840
1,20493731617191	12,17620535678200
15,49781463831050	7,37822840098765
15,11729899807960	6,90281656189011
2,92202991776956	15,08734737602480
-11,58788631022000	7,36822584539230
12,67954605739760	5,48558509192590
1,60720193391856	14,88179415810940
-12,81224839803630	4,41960179330583
-11,56652826619890	7,57442492818995
1,95008438594688	13,99376394456890
12,99245464862810	6,99381933239728
1,38545452642426	14,13645850748720
13,19229215747360	5,41149336586186
2,74129134608104	13,53131032179410
11,52664959142030	6,57139531421365
0,06186604170572	12,82833569040680
2,92865778315546	14,48480462033850
1,55294927906083	13,75733386377630
0,75115051104801	13,39231669546030
-12,37538589698630	5,84814642792344
0,94201979350911	13,26334047583100
-10,15852032504710	8,19719881264167
-11,22508947492120	7,08749541043217
1,50283975757651	14,88032128515450
15,54164942020560	6,08042145169156
-10,81440169356380	7,98271083589906
-10,47886121248190	6,38481216948504
-9,66083895754419	6,88240184444149
2,49596333497035	13,63093951307860
11,94963343023830	8,35645568323519
14,16577898737660	7,64419677288489
-11,62958247377260	9,83414369647107
-10,12553911401030	7,84242134872492
14,93386772067130	6,44736834929110
13,10867236244440	6,65415273867013
13,81980048469250	7,08021180286316
1,20908275763720	13,09314166607870
1,05695117550951	15,86192013688580
0,42378905946675	12,44161610020990
1,13411206560240	14,04373139461960
14,43824439059300	7,66464525657976
-10,11663133765960	7,46871203942695
2,24654738242314	14,11249138897270
-11,45766390360540	7,20243970304027
1,51591512826250	13,71028583805010
-9,52121959637508	7,51259583042717
-12,85760856035100	8,14625564289054
13,66431404624450	5,21089023709444
14,53090934086810	8,22983349356061
0,77580035393286	12,56622577626060
-11,17004809046490	6,78593848310562
14,63428170095190	4,81755214415023
-12,32551959928430	4,72118927632348
2,54365470064636	13,91449907910670
12,54969318384560	5,78578167028880
-10,08423305769980	6,48915974105072
1,32762552556068	13,20847149442910
-12,07693504591650	7,79065023527009
1,83170893908893	14,02004648539550
11,33257076988550	7,81854785377372
4,52979168327647	15,14577663469570
0,59041713275339	14,18289447996230
-11,62987838083460	7,80716923813464
-11,27493732322930	6,62675912333222
-8,98363640098528	7,33242922371359
2,59676343413772	13,91550016783770
12,03414620659280	8,31740233891465
13,93808078618460	8,16453453570272
-9,65713489621583	8,63862740200026
-12,69171203580090	7,76300502836208
2,41259084140367	13,75789670314470
-10,73790651521890	5,93361258384341
13,20089518432890	7,61280298173958
-10,97287568763050	9,49718923040232
-12,08148519039210	4,93316651287356
-10,54067347307810	8,42145760586293
1,73777499692820	12,82488323418150
-11,44649616223420	6,77676067191573
1,59618604166921	12,46743466577020
-13,14086722742190	7,13489473898736
4,13196520373234	13,63067271660030
13,47455110969970	6,62641764554221
2,65633053040462	12,06628605859010
13,21447389403070	5,34522969984109
1,26827294118200	14,17276055740610
-11,02958513143330	6,81398614510453
-11,40160310131080	5,95843069138872
-11,04720156080870	6,81679317658544
1,89475725947633	14,65783405996010
1,39915424033913	14,43850199411690
3,23007232827926	13,54118036730690
13,79273570153540	7,35247012132427
13,84013816775680	7,62331624252156
2,64950303158772	14,44397395928890
-12,08567320475860	7,56912079601319
1,11119484065577	11,43957171685480
2,17683312602610	13,28382015195050
14,32304624443560	6,37636730867855
-12,09537842133910	7,92404611597927
14,64491260800120	5,88620704713947
14,72620953483920	7,48181279568513
-10,86074579744550	6,44955346728605
0,94952863877831	13,46877539287280
-10,85957433636280	6,80017682395848
1,33875848872654	14,01823934086280
12,47040390663140	5,42618427779333
3,38726107519959	14,38955642714510
-8,94904105862093	6,68047535703110
1,61293211607345	15,50469347997620
-10,68799890027330	8,61363034027517
-11,73120058707460	6,46350604296596
10,78188634773960	6,26780453630223
13,31843475431960	4,86661101197956
1,01519687049632	12,40124593984190
-10,34205883826320	6,17435530724540
-10,22510675902940	6,38752016683327
2,91736801875314	13,52953351037210
13,81428741510020	7,95927926514672
-10,45164334071520	7,85611970717759
1,65898653844426	11,40083783044690
-9,30838281372434	7,30251794496667
13,87624546889820	6,02462733726432
14,60814375776650	7,16533982299039
13,67657340122520	6,04093414327742
13,27015330616870	6,34995607568785
-9,47356325814842	6,52472392062670
-10,73170998868930	9,47722763168708
1,29778413488090	14,99823147086320
-10,56019602838730	5,97166915405221
15,87762434122540	6,78328007771915
14,30999688281010	6,83836724143579
-10,98662209403590	6,29382339088458
-10,30457714915540	7,31829950490456
-11,17999915232230	7,35273741580838
-10,76187031179520	8,07764252747129
2,23958081848174	12,85459060849670
1,43932423026993	12,88474330722160
11,90739735845880	5,02906041085248
13,17730365992830	8,58477791609997
14,32889274842240	6,42767739370102
1,29560312951954	14,18220929139500
-11,20559739016490	5,78354681181305
12,89819603445960	7,28496698700177
1,96954951401712	13,80676311730210
14,15784258912760	7,90642377490436
-11,81127314278870	6,02546364096262
14,40075740560810	5,70403266077395
2,48783794311639	13,82584681435360
11,84540165294180	4,90998721582509
-10,30684799644150	7,49850119549367
0,52442138355288	12,74045604166010
1,95492799830722	14,65710089080970
1,34106397562842	14,15588059949990
11,38959246059490	6,06823368902902
-10,08609877624670	6,16504473178819
15,03813952404530	4,43457416056561
1,76627611953528	13,40474066050180
-11,12145146341110	7,63787415450569
-11,32131842697870	6,84241992534462
1,33756573163001	12,45991958674170
4,14642956974211	15,72336418886190
13,04846741251330	6,45316554234122
3,61212567014900	14,10087887358790
12,42684076719760	6,82178981272538
-12,19676960534820	5,76753280893665
1,91604886874886	12,43269314466180
13,15240404714460	7,41378127785272
3,42261681469207	13,22730174775330
3,11195613583625	12,86867059582120
-11,09355923256700	5,61044573043870
14,77743103985520	6,77367744186671
2,92698922932648	13,39683240635440
-11,31825625765390	7,10187854890615
-11,86508719553050	6,34429454075208
13,71547386124970	6,65421360308569
2,69550888755361	13,70463420458040
1,16822389086722	12,74314902633820
-11,01357823618710	5,82680267248909
12,69779514271360	6,64385400671343
0,64701488710115	13,99334941329640
-10,91654225252280	6,89925849761922
15,40972359146850	7,84632793533211
1,36061630743258	13,54354784597210
11,07116896779040	5,38079247580233
12,32930694366180	4,48701137374752
0,43597322157171	15,72951151154590
-12,63575684100670	7,21482104311253
13,19440933546880	5,27664901206036
3,14735207251015	13,11359462054880
11,17547361516310	5,82763741325362
1,90658817920836	13,35334057709570
11,83241861538290	5,47759487839975
4,03245254998817	12,66652707129010
14,99808778088700	7,48775964721763
-11,85501776304820	7,33276136396969
14,24352976414980	5,07254583700787
-11,93457825257200	8,75029251898066
1,52472927399736	12,71163869617690
-12,55338668261600	7,44013649817735
2,85672226957825	14,16108305434690
2,23739069175888	12,15853844375640
-11,88198179866380	7,27444436788312
-11,89625224762820	6,78819921392966
2,15370341431718	13,07775999244710
13,00179481227860	5,97378248165585
-10,78095784990730	7,10583652836712
-10,34980633965850	7,38619222948284
1,13433665028186	15,71822511459100
1,16848363985217	15,23225287639300
-10,97144050063310	6,81991199832594
1,93850763207319	14,58242937821120
0,24398723383325	12,19053123369530
-10,51624667123810	6,03710075540659
11,70521134200370	6,77776622718453
-10,55940652004270	7,39492730637949
-8,70750783937465	5,46395651871256
1,43483855856439	13,05180981941320
2,75181925822063	13,24024087400170
1,86129657384715	12,83572494290680
-11,68834574514100	7,71123860797374
13,84534557172780	5,98307134334762
-12,45980174538990	7,32651715828339
13,05405750189780	5,72362436572122
3,30119539786341	15,59504399840120
1,37529674691233	11,30559654412850
13,24394127528980	7,50386099970144
-9,19729974790159	7,37875635306067
1,55729124512988	13,55326824579000
-11,60842075339930	7,73113734009147
15,22596472051350	6,62126831904044
13,00051558757280	6,36217943353055
12,67113552004290	5,67092938517545
0,40424971555315	14,57964559033920
2,09792183248802	14,78043298082370
1,69218057242963	12,47060673353840
13,21345085642710	8,75201478174354
-11,02953929390600	7,61247684728285
13,38331000524590	6,05613099398375
13,62554572666850	7,94503007558072
1,45719252867806	14,85954885266610
0,76515394806387	15,79938656952130
13,16657535447080	5,36072007073081
-11,36463166331810	5,76569641838000
13,42061194047140	7,51900261731311
2,02323895959342	13,11245952150850
0,85517607462110	12,54405666067010
1,55185965434505	13,50749590958130
14,03318642718400	6,11390149036890
-9,86281967589335	6,64369102227683
13,53565589303240	5,63038347870756
2,47058042742374	13,60753439187860
-0,00228403987869	12,22287838249600
-8,43112436513511	7,18001026111752
13,67257890682400	3,96177553776055
1,26757992827254	13,92466812618450
1,37298399811761	14,36774199227520
-12,02849144226130	6,68468427998368
3,03809508781580	14,59206344123960
-11,30141012188510	7,83129041421350
13,20590856806830	4,56558110129829
-9,93638317587527	7,22768106375235
2,44381471774269	15,25546010062530
2,40877490989850	13,12191228523230
14,32428214455940	6,00166053383921
-9,80136935726067	7,15244062940608
2,93201088000089	13,02717630687460
2,18829863939267	15,40998774573770
13,51126868398790	7,66575028889382
-10,79998626127420	8,04915633952689
2,47912943389469	13,05298830911500
0,95552490547728	15,02578459853980
-10,33068214561230	7,53904444352788
1,67493278147074	14,00251890099930
-10,49837370200370	7,00208482173926
-10,12941537410660	7,16528445894287
2,49553999202499	13,94584000512590
-10,39547133712700	7,49452558912644
12,63865252793610	5,76512087871127
-10,95678850477030	7,16669050105539
-12,53680528770590	7,32450900065222
13,33245235498200	6,83973947528129
12,03325634293940	7,38138349202772
0,44204006222374	13,52180336467220
2,35321614134875	11,98486303803000
0,84038752385712	13,92263324288830
-11,11443075685520	7,38121749937793
-10,78598833231110	7,15151615668043
-11,54258306763860	5,46455007451794
12,76349647692790	7,05935703796278
13,63153037401190	5,77018935107611
11,83650870018880	7,41362145703849
13,04226111386870	6,96794183166678
-11,41831730071510	7,16718744288384
-10,54626268742210	6,45281523792524
11,35718325519160	8,22170788778103
3,60448054924383	12,45283598017020
-12,15933628131720	10,20314179841880
-11,26021930647570	8,82282020544339
-11,69058116534280	7,55777836668474
0,23398543381404	13,66165991163100
2,33970946309592	15,38281110554630
-9,56985778240872	7,40616141613879
-10,70687155405480	7,83690694606069
13,46011656401340	6,80858376659920
-10,82604338393390	7,42896084634994
3,31574891216702	13,42235681161050
-10,06984231140980	6,00847081075081
12,50976679186510	5,31009676847307
1,48074364968827	14,04768679566120
-11,43978329663310	6,61292928623053
1,19733077181790	13,99410290223740
1,22436152049724	12,93443296009980
1,33866238342349	13,16673048166630
14,66546395017840	6,82713652027438
-10,73879935228580	6,61118913179720
12,59946739742620	8,06074631062997
14,33369531731500	6,89854200444526
-12,09852075156500	8,89654247876659
-12,56685170344970	7,10156218171425
3,12588400111868	11,94859940454340
11,62137273470420	6,39198452184979
-10,71573677570970	8,64235322846376
3,38352346531579	14,05668435348410
2,36090474109156	12,88476359346640
-9,14470021565706	6,38296339524490
2,30920178479517	14,12521598048680
2,04847394452055	12,28124141510910
11,37068363271030	6,77260738468482
13,18660248988000	8,22995505101678
-10,99738884348110	8,64645724489725
12,29191421081460	7,62196700298366
0,86738474724548	12,55252483479080
1,62521962978234	13,13157674345220
-8,72938864847575	6,96745190504453
1,73749119368681	13,13361718735270
12,51076124670590	5,83529961448174
4,22718293768933	12,76880317496610
2,74521859192929	14,13843543045520
2,58784189575322	13,58304166354740
-9,59854490874987	7,68238897020812
13,83911130092010	6,31541600252901
2,31089544534463	14,82485484872670
12,42556295612540	6,25734572123964
0,58632475436878	14,71509287985950
13,18855161963800	7,51102791810915
2,77295419439502	14,02912167936950
0,39982060229832	13,78317314596380
12,84391780109710	6,75556532330367
13,32943430992720	5,59985077587379
13,26706492171560	7,36057534159179
1,50800637521436	12,86345067995430
2,40625745199138	12,80106590394650
0,58080457637424	15,17501466867050
1,64274637591255	13,71143761897760
-10,79094823495200	6,83691576911724
14,02970928134250	6,04559172718556
-11,43265033987680	6,47873351699851
1,72513386402711	14,37221323066530
12,75680234709250	7,55763549401342
-11,22056347934510	4,98753817933369
-10,16611075150530	6,90147873137647
-10,35914780339810	7,42707342519629
0,77919883468381	11,71918934896620
-11,74101860213730	5,61667168536961
-11,29685450247930	7,98954568052019
11,98185311995700	6,29482223843079
2,26152649892131	14,12029934651510
0,06682868867944	14,94378132357930
1,90097489790078	13,51110131669900
2,91677615516603	12,32076931485950
1,41654564489083	14,66686814481570
-11,28926071511390	7,67044545708306
-9,86559864981494	6,45594971603503
-10,00942550168940	7,76390969744432
12,39605201481610	6,74422771787363
12,07748527483630	3,73548895089532
-10,47208136688730	7,81925324652834
0,58691231892991	14,89473356922570
1,36596793350840	13,93685185042940
2,40183669554333	14,01307600645360
1,91535650018879	14,45213508645710
12,41929810471370	5,97071573385015
-12,84536680644740	5,80045940615352
12,64805403865050	4,91019635695065
0,86144353910854	13,87604198472750
13,03849087523730	6,79380443789236
2,42534602271180	15,32287965178980
14,50625958941720	6,62326467571625
0,36016864537520	12,98827990734710
14,86227621049150	6,80077614512116
-9,23795747696467	6,10508082772206
13,08471345765990	6,05391615638946
-9,29782712180808	6,61505375679410
11,34945481484880	5,96223746810696
1,66165635991417	12,77206713756090
-11,72111466034200	7,88053204239831
2,92152425961215	15,32999885622390
14,68158669349630	6,43642781381666
3,12636894800761	14,87965402704030
-11,74728040061760	8,24156353550148
0,50163447896290	13,95664136986690
-11,75117768186530	7,50578035862282
1,17383068505745	13,21964676554150
2,01305624954011	14,82651220452770
13,20980728239880	7,11836752007593
1,55826203405376	13,17685391239020
15,26886595085330	6,82435875148753
12,73257412153970	8,38564502135198
12,10441667480600	5,20878336293906
11,44911741494480	5,68838903070328
2,06029932642738	13,95329577309190
3,35215461048872	13,06765003883090
14,11125444102640	5,97607031938451
-11,88753668250910	7,77257387800854
1,53562748761425	14,27495227463210
2,32185526153368	12,10094807442370
0,78070842930719	14,71951752667130
-10,44816621697520	6,37702341256119
14,27414218265590	5,96358027817432
13,53307110825960	6,65908725873748
-10,16867209980990	7,30199101430992
-10,44219116016820	8,23469473995023
-11,52007656998100	6,61928481494524
-12,70059609456850	5,39323115704583
13,23731160642180	8,30138359879769
12,13565095199580	6,17760314800071
13,27000661711040	6,75369862274858
3,07896602435065	13,37646359017980
-9,94522054893058	4,78646586623339
-9,96344802433842	7,26400470703769
-12,95628331754170	6,18263399827351
1,82274156281775	13,90034732511200
-12,10171407393260	6,61691583945232
-12,47696470638810	8,15907987697500
-9,03205965173510	9,46743912250198
-10,55200674775720	6,89106123542091
12,74215448501250	6,94414417111909
2,09140349735890	14,64935556862150
-9,98292067283041	7,01704448682953
-11,21543048546430	7,65941744841365
13,37817335340040	7,11115831565998
13,90769759082380	6,91488572270276
-10,55373525062060	5,89696021367352
-9,69878649784743	8,91217283527482
12,61112961413830	7,09045287342188
0,08839923428443	15,12290499489430
-10,14008799765140	7,09853961602180
14,16204031324050	6,52359684020632
13,82036659311680	8,21047551385631
0,58467833489033	13,52617473068660
0,68944381951279	14,61303262065300
-10,97473536943220	6,56095358677164
12,79126352006510	8,57311648815464
3,81887652561861	12,31279186714350
1,38982369462476	13,80076754950760
3,03135288880662	13,41706356457120
0,67530417541695	15,71328589189540
12,38821576640260	7,78612164865320
-10,61622882495790	7,19452112712095
13,78267650900690	7,04540547417819
-12,58704953805450	6,93333525988596
2,20341087696969	12,26563212023100
1,49564774884326	15,15298772516340
2,37239125873657	13,48923057590880
13,86736177276370	6,14433237370981
1,15137605560110	13,29404392112630
0,78941775186078	12,25887928212810
13,49274798944880	6,40107163625634
13,77854063550670	6,26095877874712
13,68944412142430	7,14205369921447
1,72917276333415	12,18928670883330
13,61377037219120	6,64559258890126
1,67032114050510	12,72087715912470
-10,38145177744050	8,35817941400115
-10,50015880754280	8,09201386291812
-11,34014234546380	7,21462549566547
-9,54449315964565	5,54260714944428
-12,89083958159220	7,87130506624113
-0,79198551486905	13,95939786062670
13,98229764818920	8,25650387948133
13,14979569656450	5,97630594402487
2,82519765753039	12,74330707049840
13,65197054920380	6,17903140332105
-9,77604583468413	5,19663769017566
2,49325635502581	11,15568837990230
-12,71078539396460	7,57507190816954
13,48305230933860	8,86289274483423
-0,15543987423124	14,21450339736550
-12,98215585525650	7,47586308697705
12,54986359457450	6,43918083143803
-11,08269733821180	5,35729612353676
14,56423525877130	6,71909461464598
13,42184161674990	7,60535086545672
12,12690812336850	8,33628884994988
-12,11140248284400	6,20359047676814
-12,78849365787350	6,90172476685682
-12,44556792456920	6,09698291211036
-8,86696094301334	6,43875565763213
2,57538649640744	13,48572010788530
11,80607089713510	7,40325648755310
-0,20684178790616	14,03705611647990
-11,07403663869990	8,99464110778529
-13,25738038365660	5,97983612464480
-10,38938124208570	6,05017205266702
-10,62074393475670	8,33592549468514
-12,47882641157150	7,83799778558373
0,82870551283887	13,61232686710400
14,41446211810480	6,57732874561213
13,07867168144020	5,92685254819373
2,27283478100313	14,61336653304110
13,00987819257170	7,29916950448020
2,95161381634099	13,87934953580740
-10,52259228813870	6,57943199869714
-10,69489527037570	7,44168153237031
1,32166857236035	13,67124976172760
1,63799814301016	13,28829047477600
3,33574522069773	13,14502269026590
1,67437767482163	14,31162860657820
1,03687306079025	14,59625580744140
13,71259995138140	5,88229200624485
1,42526792642339	15,09732311915570
-9,83411472377486	5,15827168908398
-10,13447430750800	7,33018990601143
-11,49684916818370	6,38611873611380
13,14037408611440	8,03818528578858
-11,08862189842110	7,16954397252074
-8,22064173851568	8,68801893466466
-10,03505478089190	7,80484699754176
1,51170908337620	12,70154961345230
14,08997442322660	7,39050744795663
1,84240590808988	14,48533118071420
0,22946790104372	12,97609876227920
0,73489332956730	14,22287888928300
1,62067724435645	13,30597322863840
2,51702119278172	13,69906144874400
13,57128600577970	5,86628395635458
1,52861980789321	13,94438933712330
2,02959556546051	12,78252702002210
15,10172232937270	7,19440823363182
-9,20044863697943	8,50002151059008
-9,28230506071535	7,85984199912632
11,67356943946790	9,00004673834680
-11,01133391912990	6,84973584734656
-10,42202215442740	7,07337632782406
1,51251899820850	13,84163444886050
13,47796086557920	7,01791997000982
-11,02951189803190	5,87484437897994
14,85890352418170	6,30555814199614
2,02395325110793	12,93185214564520
-10,59039803467310	7,87815386052527
-12,03850009899120	6,11716917611948
1,14838783564739	13,37178152510800
14,53150422645520	7,83688992120032
1,34402220314403	12,32538277080650
1,41097016810490	13,48686476898490
0,84513366666888	13,08267291236030
14,18369261843800	7,69158475748285
12,98158862268800	8,69322616125873
2,01676151327587	11,46747754979930
12,29129296906770	5,67973991258278
-11,09236656499290	6,84017305502580
2,81243994056555	14,65431081412900
-11,05640874488160	7,98452455504552
-12,83925652101010	6,56286679871875
13,43342495472590	3,74382810020032
13,06738022598650	6,70779585648742
2,34087547073872	13,73925229112580
-10,44646177697190	6,40351915304244
-9,92041020529040	8,87535176329550
-9,35001250394040	8,39281491213706
11,67600866930740	4,77115503008301
12,45331211974550	6,92660001313141
-11,21918237689440	7,46388557355206
2,40109293507959	13,50866557404620
12,79717776888220	7,67451573618341
-9,83107348903853	7,08405251022672
13,62956546245940	7,86921173836712
13,39021428275410	6,35271436622910
13,84336461817890	7,49926619594891
-11,78290511694330	7,52817885856819
-11,03216094862590	6,09980978300719
12,75839036082840	5,97577496706488
13,00365702932360	6,15877366040622
-10,46387088806020	5,88219662432642
-11,54195863897770	7,94723880476041
3,06104834047705	13,16988461232620
11,17020206988370	8,63883038919294
-12,17185756872030	8,47862712414416
-10,10053826061460	5,47413998610809
13,47096996178900	9,25845973604471
-10,95066032010740	7,51270832834484
2,61453948591849	11,68132488274010
13,29883932323380	5,60650731283106
12,48592089818270	7,46034677384439
13,71228325324540	6,55135858956354
-10,27327149367240	6,72259309240384
2,93207787331222	12,87698251189320
-10,42867573875800	6,20886642988137
15,04545562371240	5,85220517708245
2,57922538883496	14,55116623454600
2,65267374241070	12,73078704641440
1,63749555215700	13,08031814731000
14,86343134220190	6,49180647216868
13,25105271100220	4,77566272078925
-10,63454379765660	5,89972824235228
-11,61835856554590	6,07569241776521
14,35716769257180	7,17312748727908
12,76997959981750	6,41744642434765
13,71771311600760	7,07979412455618
-10,87964125006390	7,72237030892898
13,67818162390580	6,88134908286872
-8,49169740825632	8,29095088731541
0,47988561521078	13,99023669724630
13,77745645792060	8,01977475788026
11,44055414803240	5,64958671752278
-11,88226785743770	7,36391733633441
1,03046117871500	13,54995448652700
14,03860685587550	5,61204878014674
1,75946022822815	12,68662567189260
2,65024518579545	13,56206708786830
1,81434609984341	13,37210338108040
12,41506155418970	4,69774041027170
-12,98541257632950	6,55966324755917
12,95306925605580	7,95099923459195
-11,85401443946370	6,45278805116433
3,70018591798527	13,52646638596590
14,60644286342440	5,58857913490305
-0,31929572966983	15,16891608147510
-11,04082735892130	6,49697242235521
15,43484121396600	8,31049634699696
2,93367573736340	15,10037470227850
-12,26203973642960	5,96099686958518
12,69111074339160	6,65453224450867
2,25830974431544	13,98158168036190
-9,39255098247638	5,84511978968433
15,04377214991730	8,05978624975003
-11,29039226717000	7,12835598183668
2,06094710107393	14,98040309122990
2,98936991735389	14,14011510009560
12,02853123146690	6,29776358574231
12,59402044776590	6,50627640434751
14,62325075436210	6,37694117234519
2,88083779991985	13,25695683105070
-10,67189352182780	7,92846919634977
-11,99859181837710	7,63339915208933
-11,56785027235920	7,77377089419626
12,12328824959560	7,08946446280101
1,83122097895413	11,20441735628810
12,37304136622190	5,40821992410065
-11,74676760668770	7,95094033936607
-10,39244075091080	8,15304062867220
-11,14787361623200	7,16724307682895
13,50641148959280	6,95157913751724
2,75982777753709	14,77521218430340
-9,81317367342299	7,24307943112433
12,60991874216430	7,03157522240909
-12,27234763648690	6,57263505343873
3,33204269632321	13,83238948935370
1,59400225435206	13,53071839904830
2,20006290450029	14,91610218235800
12,69565109072200	7,68547963690497
14,51735936782470	8,74928457231946
1,75488760608717	14,10290025809570
-11,54369545606170	7,46391611943374
13,11275469342100	7,10224156749616
-10,50692513416190	7,26265410374681
-12,69205764735470	8,62526050916466
-11,30016109850000	6,45354419856045
2,23420732717674	15,06085671553310
1,36876321987537	13,38533087229150
-10,69700523563620	5,79386562033048
13,21864849278270	8,20020986119665
-11,12817175100760	6,73177136091913
-10,88995927436690	6,52462087409707
2,23749116987625	15,69785225358220
-13,00127648427760	7,58132267355074
11,21542667317410	7,09639866729473
15,83978784517210	8,13080198646713
-11,81080433293670	7,25907338579633
12,16267289653530	7,20556442427086
1,35271750991192	13,09038038472940
-11,76705207879260	6,95786555127544
15,82332983268740	6,23990455863869
11,75006871711450	6,90313580202569
14,66399078182330	7,12500452710950
-12,54048370853780	8,10122362859055
13,15526691640680	8,46640382095094
13,08052960618590	7,28788955601008
-12,10298618392210	7,30183285475465
12,59533871226970	6,41900528896989
12,34795102637750	7,30156455972924
0,83557328501739	14,01931001736450
13,48899769232720	7,48553567140519
-12,32331585076710	7,31038861644285
1,96704408067102	12,38847625707240
12,15918488474160	7,55780653568089
0,96000359546955	15,21804254224280
-11,16821120400670	7,30522833291604
-9,95591734049372	7,44139649869328
13,64729075413300	7,17256474971271
11,60326822661540	7,84789114985611
2,92467771595535	14,65619061709270
-10,95547969393200	7,71188800336436
13,23539603036700	6,18551394877815
12,94938592496330	7,12836023087690
13,00388243126420	7,42048766284070
-11,53878457916970	6,71341266489725
-10,53238005987750	7,25403945091933
12,83600020984000	4,77066104107447
12,82471060483980	7,71437128653068
1,52143799060913	13,03212660874960
13,20723058255980	6,17805716818784
12,65639779132480	6,74489337046998
0,33898296496457	14,05889287792710
1,83026122851377	12,10989547376650
2,35673853488677	13,02636618366290
3,28973677499715	13,73333648187430
12,30875336266270	7,10859771640405
2,07650006865091	15,09794053379520
0,78744393745462	12,90214475882220
0,55643323595178	13,62184083569250
15,17801927174690	7,42575823353246
12,64165093830620	6,82057127877535
-9,57552069467542	7,33681986395655
-11,79096390576370	6,20571162218765
-11,27067760912810	8,94312908769493
-8,37745891258435	6,53731518770820
-12,68288119602940	6,12371953156553
12,84503035026560	7,21208745120143
2,29957824592200	12,90008844797640
-11,48458648542680	7,09202010111296
-9,80484927014223	7,32430488514018
1,75179061189104	13,00004485429440
-10,21193190917430	5,57623079736416
-11,31561573129480	8,80409385607336
13,65673786507440	6,61015260820700
14,38540406347350	7,96347257490945
14,02754791137830	8,02773150927046
-10,71541355900710	8,48753938876290
12,81050833995980	5,58075658579005
2,39199064343455	13,93677620773070
14,50176293424080	5,65741488370981
-11,03125947890100	7,95968306011928
13,09159233111760	6,02675295024257
14,05658508384970	6,07598914534291
14,70340340291320	4,90499557958329
-10,48177715828500	6,63121912516189
12,74235823728380	7,53093434132619
1,41903550864540	13,33744504663770
2,06986476906341	14,87053354295320
12,08947036555370	7,17340628164618
13,71357890688560	7,68405666339100
-13,73034162861260	9,13477056944156
11,62183858533080	8,06344100457728
-10,36145167908950	7,44914744395127
-10,39860001696570	7,45053852091975
0,36881399405757	14,74146723330020
11,98898397463730	6,13680320565065
1,75717590390431	13,51473233227360
1,71194490167960	15,00257598981970
2,21961161648408	14,17828434210920
-10,56606658632070	6,50407778629198
0,93685853662714	13,39839945444290
2,31354750578701	11,39725049481340
2,24696515489682	13,60900279733320
2,86903143620829	15,16354580759150
12,03605470468840	6,28267580383157
-10,70636356181140	7,61791512583098
-11,27490716748120	6,78501133472455
13,91102549535940	5,75029835549149
14,31796218490690	7,17504053085465
-11,66922954167520	8,04948187173440
12,65176543830950	6,25129937069608
1,39452240432027	13,50130859448370
1,00509212124046	14,06500530302720
3,21704964315934	15,37424772380820
12,69425876880040	7,66588705609916
-12,63939228727690	6,64251520452066
13,41524747225770	6,02989294052675
12,89487846933650	7,04857835688426
-11,24316191593290	7,13076943852597
-11,11806337634560	6,58481142636645
-11,64846461097670	7,22331968987436
-11,18986901057470	6,86259907849007
-10,94714377544230	6,91146655759825
-11,47259431041080	8,01054169461713
3,99976835724183	13,53266527061580
2,69960113023917	11,36889080073120
-11,43413801580610	6,84446608773147
14,26909723720630	7,11533614935980
2,17272818033112	14,47152479339800
12,38152854978360	7,64316035451822
12,01914958817630	5,61212025439474
10,97789257160270	5,63664749100487
2,49211703863877	12,90292407004990
13,25660298214090	7,66652926786485
-8,66684652817605	7,63062611135101
1,93508629070775	13,38842630027420
13,44871168179320	6,85495654312026
-10,28897933797280	5,59997674403406
12,23753481274660	6,29781852249243
11,94565643050410	5,56391725882698
1,69867795167093	15,64567762770160
-11,09184528027580	5,93048826329478
-10,42298348534650	6,27961940313471
-10,48108688219980	7,69922070054067
0,71697651467271	14,00203226880830
-11,28124258330440	7,21395956018278
-12,40163461715940	7,27676558747482
2,77458156036565	14,19805478849020
12,56655720610620	8,65830625419375
12,48392955734880	6,02278426512035
1,50265198566724	14,88852650282720
0,94684691763711	14,64672214937360
-10,85189494660230	8,01803715063165
-10,62647586365840	7,35802103319729
-11,10436475195830	5,28973300903257
3,05126726482205	16,73525053049470
12,39892430433350	6,37254096587595
14,70110840356980	7,33997344233855
0,90141622224711	13,45130680423850
2,18248225297646	13,58468267895690
-10,31461725022840	6,36341194963233
-10,88868107951910	4,94350592789794
12,21507207947050	6,68210073232589
15,35013404377270	6,70450062317801
13,78564842686180	5,80406043741971
2,96502694915140	14,90782917522100
11,95077543218290	7,34302751591832
2,43557259796467	14,15055612511630
14,03754559701500	6,52323193791431
-10,30024842250820	6,67670970051767
1,92328390275361	12,61563647718120
1,81218729603252	12,97690623462750
1,98864371236164	14,58063667706860
-11,08979614327920	7,12799093752640
12,62543617537100	5,28141359312382
2,05912066925223	14,65961979722580
3,22356111584845	14,75330087431850
12,61237508512240	8,06622262770008
-12,53128767977300	7,66877696693721
14,88388373654800	6,97512941337912
14,40281688052890	5,73796321147145
1,98198006284081	16,23141920821760
-10,90113779811380	8,06360571092797
13,36095747905140	4,69709502291532
-11,11864252896250	8,09685042586324
1,31539701196432	12,72722124294250
-0,23485796023127	11,83558061846000
13,72703784494770	5,56803418379248
0,91129910322385	12,83020704533040
-9,31415668765206	8,09202538010523
14,64442065660160	7,72994687886465
15,69143697919440	6,49017665063900
-10,58179581508500	8,20591306576561
13,92299639834630	6,79350086472508
-11,51755258487030	6,85455340515969
-10,31682345366160	6,94064021652814
-11,21725823430490	5,37188695067296
3,09641544230127	13,03502772319640
1,82781425864356	13,71321478250510
1,47385397595442	13,06864104511690
12,23650863755430	6,27985246404948
0,72330853141688	13,44556361408290
3,05070226300645	13,18163671658470
13,48226717832430	5,31542507404128
-10,64198964372310	6,72502236405232
13,88659833076820	6,33169294811839
-10,67638053905060	7,65583131808778
15,24414929912080	7,41138252065535
-11,46278432007570	6,99105851570157
2,34298157029985	13,21115628218090
14,23692139891880	7,18393285237092
-12,65506357601370	7,82252461755940
1,31843426812801	12,26896989995020
2,55046918557593	13,27554263552810
12,40751175076810	8,11956784812698
-9,95523943477090	6,98010804084893
-11,68642841044460	7,32892895065598
-10,86662262394040	8,74606161701323
1,24680366440368	14,26728914922400
3,72522552601974	14,78989513144780
12,99027031978880	6,80854062612775
12,56710597586790	6,57023573948477
2,22976102099201	13,24275124199260
-12,12101846509740	7,58873693265089
12,64724923381880	6,80120782682720
2,09419241473953	13,22069480613470
-10,15111489601520	7,77645853812325
-10,27909667274120	7,97511863900094
-9,23070011201107	7,27936767711440
2,39536020465029	13,87413550731280
3,41447695206598	12,76242659866340
-12,17423534150530	6,91221414026135
2,94910793507061	12,04023100122520
1,82419619177354	12,86379233255020
-10,79005833287980	7,15892350177980
-11,66756165578130	7,24303313815408
0,72141388987480	15,60536246762570
2,20791664307849	14,70530569124030
-10,38599880454910	5,29198991971046
-11,47655244338170	5,66773463136932
1,51469322622049	13,41298440014510
13,17023007780370	8,31238959698188
-1,13024364390819	12,40365690262930
1,08983066773003	14,21573877444040
13,29912385490100	8,52810598589759
1,45577989516944	14,55263825643040
1,79584528445109	13,20744354658260
13,32884011416430	5,57041534156714
12,66216741365130	6,10885858716508
13,79144501907140	6,59095123558632
11,89124677493220	5,96410412647917
0,25161551914467	13,76566512706620
0,03023662949312	12,60918779258210
1,17389530220478	13,24611826978280
3,22094492345682	13,43194221164250
-10,12214912642680	7,94993035413103
13,94768530539490	4,93461732101695
13,78412879893350	7,96319911521825
-11,43172467122770	8,57404167490392
13,85220311979770	7,28572829253283
14,05049928326930	8,31866028290397
-10,92405431854960	7,52866600874852
-11,22731035724000	7,41943048140403
11,97871458468730	7,18640083426185
14,02175933518250	7,47654611892294
1,72200514367308	13,73721470752980
11,99980000501960	6,01117816499717
0,22603232008044	14,73258716746980
1,04437210778014	14,36085765882860
-12,16339749772420	6,22819676960403
13,62711049747090	6,63989278350561
-10,17532865102780	6,30813005599666
2,96774498300835	13,26522167933610
-10,56481586866830	8,53325137798557
2,48140837622859	13,17631463141980
-11,26653265177020	7,14490073434205
12,37195030588960	6,93740562373727
14,13051996229040	7,36146308105150
2,51723937411123	14,21693581729510
13,07900009185660	6,13734627449975
-11,63862694185540	7,32740026378475
-11,12359844635760	6,35973270411048
-12,63600085269530	8,53390849268455
-9,62920955782180	6,04319039859900
-11,05465780093700	6,76463854243037
-11,69168095505470	6,38706431385470
1,77938309571189	12,95060741483900
13,78875279666620	6,05529031933413
-11,93442076132410	6,63301913477125
-10,64258674085250	9,10397544536956
-10,67656103399450	7,85169380905171
12,27986746197870	6,68809642391209
-9,77841878130024	6,68918353524403
2,26768063643742	13,86108184525100
15,17580478116440	8,16615689496247
-0,39318307784340	13,61775536660850
2,23676320746334	14,07559221673980
2,06757038018722	15,20491979271750
13,11048398462380	6,02169030174956
13,45295819214760	6,44646224169994
-8,32950510287111	7,44195709187688
-11,37424728614100	7,48109136787847
-9,98703343029421	7,25176696322544
2,43084302633297	13,34342460680600
13,11806898173140	6,82084146991092
3,03091569903206	12,35619024256400
0,96007821506987	14,15073782323360
-10,82451431962040	7,83146305510156
0,72466107695072	12,62138056184730
0,32414938806396	12,58815127347320
12,90435391320470	6,47378636273728
-10,44303289481060	6,84603169826565
-11,63892278127910	7,07608735909672
14,27864731585390	4,31010974653448
12,84099967209750	6,35463471745741
14,45495871632190	5,61678279300204
14,84101261571660	8,08770380135505
12,26972368386050	6,79921502789001
-10,76379220291410	6,01917949917296
12,18960614526920	7,84414325805766
13,77499461242030	6,66777188755738
-10,03525904979460	8,11056016342791
-10,41703775560590	6,94122085842961
-9,57358816742542	6,98280125917681
1,30881630606934	13,65166467536180
0,68405835457937	13,71224078767540
-12,17957400013890	6,39186638028292
0,24582470869714	12,34364624150270
13,54006254049760	6,05740830513190
13,63920697359160	6,97098974838033
1,70081249630708	12,54600635045180
-10,51579798181030	7,43470764482884
2,81868215450776	14,54546674118080
-11,72631666518670	7,57728428249404
-12,41342531771820	7,14897027442899
1,37992946642212	11,03420174311090
-10,97583089102190	6,59377993251525
13,41608189728550	6,14118426353515
-10,01650697732060	7,10596905338156
2,52036849060781	13,81482378530560
13,05651667657070	6,79857128264869
12,91847914974760	5,94410396217357
2,53472127717370	12,00082636695410
12,92718715713500	6,39678890905346
12,81455177638510	6,16532427336798
-11,02904402160960	5,70049526345180
2,50879921104029	13,14164488090300
-11,37852394105470	8,67720777975338
-11,66797948778280	7,30531936165209
2,19077628930503	13,68234757936260
2,83465927552196	12,47174178847770
14,61923596855100	6,27445748047015
2,59214336524567	14,34839088795050
12,68436944044380	5,98885184150930
0,14146686473725	14,10843745556560
2,63763554011482	14,05381351123570
12,25326846111170	7,26897860543254
0,53462627629960	14,42060977871290
1,86946495132316	14,71146570325270
1,27425037187601	13,30031267269920
13,62541950286220	7,68503105557292
0,50799233910519	11,62908706373690
2,33406296664971	13,62393591995070
4,06941598115640	13,57539361897880
14,64043648150250	8,79669044043674
2,35199107873112	12,89120798737140
2,94352059859304	12,32273894448180
13,22536849488220	7,52098212369669
13,20358767508630	5,00390042457306
14,83718726842620	6,58001038825107
14,48509778909750	7,85419932630181
14,09790195684150	7,83758393113692
-9,76798556566086	8,87104222853287
-9,93999750142192	7,86034184950868
15,02809833952270	7,10463473451351
-11,51224344850920	7,60099115854961
-9,25227579377809	6,82282183403083
2,84653493310615	14,26213039110010
13,33831271089180	7,02197921614154
-10,89604071199770	8,10922173398158
-11,07002008521330	7,58291906969615
14,39049542378990	8,95168811927617
11,67995435199630	6,52448017083700
1,67255219215517	11,87655669949740
-9,03380677122229	6,32474283007894
-10,40093498340180	8,91578913789804
1,37336248722892	13,67827551469890
-11,06421583378200	7,05552690413988
15,00017060841720	5,82113174521869
-11,20956844288230	6,25599105840090
13,99265444223500	7,12231021267223
-11,35157791724020	7,48658888149439
12,77863728293080	7,77716904598071
11,97506111619360	8,19654742081231
12,60831324899570	6,45289593712240
0,98945859062804	14,07457666999610
3,44299053011943	13,63635426804100
1,62939110185122	13,47181659524610
2,87615654880679	13,51500677129360
-10,82648840073480	8,32810239423997
-8,05013538794646	6,35964468705554
13,91594875096010	7,60999423417353
14,28684880472090	6,96780010726134
13,90844607710290	8,98131763596050
13,86777875166640	7,65644958958564
13,58838407188340	6,29103583387147
14,36928867425870	5,50201666366557
14,07632444178430	6,20417749250460
-11,54055413337860	4,67936554183437
13,02906631923190	6,35142013504959
2,84525809662151	12,69692414277680
-10,12081909668900	6,15970125737013
2,93017409768463	12,33382954425580
1,20406860257595	14,14289949410570
3,04184745889313	12,04480935076710
0,22943132127632	13,78744184083940
13,49016838292450	6,18707924504796
13,28049204483240	6,59618445155555
13,42805611410670	7,73457869741739
-10,66919527634720	9,29219357235373
13,31834360686690	5,16241481613734
1,73016450269032	12,03656611533020
12,06156619851510	6,41001485228086
1,27276839821868	14,54726026765550
2,03881803043472	13,85168447059420
1,69763001446584	11,61336268962970
1,69321713194019	13,66727968555870
-9,58414904307309	9,11691979071910
1,01035945993921	13,94558206312840
13,72560295112950	9,09052146047060
-10,18455745547210	7,88802613590570
-12,10149408204450	7,48625978276657
14,08367688612500	6,08391505211001
-10,74934111555100	6,84582169438575
-12,39431986398550	7,16539599867872
-11,07374904249300	7,78742213058260
1,85217103036547	13,73206899430320
-11,03242389126970	6,15765770458073
-12,15667762889170	6,37047294893434
-9,95839511943074	4,57215425340762
-11,53250531178850	8,25858912987970
-10,14302324971970	7,67502528589119
-10,18513323286290	8,45103422123026
1,98674242715349	13,62234271014520
-11,20613437129040	9,32785591854003
11,47088788981030	7,50967975009054
12,93810408668040	6,99798344868169
-0,14399358050455	14,40190416774690
-0,16374957219406	13,87923633229540
12,78055949467530	5,71652699502817
1,83385540348460	12,55563374082840
12,58430589939350	6,52572776864353
-11,49194858299740	8,30722657355421
13,26497429058580	6,87070073981617
14,72138830551610	7,12958966738626
12,86201934445910	6,81717733033306
-0,26930331151380	12,32691069638040
-9,39837318884232	4,66789896171134
-11,53620272425520	6,64949030095452
2,41921001779886	11,99773271759410
-11,41494010356840	7,03335101377468
13,03574241986180	7,50953556108142
2,02852751600340	12,86673436515220
2,28051096842902	12,71043177995360
12,72125996991150	5,52957217139217
0,25249208773904	13,83294371317230
0,96834448291335	13,58709171200740
-12,64169949236770	7,44679061659314
4,26948654575552	13,89999926062520
-9,97549818350928	5,51949070908988
-10,61780500599620	6,43714778688839
11,87346362765550	6,78458602661640
2,87796493350859	12,12380855961660
-11,47246428096780	6,68588777264564
13,69916124240760	7,05599363935801
12,87876094922530	5,57852534539928
13,61193314101490	6,31691752111380
1,48876361591713	12,00724137518880
12,97910714029960	6,08463743650400
-11,05889237220290	8,54190664394128
13,67219214295090	5,95933421181375
1,05543419650051	11,31341701218030
2,21982176155232	13,24176646317940
13,15434667142420	7,42954014565670
13,83991326434750	5,79499884637684
13,53192696630710	5,79905364460134
12,97878792345700	6,92024977915462
3,02034280955010	14,62939877051270
11,47125662777790	6,38167667363742
13,44321906962140	5,47207443042154
11,40975313265720	6,71792257249959
1,40730139693684	14,53217959672460
1,54523738669229	14,40422427029910
12,43914030023240	6,36641448564369
1,14936870904655	14,93385352119130
-10,47562720317980	7,20981445341170
-10,97932858952420	7,79430785528864
15,31743257737460	5,37913455072917
13,53183999767300	8,09312130913056
-10,05282829500670	5,70860826927656
12,01911548493100	6,93548243594657
-11,56672703522130	6,76982605488017
12,28139974868420	6,89193407883795
15,20284454296510	6,84251281935778
13,57590324514070	5,92697981834493
-10,09944802689890	6,94546842626146
12,93707972935480	8,02493148700209
2,07198110178436	12,46491685655050
2,07402958309592	14,78045205462510
-12,74117061883680	6,82865121505751
-7,98940599794900	6,27419490193557
1,27617725250687	14,70917848247110
0,68820285589396	13,83368477959480
13,56471512203340	6,93844367402832
0,05462131561623	12,74748865978280
12,92714872574020	8,80792310693180
-12,42027103879310	8,85757397358572
-10,17743036838390	7,26598867279661
-10,91357007698180	6,99832599081110
1,88347100056641	13,24737018762840
1,61402595444653	14,37922362012210
1,78624516421713	12,14377927354200
0,82235003983276	14,08562135579720
2,79118819090205	14,10427488088530
13,99306268833330	6,71836820083690
-8,93271980045847	7,23486343485998
-10,42613654046290	6,75730111107901
1,68484516414357	12,44174615467380
2,09200701015880	14,04588074273710
-11,46549882684040	6,86131896830595
-10,00912152749390	9,40223858766258
1,59439070329049	14,27828459019560
-9,15533082889021	8,05807875031499
13,85660832609830	7,81362314021972
1,81038984563192	14,12429999124790
12,91191288051070	9,01757617850879
11,40635368979580	5,08933192813959
12,19251262530340	6,44965887554532
-12,33768379006650	7,13032975388185
14,10163469883540	6,88708828948640
14,36441635826760	8,87980330829679
1,39661900845848	13,40401840950110
14,21507370369640	4,41251243767567
1,46946211788972	13,21899346899800
-10,83309145917030	7,21311217782873
2,07356023214063	13,51288531802400
13,63957014199280	5,80265856225056
1,63597868391877	13,39843254663290
-11,45711985264300	8,69471006585561
13,02957950789260	7,61185565210592
-11,84746014921770	8,01930130177430
-10,80680131443240	7,13171780665633
1,21178033777285	13,02616834312540
-11,89759608552070	9,18806039007105
1,08003672567233	14,40687294500370
1,11015891710104	12,52165903098250
1,86572491657480	14,88225910449970
-12,85056262176680	6,97796802452881
-13,63535735223290	7,12567704581782
0,74345625284397	13,72598724139220
2,75500832117664	14,77717463221270
13,02774249425130	7,46542774541651
-11,63886416420060	8,60018925557130
-11,38935265471820	6,57801455285420
-13,14752840498210	6,14969019971686
12,43821457132600	6,04518814473450
-9,61648610442668	6,47972840479099
13,55210856656260	9,58893719357001
-9,91163755966979	6,35929378589875
1,13040610814068	16,13014430412650
12,45504372843990	8,42908678595027
1,62207289534994	12,96898472125650
15,32790903690730	6,45156789970845
12,01054056316110	5,87079574090205
-11,92615651351380	6,07036600830171
12,87110985874710	6,96356839551149
2,21624965068125	13,33004719005690
2,29331880113791	10,82706635770610
-12,33036908579050	5,82978451112894
13,34145555832380	6,38744937423362
12,27800955402870	7,18794736777537
-11,20671627596450	6,91662564198596
12,64192213156240	6,03912496258468
2,01213945643763	14,14298195309580
2,62326223059065	11,71043347851970
1,95371225203699	13,36326269891090
2,92131285304443	12,75819865749880
-10,57766468118460	7,32354560565823
14,37236074025140	5,49121794970075
13,57286267547550	6,66010040400722
1,03601616039778	12,38122677261620
-10,66699471809900	7,28086537925608
-11,15221584641280	7,17109447281781
-10,08725855157090	7,59199679320966
3,02216813304330	13,84419271411600
13,83963589840640	7,22256835890800
14,30810443741110	6,55042662495135
2,42738610946636	13,78226858543870
13,50257057992830	6,89961764490145
-9,78435761808205	6,37315754069266
-8,31055226924567	8,69811548341011
-9,80247115916255	7,85551132393551
12,54341361648710	5,80349482089172
2,78223586623727	14,43492263334240
5,02560716567394	13,10851637546590
1,69921650784650	13,35859999330650
12,16347472940820	7,43096230009938
-13,01386582486180	5,56227622921575
1,46496095900523	14,57277073056100
1,76660264356461	14,14888438053390
13,60067559293190	5,86317356553361
-12,06694292156450	8,08232957034892
12,66153593292020	6,52012073237918
14,00807441620920	5,59638170324392
0,45553660646429	12,85020527870330
-10,25498362616910	7,40314863305912
-10,24508059281990	5,99508481747765
12,48212866239890	7,57000885576887
12,25110740510390	7,55930325556703
1,43947002217456	13,73340968484340
1,89791342292839	13,37472379642910
12,30967667554320	7,19565654250840
1,92112114499272	12,82125304916460
-11,46291269839330	8,59798703916002
-10,43892987748810	7,77992278105247
-12,14296147978600	7,57377972906326
-10,52381264149550	8,16469445675351
-10,66318917304680	7,21898939209967
-11,04938660376990	6,06811914854008
2,57498191565382	14,15447481429210
14,64545970551070	7,39304872081563
-11,53541602602430	5,40698222286960
-10,40699984053480	7,28635415625511
12,56346814655260	4,44839400946918
1,61428188005531	14,25791238554900
1,84651725089546	13,43966915748740
3,17587124598363	14,39230021442070
12,83895877058460	7,16372321326267
12,98131080216160	5,75355969881336
-11,53434630436510	8,30019789336723
-10,71290210330030	7,49705271966719
14,88895840565130	8,48259219855123
-11,75795076763470	8,02442763190053
1,82264394950728	14,13261664823300
-10,06725917457210	6,46923550748159
13,76890872114040	5,46191858197497
-11,70927318601810	6,69441757996461
12,25114567841090	6,94315632424891
-0,25734129184864	13,98722538522630
-8,95429682648522	7,21203998381820
2,64147004573255	14,71261509785420
1,31529626949379	12,18752398198980
1,37134408974435	15,00855417340720
-12,07222148704690	6,38609520765852
13,29622746848250	5,94220231544129
-9,79785816365048	6,79198259506144
13,99137278364890	6,02551858134602
-11,61417402251320	6,49267292584681
13,68076999172980	7,16469781465987
-10,59469383426800	8,09604625404155
13,04414236745730	7,77071752648008
1,14912030978495	14,24281598900380
12,80621025747510	7,80177722324245
13,32396306392640	7,36544074379196
2,87578383465939	13,73826300494200
-12,88284981764130	8,73821373713310
3,37507476120219	12,86574210780580
2,80644700592160	14,14872715071290
-9,58539373124391	9,38996601631125
12,52172836630160	5,63287341824654
13,28122784232320	7,64378669692881
-9,20429323229631	6,15831661886460
-10,63122019120380	9,17834786630999
3,35022801204618	12,58811312197980
-10,81079373651310	7,36601284585374
-10,35445673408700	7,70017464510336
-10,75667868466280	7,77855364378276
0,87147314916044	14,31136024385630
2,32879333678424	14,46020955377180
-9,86912915547789	6,19205214556806
13,84560365988700	7,06861396349847
-11,01059772766660	6,19516718307744
12,71610265098630	7,12259127278250
-10,61368039003530	8,28784730123427
12,89992621762720	5,69408030117011
-12,63568652729020	6,87112059967896
12,43434836372980	5,64213691482554
1,63808433559598	13,72604817363960
11,23775783180780	8,14673660347962
-11,37632368900080	8,37791721083683
14,07132548145340	7,59471243377041
0,88761557489755	13,61361057504270
11,74175749507390	7,08388635623777
11,30469883224190	6,49148127436547
-10,49009881290330	5,92877598231155
1,30260700299856	13,39501625502980
13,31832347792070	7,82375201726051
3,13353636445444	14,12319795676060
13,71936123041010	5,15005445967835
1,36102647324616	11,37754821317230
2,62568124019591	12,96483696108190
13,41282343191150	8,09128517800265
-12,81516908313880	9,28690639468739
-11,57879770459000	6,40238244929888
1,55526941533049	13,47533159774800
1,73442306255104	12,84191676689870
-9,14637737214817	6,01035328847384
14,15518812505000	8,21756409985548
0,32119008316664	14,03006390434210
3,99342551492283	14,59558089190470
15,01364131084480	7,53276949445466
12,40401993091890	6,72128335368035
-10,96096241191460	6,65789928557801
-9,65606326266028	7,36279270602626
15,65513497807580	7,06144477952153
-10,80702520838550	5,99826849467997
-10,96671179143420	7,21198729027152
14,35227464145660	6,16067070176520
2,41123590799589	13,12004895508430
1,45330981593977	13,40730863428750
-11,25049264992470	7,17009924599631
1,86722019632159	14,59837949395970
1,12743635265544	13,75527349587020
-11,03617167136520	7,12656869594288
11,69345879329640	8,00746520587229
12,28368020665330	7,08213906853023
1,26616839606605	12,38275610714600
2,88142421081919	13,59932964682730
2,43155452954284	14,70250297266280
1,24303607535586	13,71052776660050
13,08533914391150	6,60675847603443
-11,01605669506870	6,72280663626832
-11,76660204789120	5,66805173543187
13,18089326871870	7,86273189908744
0,96129478140753	14,08700828236750
13,77399669601790	7,36451915704786
-10,23555951581920	8,42198478403324
15,23596790620040	8,40434382453377
1,10539598985059	12,53723899834390
-11,48386224595270	6,66214598804933
-10,98587269961480	5,55981356072454
1,88573249668959	14,38705287600440
14,71902445371670	6,67177943789822
-10,11218638662190	7,56489787514248
13,13377823270210	7,98133646052524
-11,74747954610510	6,95655443135560
-11,04086535787450	8,50610209555211
15,56445826607490	7,12377362373353
2,14795793511032	14,26230654857460
2,97934651504322	13,91461735156140
2,18151765647828	12,16600350276450
15,30195056347160	7,45913384628338
-10,26021678446440	5,97307946081837
0,30608268621341	13,49369172369550
14,21103533569770	7,87525664611803
13,20944097178330	5,53693471582186
12,30626753719890	6,49702674271841
-10,29205646097150	6,37698993177390
-10,01383180667380	5,63589310571581
1,44057392459733	14,84226481348730
2,14448430719213	13,32297590893020
1,72926239845019	14,32413683214330
14,52007630972240	7,37604086243833
11,76224246261840	7,92000452457862
13,43908118167030	5,70930579966820
12,42281681213840	7,17790577906053
1,31668973812084	13,42877331981270
3,22870187433318	12,72316303602290
-10,09773954370180	8,46009022657964
13,77018973684560	7,02854247058875
-10,80675429152520	9,57573592155983
1,38586094930072	11,81776730940650
0,33455483567104	13,47311154596570
13,28044265658030	6,43603663690625
3,30531744700364	13,67904826286220
13,16579602193730	7,44009129437021
0,48553861467033	13,06111516928780
-10,49983747910990	7,83430481059165
13,48127439941430	6,64115246167963
-12,12479049367200	6,80570345479450
13,61478592841170	7,21532714525871
-11,82745152511230	6,95599973027437
-11,46194439806980	7,46148807121702
3,01488337344976	14,27742588002850
-11,10893489662930	7,36917269924447
2,51818092768365	12,02387926022360
13,28265911716550	5,72372413139363
11,53003406828770	6,45681537095843
-10,03388227192070	5,41820171337112
-10,57802535165210	8,27675622061575
-13,11328988539660	7,21134071163394
12,49205425496670	6,61662468205557
-10,73493350351140	7,99001438491090
14,33784197716010	4,89109664145761
1,25725503277012	13,23200967093330
2,60879153554061	12,25447025146380
13,57129916057480	8,35705277645742
12,22022160984000	6,60077733435971
-11,61416400068380	7,73526489599208
14,54991060415660	6,14640686185659
-11,13523777614930	5,05975185364775
-10,81137820903950	7,08561852028587
12,32946036621830	8,25829650982776
2,61451091615555	14,77267522515980
-9,10669729912318	9,93886997121848
3,09429293636883	13,50670519667680
3,21930397057623	12,58209145941770
1,45879235311635	14,67100851013830
14,24639282235860	6,11418587328874
-10,81504179317790	7,98599716914245
-11,39434790275150	7,10728660519801
2,59867368290130	13,13460043186330
-10,02325237361330	9,16464662496026
12,31758225309550	6,20938270924843
13,77208776232570	8,48751240516916
13,66484113809630	7,22214289661889
-10,95558890385990	7,54603699397129
-11,43382835740370	8,17172669299069
12,94328510269670	5,55013775878718
13,28697836118390	6,91038795876245
14,66775203081910	8,18944358267759
11,81795893651180	6,02650041553518
2,18003430279652	12,43502182690910
12,70357597809320	7,26595598755271
1,59679231151516	14,02620987316100
-11,67618390550600	7,26204572792960
12,48383163355650	6,61536077359132
13,11534077899960	6,99957855539426
1,15806269094405	13,79102278564470
2,96455362833466	14,32910257438700
1,96574292359705	15,52591596494550
12,85993466342000	3,72985756974675
-11,50896866538490	6,22151371952342
1,68039351086109	13,43581026748810
-10,16126411728030	5,60825078951606
-12,37054850659860	7,38840967021438
12,35950405531550	6,57718996150253
0,06495897367892	12,13675969045480
14,30000607332510	6,25194018130648
1,40337319838967	13,47716582859910
12,35095763884780	7,02532735826571
14,95702032772460	8,27040338297556
2,15659884893466	13,49479881540860
15,27778452962910	5,53388852830859
14,05023606136720	5,99465198058730
1,68093988299136	13,29879313565370
11,87986038374420	5,74933362124477
12,80049384979050	7,71241910195886
3,24766713303698	13,67449748704610
4,62130294123090	14,25330105191540
2,58833279199525	13,79845961386530
-10,00018886601920	7,05041347635418
1,97203133698495	13,57629252655170
14,11770199816320	5,77330897828564
12,75860658752450	7,78893777915086
3,07859348332813	13,76981742699950
-12,23822816550150	5,93089586530612
1,63591444102061	15,02941483301590
13,76257978356800	8,29797788851939
2,94585307112683	13,68168758326170
2,51184347998016	14,80109990116640
13,21913719437070	7,18523147672645
2,44391115447854	13,95550938778720
3,21727452971834	14,34984772187420
1,63696927902512	11,95494524215980
-11,41095395723340	7,54918751175772
13,94259607287120	7,68850674389190
2,72805360939750	13,57630922722390
-12,61721017083840	7,91238924277486
-9,94481521165999	7,27453547758404
-9,51537044515627	6,89888700387005
2,58210890175983	13,34167741007900
-11,22406387998990	8,36494325173796
1,94595144015759	14,32364184049680
-12,52004762174310	6,91014970223412
1,35676671245832	14,44661010481670
3,30302054159267	14,33469665801040
-9,99921336203226	6,75153263954648
13,10023851616100	7,07123827463294
13,63061397248160	5,89295087787992
-0,54553404724467	13,90393450795740
12,42439463532470	7,25798137902078
-10,37761011152890	8,56523112670200
-10,10974387975160	5,39497785655183
-10,73763074478920	6,69591685458919
1,15931458188243	14,77524659155020
-10,28529299595350	6,91702831132590
-11,54284418936030	9,38215404084289
1,09741761463969	15,50552451268860
-10,53915742493700	8,80001153333731
1,06585402185601	11,70227707315640
2,13359699809879	13,25722350633680
13,77231447173620	7,01485992382352
-10,49252435245840	6,81290170419423
-12,24263949669510	5,79505576870596
-12,38050484047310	4,68380822478515
1,64247303770555	13,84383289324710
-11,53627617950500	6,35533509748903
-11,39816159450490	7,52914768404133
12,52662006073860	8,50925890682187
13,31182316480250	5,91642870158081
3,99459905759039	14,50409381335530
13,10269205821510	5,25085084563212
-11,01286623749970	8,40134641175408
-8,62841489004367	7,75988416048719
14,22291786781260	6,85240733305878
-10,88825211969440	6,41803966521741
2,59130018311249	13,27527819135300
-10,92948110466820	7,49545311714148
-10,43905233048100	8,62682203239887
-11,91072063421170	8,17219669983671
-10,08620539669820	6,68977713754445
-10,71953258231560	7,36300259262811
13,37754967981710	6,89699627242225
-11,39099654729530	8,65095459034066
14,95945720859490	6,78132185811664
13,10654234356510	5,89029620215875
14,47612120483400	6,88510923064634
13,52239603370980	7,80356554360632
2,94503251052819	15,02727368385060
0,38219316498957	16,99784871459890
1,89155030635520	11,78811031365390
13,01206430131800	8,52107243195485
-0,35741759397699	14,08679607718690
2,50335575452466	12,38973365889520
10,98809295244460	7,62766968009127
-11,47420292679390	7,40764320523420
12,61976787158500	8,64191987900044
0,63629049740112	12,68080898657510
12,15078614316910	6,35561451618725
-9,81416322520778	7,13005754682783
2,51516198890019	12,02835823015080
3,33283744735330	13,34560947596420
13,34040042221860	8,18777619660611
3,24827236970931	14,39539778653700
-10,64386842545600	6,43774543468577
-8,33413582759088	7,30753597843860
13,64071372987630	7,02882375123808
-10,31784045783520	6,20999035362989
14,05378189760290	5,83159236705309
3,50966707106937	14,59714059635940
10,96985038763660	8,90908362690861
-11,22331880254520	6,77070629959972
-9,83237795940414	6,93097575994326
13,87436129601910	5,93874471646714
-10,06732164945750	7,26858082476665
2,46410562802235	14,35216845983250
-10,93027918031350	5,47702449333618
-9,99040922776417	7,67720937066679
2,88738715360506	12,49855639772590
1,84372914670550	12,29315794912500
1,48644994257068	14,66252784558090
-10,59259859187200	5,86630352140283
3,31889563029215	12,79936841483190
12,67218932274450	6,03765911025506
14,25538993804660	6,37717102909821
-11,55495635681930	6,25848222968475
-11,00937115573700	6,43350705023816
-9,79375031450531	8,25854242335423
1,79837264253321	11,30703535573460
0,34683168372383	13,24701324166910
0,62389663802488	12,39577956640540
14,33721264601080	5,05220473090608
2,67142129423390	13,58320185086490
14,46073247877050	7,67528443305309
1,77595277582866	12,70299527226550
12,72223415180030	6,37494945053746
-11,30411126565210	8,23596838989898
-11,82414243611040	6,90464879873423
-11,73799060095770	6,32510287642459
-12,28162127862960	6,20330860787172
13,47566622231330	6,68710054459228
12,48970708172130	7,69125776106953
-9,66447236051873	7,29412861539097
-10,87995807459780	9,23912597746954
-11,60882147702860	7,92515248111517
-10,90745248832480	7,38995798208991
0,57054828080920	14,23109376232530
-12,06224193014710	8,73009177333935
1,52767585917850	12,15673254080700
1,85768294637529	13,23683674283470
-11,07093967069750	5,32708653615962
-10,18932558243740	6,74300670920051
0,63616073831354	15,17762736365340
13,75503834558380	3,87263556610876
12,13797788029530	6,48151522010757
-11,85244407743480	8,85792836979533
-11,13112425898830	8,77876536673977
11,86017359753730	6,46811718799250
-10,32610419444640	5,90075713782689
2,01188099266892	15,02233930169670
12,02842048833250	6,95874934228730
-9,84265025014541	7,48484186099542
12,80651260405950	4,96170751502949
13,04730102974560	7,47446026247281
0,49922307175581	13,69281512210310
-9,82083205889396	7,05337949776084
13,98402951896370	8,18842099283311
2,12472955446722	13,18084536300800
-12,92761603608570	5,50977409189018
1,17860265297925	13,14083832611490
14,65965359519940	5,92400325508756
1,66273146655789	12,50290310655780
13,07933367298110	7,29879350743201
0,85029609392823	12,81440720474620
13,23313479216600	8,18704262769128
2,11049141345943	12,98321691333010
2,42248311057872	13,11510424230570
14,46035992911660	6,87675983706279
3,27084077278445	13,29981329298220
13,38293143838190	5,64247577664127
-12,59407126358810	8,82997404055052
-10,01001216912240	7,16936055300649
13,63322250763330	7,01340337234807
-8,84182047467216	7,18963551447889
14,34807941241060	6,40791822419303
-12,18288302122590	6,12775113512520
12,27732730217630	7,85075712393817
13,28001506287280	6,15131884340031
2,60964496827985	13,08416862169790
2,22745801555757	14,72500214579140
13,96833049985390	7,24356711890057
-9,16283361575603	5,94592988791419
2,66175531966345	14,45414604420370
2,27951630983452	12,33816427568060
2,14149713281173	13,35443461962010
14,85948967136140	7,32730254280378
-0,05223745219907	12,67790043237230
-11,22113814507240	6,94513798576081
-11,76674940108170	7,66939061253743
14,05203061737610	5,49686819432328
12,49457288373110	4,00032567524096
13,07421217732520	6,12129211621471
1,28919257921756	15,34406106620970
14,67612234955830	5,89677229021287
13,11637103744830	8,90647662413331
-11,77172394341440	6,90585487397826
0,65834512942599	13,99947039507300
13,41397543110240	6,41924511481736
-9,76435736479605	6,48040997970147
1,74535254197392	13,76984581627410
-10,28810576336270	8,04331901756416
-10,08378548179000	7,46941121797277
13,12232792683440	7,43842816619123
1,96438700470945	14,25067779008540
1,57082230393663	12,55750111306920
13,70984384716210	5,93924210601310
-10,22097497971790	6,87144410266698
3,34845469586667	13,23179485427790
-9,85206796920530	7,53864423795112
-9,35756935244837	8,36984228105305
14,61955142479530	6,20900587693750
15,11638966572060	6,56645481822730
0,80277384144788	13,90215247905850
-10,16336070885640	9,30176462307873
-11,06441052007740	7,14135535439571
12,05302260769040	5,84122395619612
-11,05078764327060	7,93116869270995
12,97352481602150	6,71716396499561
0,01891603770616	12,51796573233370
1,56447865250015	14,18875035628970
1,42224612299917	13,43080098136010
12,64193893162510	6,59885727824953
-10,98377222826350	6,91514158936685
-13,36630973235370	7,26449580556007
2,95834872497947	13,92420241623820
-10,49957391479500	7,18004317704337
-9,69639211929342	7,70197243063532
12,93868512243510	7,88021838521812
1,01674029004840	13,55491598741900
-9,54864247435782	6,15116661640943
12,10293394778010	8,00577615198235
3,66512923127707	14,34508171322330
-12,44015464466810	6,94469916155047
1,83964606833459	15,38211919946470
14,38270520693740	6,76680184034427
2,13524810115626	14,73745171538220
0,63222837387621	14,76075797877220
3,20121657250946	13,35913577399160
12,43632319999010	7,47089958842992
13,37013380242020	7,27834126190274
13,22086476501950	7,16356673535828
-10,66683050958360	7,75958440240747
13,19119943963530	7,92053968987249
2,17241228510226	12,52564783956840
-11,84484279985080	7,30910779452447
2,93468398022524	13,04412148258720
1,62784656144885	13,51756982563940
1,09334960728505	13,41468488532530
-12,04513103625520	8,44797604376167
-13,24178302679670	7,87420006108207
-10,92205360728400	6,30423927109439
