29	57	58	97	10	44
101	34	61	69	15	5
63	113	40	10	12	8
42	66	95	71	69	50
89	116	66	77	66	100
3	92	80	54	96	37
17	90	20	117	5	63
52	76	76	75	43	51
25	39	7	103	44	57
51	118	66	109	95	87
19	73	38	47	115	75
11	21	83	40	13	7
45	74	49	9	17	107
14	113	95	99	26	103
28	101	60	49	4	94
88	81	83	35	97	105
39	15	79	98	32	9
111	14	11	43	68	95
100	75	97	72	116	102
11	15	103	7	47	50
105	85	73	80	91	81
10	23	73	107	81	108
2	36	9	80	40	99
90	86	30	91	7	23
5	60	117	74	53	29
80	30	41	5	33	39
117	107	17	66	65	95
87	19	6	31	15	1
18	29	68	60	112	60
93	116	104	104	89	5
97	92	12	58	8	7
87	110	9	37	57	111
11	23	78	53	74	43
89	13	86	61	79	44
92	44	46	70	41	30
78	16	15	62	113	87
26	31	63	66	115	51
52	30	27	57	45	111
70	50	54	16	1	102
18	46	58	115	46	116
18	75	63	64	64	32
106	108	54	51	57	60
7	8	11	22	40	42
49	105	60	106	63	45
64	104	70	38	84	83
107	120	116	98	115	48
3	90	98	93	93	98
66	46	98	92	15	10
114	83	45	5	19	22
5	72	3	96	42	106
53	15	87	24	13	8
89	9	13	32	72	68
47	6	51	111	33	99
66	33	75	66	65	18
108	91	70	74	60	95
37	78	17	73	32	26
45	105	19	45	23	88
27	16	118	68	97	31
82	75	11	82	107	76
26	91	41	107	98	112
118	88	73	76	115	77
120	76	84	72	28	6
25	69	95	75	11	43
72	74	106	56	80	9
30	96	15	44	72	33
68	85	114	8	93	18
83	105	39	28	58	53
102	24	64	119	116	71
53	107	39	76	77	72
14	73	79	65	54	36
62	96	65	63	32	30
81	115	68	62	11	59
16	61	114	5	3	62
12	86	1	88	108	89
20	83	72	82	43	50
41	68	51	27	106	81
95	106	34	97	22	46
53	42	8	72	115	35
36	90	94	30	24	10
28	5	20	75	59	92
13	7	120	111	10	52
2	1	87	89	114	115
40	46	112	27	27	36
84	34	44	66	84	51
87	28	18	14	22	20
7	67	84	38	100	107
106	51	64	77	19	91
32	66	37	59	97	86
28	101	70	100	59	37
44	68	71	57	22	54
66	34	84	37	17	64
104	36	105	96	49	98
25	33	28	17	22	1
107	46	68	19	48	37
8	57	7	18	8	71
117	113	47	64	33	74
107	39	51	1	39	112
31	9	32	34	58	34
53	113	71	43	29	77
47	119	39	28	92	68
29	100	1	113	38	52
30	11	90	38	94	32
96	7	59	117	88	18
77	116	100	109	13	77
66	116	51	114	9	77
72	108	99	26	88	83
63	54	15	86	112	91
108	116	105	23	64	95
12	102	37	96	101	74
22	83	24	19	64	12
26	51	120	105	25	10
34	74	54	9	107	111
77	101	88	72	69	4
57	86	46	32	19	55
77	52	58	103	105	5
98	38	75	55	108	112
24	76	62	11	21	71
59	101	95	50	94	95
102	86	95	69	6	27
86	61	33	90	2	114
33	16	49	18	84	64
51	104	39	85	112	13
83	55	81	8	8	58
112	25	26	79	39	102
41	43	102	20	8	106
39	66	91	49	65	102
36	94	4	32	97	72
16	116	64	18	65	81
63	93	53	25	101	55
44	10	114	88	65	101
34	108	40	102	68	93
113	56	31	89	16	46
16	8	54	60	17	99
89	117	39	110	58	50
81	75	91	101	43	99
46	108	28	46	107	105
1	42	47	80	48	76
13	18	108	53	21	91
93	35	101	56	6	12
109	67	68	93	75	59
64	97	27	119	75	49
12	116	101	42	60	49
5	51	3	23	36	107
40	19	84	102	51	14
99	11	23	28	117	101
41	12	97	115	57	86
94	43	56	20	3	1
35	84	13	106	37	97
117	72	115	99	23	13
1	18	56	108	19	109
45	54	113	92	101	112
97	17	36	66	117	120
17	93	108	58	98	104
69	19	52	110	63	99
94	14	104	14	33	6
13	55	87	82	93	65
99	114	74	93	28	34
8	9	23	96	106	85
109	75	16	32	49	50
12	89	77	38	98	38
84	56	3	21	59	55
38	66	95	105	68	54
89	111	91	81	14	31
63	88	28	58	41	81
120	9	60	28	7	30
73	59	90	21	7	73
70	79	66	45	84	106
79	11	96	77	89	16
5	62	82	24	23	30
113	30	53	114	56	97
89	63	91	97	41	48
81	5	67	50	120	60
49	37	45	91	100	9
63	91	21	7	75	42
72	76	22	112	76	15
24	110	14	114	76	35
81	116	93	13	116	2
83	94	32	69	75	68
8	52	56	36	36	108
55	94	78	44	114	32
39	100	29	57	99	107
15	6	94	42	115	80
37	40	21	109	7	10
95	120	27	120	11	68
18	87	29	74	77	37
54	100	106	38	63	67
20	70	54	101	52	116
71	19	45	61	102	42
109	77	64	1	74	98
50	34	41	67	114	46
29	27	83	86	91	59
106	65	70	118	48	71
13	98	120	119	95	54
34	111	18	120	3	119
76	30	58	117	5	19
55	42	14	15	8	39
38	36	113	38	87	64
110	24	58	76	33	67
7	114	11	49	48	80
54	54	48	75	95	1
37	89	104	119	31	7
22	103	79	106	120	94
98	48	38	20	20	43
93	44	81	54	70	14
53	103	32	84	83	19
15	50	74	104	20	64
35	5	34	78	113	99
49	20	27	57	74	35
94	90	80	97	34	31
6	58	94	114	71	68
110	39	41	88	30	34
68	113	29	97	108	46
110	91	113	64	70	54
48	85	110	91	6	63
84	49	50	61	62	3
97	109	1	120	98	24
45	50	82	13	94	64
120	83	26	41	41	21
74	101	105	57	65	75
2	23	56	25	90	91
12	112	80	62	48	110
26	57	117	85	15	82
69	78	65	80	31	36
41	98	7	68	116	21
19	50	51	40	5	54
22	13	115	71	88	107
68	85	18	69	77	113
21	111	23	4	84	6
7	45	91	10	32	37
86	87	15	17	64	62
79	78	62	57	52	10
37	50	73	97	101	31
103	37	37	53	11	77
11	18	64	109	47	18
46	52	118	114	118	93
96	30	74	48	64	99
101	5	80	78	108	10
59	58	29	99	59	47
80	40	80	86	15	31
47	41	45	49	19	56
59	92	48	80	4	19
95	78	32	21	28	63
5	63	92	104	64	81
23	13	12	106	56	86
8	73	4	107	14	41
20	19	35	32	114	12
112	100	25	15	95	85
94	115	10	95	39	38
28	40	52	116	14	112
67	15	45	109	18	100
66	58	49	87	48	28
104	2	19	79	5	11
64	13	27	93	95	85
97	77	21	106	85	28
64	94	117	28	64	73
50	82	55	111	62	108
54	79	54	94	27	58
87	114	12	6	31	63
46	66	25	110	62	27
56	100	33	5	108	11
38	4	93	95	58	65
38	28	7	38	7	64
52	91	34	91	45	19
70	100	66	91	28	63
25	89	9	25	13	35
84	48	39	17	118	72
89	85	6	92	108	62
113	77	119	11	36	37
104	10	22	59	58	69
73	93	103	23	38	87
61	97	22	61	46	114
106	97	10	38	70	4
48	24	103	63	23	61
87	105	109	31	101	79
120	70	93	41	2	68
43	8	59	83	86	9
36	5	75	39	56	28
65	101	84	85	19	38
1	115	63	114	30	92
117	8	119	119	43	5
77	15	107	28	75	48
116	84	4	89	47	53
110	106	41	120	113	33
38	66	6	66	89	42
58	8	37	68	21	116
75	28	113	92	8	79
47	20	13	13	25	47
69	26	30	38	60	59
80	119	2	28	40	94
73	51	74	117	9	29
82	45	4	119	26	41
32	97	67	24	42	42
16	90	3	116	119	45
21	82	59	56	104	32
51	70	42	13	64	33
98	13	94	111	47	43
8	61	22	50	33	73
36	30	91	9	59	57
28	77	56	102	46	59
47	2	27	114	109	10
31	97	43	73	97	48
67	75	40	53	113	108
97	58	88	24	75	94
50	51	120	50	117	78
120	25	88	58	61	25
73	12	115	58	107	105
98	100	22	15	95	62
92	102	24	74	55	68
43	109	88	17	80	80
6	55	55	75	116	48
54	118	23	65	113	60
70	5	43	24	52	104
110	87	47	106	61	68
49	98	84	74	91	33
76	77	69	74	53	97
103	58	42	77	23	84
81	76	64	70	1	30
73	80	9	28	48	6
45	51	33	21	22	58
10	50	87	2	36	102
6	72	3	108	94	28
12	46	107	76	33	95
81	48	108	93	109	71
85	90	1	53	51	10
118	23	15	59	13	60
13	117	45	59	17	17
50	93	17	12	7	92
94	112	44	11	85	53
101	119	79	20	69	12
46	64	39	72	63	15
81	54	60	2	107	80
36	29	87	16	38	112
28	99	7	115	87	43
42	94	70	35	88	74
61	72	50	18	32	87
106	25	97	72	70	75
61	47	91	77	72	18
40	20	72	84	6	89
73	76	83	4	89	72
109	27	96	100	12	21
81	60	70	33	58	31
83	60	102	78	51	112
112	41	84	46	98	25
20	25	62	76	47	37
109	109	14	112	68	94
102	75	20	68	45	46
38	68	77	105	89	5
97	78	21	97	13	82
119	77	7	81	11	60
62	76	68	104	1	108
116	97	55	5	28	90
109	89	117	94	50	115
36	89	89	1	81	66
55	111	66	22	99	105
88	112	73	72	72	15
114	28	76	101	36	69
24	48	22	20	35	34
26	83	119	40	54	72
19	1	78	50	112	14
86	96	11	38	107	85
89	55	64	60	16	45
24	97	1	100	11	92
95	15	93	1	29	32
28	40	116	95	90	84
22	41	3	30	8	22
38	37	35	8	23	18
86	116	50	49	87	29
86	57	48	17	36	69
81	74	15	98	72	13
86	16	47	89	118	76
52	110	11	15	80	40
76	59	22	45	27	83
37	46	45	95	92	92
49	97	5	16	76	18
32	114	37	89	39	73
38	107	70	6	96	100
57	84	59	116	114	56
115	98	24	80	44	86
117	101	16	88	46	89
11	104	21	57	60	92
36	69	33	41	100	68
39	30	4	18	92	103
92	98	111	17	29	5
104	60	29	4	85	55
113	25	78	7	113	111
118	21	9	84	52	27
64	79	61	95	49	52
38	69	86	91	40	74
95	73	13	81	72	60
85	113	83	75	17	68
38	82	22	38	83	80
34	30	54	119	53	116
24	74	34	108	27	44
46	63	45	40	50	88
29	101	95	107	51	112
1	84	8	6	94	91
39	118	47	57	78	85
13	81	58	3	84	47
88	87	29	42	33	96
10	30	64	111	73	42
37	98	91	100	97	88
18	6	34	11	91	13
41	89	88	106	80	18
64	118	118	93	119	14
4	29	95	65	53	27
15	1	20	54	82	39
30	102	105	103	48	40
87	97	30	93	109	79
99	100	44	84	94	32
40	9	35	73	75	114
109	19	93	79	95	61
115	38	35	85	117	64
103	89	8	40	109	87
112	8	50	29	28	69
99	25	114	64	115	44
32	19	56	118	99	104
8	53	38	116	5	93
91	107	95	90	12	104
32	39	95	47	24	58
6	59	89	34	34	51
17	48	120	96	26	97
22	8	93	57	77	63
48	61	70	103	59	117
3	70	46	40	33	79
52	74	38	115	103	105
72	53	15	66	2	74
71	114	31	97	4	12
87	118	102	46	15	112
29	24	49	108	59	62
41	33	72	5	53	37
84	108	73	22	14	44
14	81	9	93	79	1
32	34	44	79	105	15
85	96	7	90	80	85
5	119	23	38	116	13
4	19	94	77	72	46
30	15	74	107	118	19
117	72	73	7	15	1
53	16	7	7	4	103
71	100	88	4	116	102
88	120	120	119	49	120
105	75	27	19	28	100
58	65	44	12	78	116
7	75	94	7	10	45
33	13	91	56	93	58
7	18	23	73	59	103
50	17	55	108	96	23
62	80	27	50	44	24
30	70	20	37	61	69
79	80	102	102	51	42
45	20	34	92	48	58
101	110	115	56	39	112
28	89	19	12	55	19
84	66	78	29	49	69
34	85	99	66	58	103
69	63	85	96	115	88
118	49	90	52	68	17
22	95	68	96	60	63
62	73	106	84	109	64
65	5	113	34	106	62
82	109	19	76	95	41
9	11	15	108	111	55
59	63	15	30	96	77
99	28	42	4	70	70
80	55	63	12	89	82
85	27	51	5	93	77
9	96	110	21	106	102
24	88	56	103	90	119
11	54	52	68	35	45
22	29	59	24	55	4
5	42	50	85	58	27
49	33	48	57	94	104
30	117	27	61	111	105
11	120	116	55	90	47
1	82	3	43	108	70
32	55	100	64	55	24
41	72	107	101	59	3
120	43	64	89	26	90
26	78	90	109	33	38
45	107	40	3	35	9
53	113	32	75	13	20
119	6	72	49	104	79
109	25	11	63	51	69
114	39	87	114	6	9
36	80	17	97	55	22
21	60	19	50	100	60
56	51	86	84	111	23
68	101	6	58	110	11
53	77	109	59	22	12
59	43	106	11	23	89
4	119	92	81	21	68
79	16	87	8	63	59
36	85	95	82	32	96
30	67	43	85	8	44
12	73	44	82	75	33
110	38	82	11	47	5
50	49	32	57	107	34
43	98	51	99	72	102
62	27	64	48	50	13
107	68	106	111	97	39
94	74	36	92	92	116
78	5	13	60	10	114
10	87	53	12	69	40
38	36	41	96	14	68
98	53	102	107	112	107
93	28	112	88	26	24
72	80	15	81	12	102
13	33	71	70	67	33
93	43	50	10	119	7
116	71	59	100	18	13
112	11	6	63	102	81
56	11	90	77	103	3
37	63	33	54	103	94
103	2	1	105	77	87
13	33	43	72	63	17
26	51	82	39	96	100
50	16	93	111	81	23
69	4	77	74	36	68
66	78	14	84	58	109
108	17	38	30	107	51
79	92	86	103	63	75
107	37	78	27	83	54
66	79	99	4	23	76
9	117	50	5	100	9
95	48	20	107	16	103
4	108	85	81	77	110
2	113	97	31	72	79
88	111	104	73	98	73
81	39	39	82	21	25
44	2	19	117	13	69
34	39	84	75	85	21
54	11	64	81	47	63
116	84	1	66	11	28
65	50	31	54	60	116
92	71	38	14	108	29
15	106	57	18	28	20
67	94	1	45	29	109
48	29	104	17	114	21
64	27	78	114	52	98
4	54	74	83	80	97
42	77	30	88	17	107
71	26	12	53	103	52
18	53	15	2	20	116
63	79	49	92	28	48
110	31	24	67	46	59
118	56	81	102	63	8
59	82	61	66	11	1
41	61	104	84	49	20
52	15	42	64	108	47
19	66	22	10	50	25
69	35	73	77	21	46
35	49	50	73	103	77
61	87	107	89	38	104
13	72	4	13	60	96
11	119	78	24	102	91
102	46	44	26	62	113
15	96	97	52	1	30
81	56	81	92	35	72
93	43	71	78	102	111
19	65	16	83	107	63
21	97	98	6	119	96
80	17	107	32	110	23
6	91	106	59	54	30
39	78	18	32	28	96
6	100	117	51	58	6
64	76	71	54	113	47
40	29	76	85	27	52
42	112	59	47	57	12
32	77	16	62	42	118
2	84	78	57	83	34
61	52	117	49	85	67
75	69	110	92	94	117
115	95	110	100	90	18
66	64	5	28	99	14
110	54	20	12	120	110
101	57	77	68	75	71
71	22	48	54	16	33
113	107	14	76	75	28
38	1	2	26	34	91
105	42	47	94	20	39
42	99	64	14	19	29
63	53	92	15	92	7
118	120	28	23	38	49
118	27	60	39	22	44
87	85	96	78	112	77
79	118	69	93	49	42
78	100	93	87	43	18
88	80	16	26	35	12
116	118	89	106	119	12
78	108	16	103	1	31
93	113	118	68	71	43
92	51	118	76	42	89
100	3	23	50	41	8
106	9	51	102	28	34
87	94	115	75	32	86
117	106	102	94	52	4
119	47	74	40	35	80
115	53	15	90	34	56
26	108	71	87	28	55
12	104	83	96	77	67
92	40	6	38	120	61
37	102	17	1	23	70
102	26	61	51	80	36
91	73	9	60	55	34
75	29	115	13	21	40
23	57	81	94	37	10
82	46	23	96	20	38
116	69	52	26	13	80
38	98	20	103	10	35
101	71	88	11	20	11
74	84	17	101	3	80
23	107	30	37	58	37
104	23	80	63	65	97
89	13	94	117	33	7
5	58	30	43	92	27
32	82	78	64	44	116
120	53	5	51	113	26
9	40	50	68	64	10
80	17	104	54	56	100
84	64	114	78	80	72
45	80	8	71	66	86
110	22	28	56	67	15
15	26	87	35	42	91
11	33	1	61	41	90
119	95	103	74	9	66
76	79	67	17	71	74
56	80	16	11	119	51
10	97	65	61	13	103
108	105	79	72	120	27
112	74	112	95	57	82
22	91	43	77	74	42
7	29	75	57	19	61
97	87	18	12	33	27
36	73	38	69	52	100
114	27	23	83	104	86
53	97	86	103	15	13
86	96	110	32	30	35
43	38	4	97	79	5
60	27	115	106	14	79
13	42	55	8	35	51
18	94	75	73	61	3
115	60	99	91	95	19
100	74	27	91	87	12
62	11	115	10	62	65
69	67	27	16	57	75
16	48	51	89	109	39
74	2	116	33	106	98
86	34	54	104	22	71
60	20	43	25	37	90
53	62	103	51	43	34
84	54	92	37	90	79
71	41	29	33	77	4
119	117	43	20	9	86
90	35	106	28	20	28
69	45	89	32	75	47
16	47	104	31	116	114
42	42	22	112	1	57
77	10	37	47	44	31
79	87	24	1	44	12
45	58	4	66	74	66
6	5	56	52	24	66
11	6	113	50	89	58
42	24	37	41	40	32
92	117	1	87	86	9
39	66	57	45	32	32
44	28	78	89	40	53
1	22	34	20	73	76
33	65	46	47	96	2
51	107	15	45	6	64
111	9	38	81	61	41
43	4	111	37	64	56
82	86	68	97	22	87
12	46	111	25	65	112
95	95	112	29	114	44
43	43	90	38	114	15
109	46	120	91	98	41
118	9	22	45	115	47
104	34	117	78	54	46
80	116	109	86	20	5
42	115	100	77	117	9
2	92	105	83	42	39
49	36	78	1	32	103
59	57	1	28	85	39
67	4	36	64	90	80
71	118	22	70	79	98
27	112	84	112	93	86
17	3	16	67	106	18
11	44	45	42	2	55
80	66	37	108	118	26
101	72	11	41	38	25
5	19	80	11	44	66
6	61	110	69	87	52
73	17	90	57	89	88
76	79	8	36	52	58
89	16	63	66	82	55
33	19	41	96	81	31
24	60	49	9	24	47
89	69	21	8	82	90
11	100	58	104	113	96
35	81	88	53	80	65
12	12	95	55	18	27
61	52	57	100	60	19
37	43	119	98	57	45
2	92	65	65	116	42
65	60	64	76	108	8
14	117	2	116	116	116
109	49	76	11	107	10
88	102	91	20	64	32
63	98	113	47	9	67
82	92	119	25	35	42
79	17	60	112	112	20
30	55	3	6	49	10
30	109	45	72	62	16
54	89	21	112	61	54
46	32	52	115	25	10
43	67	48	12	101	48
103	75	38	86	99	12
92	113	114	42	107	8
69	35	47	80	61	1
75	90	53	58	85	109
26	79	63	102	105	83
21	96	64	91	60	21
66	9	104	66	36	109
85	41	15	73	60	35
62	8	113	27	110	6
110	100	22	28	50	16
22	24	113	17	24	96
58	52	27	34	55	63
66	49	32	52	76	54
76	5	115	67	38	32
64	19	91	16	74	103
19	8	93	59	74	84
107	120	13	46	94	33
31	115	28	119	89	92
58	72	36	91	92	116
69	46	69	81	14	104
52	114	63	52	82	12
57	67	92	24	105	75
102	109	12	108	90	10
49	45	7	62	10	10
120	4	36	103	111	9
110	20	114	25	72	44
111	28	24	23	74	10
35	10	46	96	18	99
104	31	71	91	68	75
58	88	50	57	114	80
86	19	91	111	6	31
46	54	74	78	62	53
39	77	67	114	13	28
91	83	39	9	16	58
51	24	15	111	18	18
54	14	55	96	119	75
113	36	18	114	65	1
74	6	22	67	97	82
110	1	26	75	29	27
70	119	64	63	87	34
56	36	58	88	72	70
95	67	7	27	21	105
38	97	99	101	12	54
3	111	24	74	15	44
58	119	6	107	75	72
68	9	3	44	44	33
96	25	101	21	64	67
98	93	87	44	109	34
77	35	48	64	112	30
101	120	40	4	53	41
28	68	91	73	2	42
86	93	63	50	106	97
80	64	79	101	2	70
37	71	107	88	32	51
55	27	51	45	40	96
7	106	63	94	101	51
115	8	46	114	57	42
38	63	39	101	20	15
73	41	82	26	74	18
70	83	48	3	67	64
25	59	40	69	66	12
44	50	103	32	93	14
85	44	41	82	57	13
107	84	12	108	73	100
24	12	94	28	12	52
103	54	77	14	61	95
30	95	104	85	22	73
79	119	78	12	75	64
16	35	8	67	29	85
1	51	61	5	99	93
92	97	100	78	33	66
16	4	115	104	91	28
55	54	93	112	62	90
109	60	52	55	37	73
113	97	6	12	46	33
96	95	17	17	97	120
74	1	87	109	6	75
98	120	119	48	94	102
104	80	46	59	44	101
58	50	80	84	64	89
95	24	23	20	112	83
32	25	91	77	38	111
64	68	57	18	53	40
95	119	59	94	56	47
42	49	16	104	90	13
98	36	119	117	84	80
28	102	103	86	89	35
88	53	15	51	8	8
102	83	5	119	70	41
52	83	48	93	68	83
75	83	46	38	23	82
77	102	99	91	116	62
104	73	37	60	80	73
57	70	79	117	56	49
69	100	111	27	111	88
79	61	36	80	6	28
1	37	25	62	6	57
84	10	80	21	47	11
34	67	19	109	43	8
95	59	28	2	65	60
28	3	90	15	72	113
43	27	11	93	8	28
37	54	101	79	116	58
70	9	110	11	70	67
16	9	64	119	65	107
37	52	107	7	76	16
74	114	46	51	57	8
1	39	111	62	62	19
101	58	101	116	62	72
56	39	26	79	11	118
37	6	119	91	20	72
57	76	15	116	44	23
66	99	68	104	96	33
102	24	89	98	85	4
47	114	113	89	39	52
98	57	92	61	42	14
5	97	120	58	28	33
48	92	33	118	90	107
44	49	67	69	26	34
27	38	10	97	108	17
108	76	69	17	55	30
38	11	22	114	81	63
69	77	36	12	13	80
50	104	62	53	79	101
61	4	10	103	49	91
84	47	27	117	21	35
29	32	72	52	70	69
16	65	109	67	45	69
51	3	101	25	110	11
49	51	17	26	23	45
114	53	119	86	43	88
4	7	4	86	21	98
36	88	53	105	43	109
26	100	109	59	38	46
61	25	15	100	100	94
100	10	48	11	73	93
86	42	101	87	46	57
38	60	37	31	31	74
109	69	119	111	113	9
66	49	118	3	38	31
109	77	109	40	76	116
38	76	23	117	28	26
91	100	27	90	82	20
37	81	11	75	8	95
31	35	98	44	81	53
6	15	87	8	21	91
14	89	54	62	22	96
35	42	93	94	12	81
101	97	95	113	115	50
69	117	25	59	50	10
54	4	96	2	99	57
1	17	88	99	78	8
104	77	81	111	23	118
44	5	64	44	17	61
7	28	35	72	47	71
104	57	107	15	18	77
38	28	43	54	44	23
14	98	66	27	26	110
100	18	6	27	72	13
45	117	57	36	29	36
14	50	117	66	95	45
30	59	2	16	75	120
76	10	20	114	117	1
22	117	17	33	25	119
55	104	70	75	10	43
27	54	90	25	34	68
38	13	109	96	55	97
79	112	9	44	101	53
65	92	12	98	74	18
66	109	99	25	96	79
62	37	65	95	44	116
87	17	109	44	38	47
79	49	63	6	107	54
33	117	2	97	11	76
57	35	60	15	34	43
42	117	117	68	1	9
36	1	28	50	76	54
75	17	53	26	104	90
78	116	94	81	34	49
28	112	97	60	24	81
100	82	53	24	14	67
22	29	47	72	13	44
117	6	19	113	17	77
77	34	118	46	3	88
91	77	22	48	80	65
97	93	47	28	78	105
77	90	66	107	91	66
85	29	119	110	32	77
113	100	53	60	116	119
55	85	98	58	22	118
108	55	81	85	111	64
87	32	8	71	95	80
53	100	78	113	94	12
37	57	41	30	66	4
73	48	6	75	91	34
96	64	41	115	50	89
81	115	117	120	112	66
34	57	50	96	13	68
23	24	7	108	48	6
38	101	54	36	69	24
1	100	11	38	68	38
90	27	28	68	15	5
71	105	102	81	99	8
79	117	3	43	32	105
52	74	1	16	16	55
74	85	43	48	35	59
80	97	53	56	84	5
52	12	115	86	61	17
33	91	3	63	49	83
1	51	19	117	82	70
70	110	66	70	85	49
48	53	91	31	116	62
82	29	11	107	46	62
35	29	96	15	117	99
67	52	20	104	34	86
107	73	58	4	84	94
37	94	33	14	59	30
66	16	84	20	28	21
53	110	3	86	63	100
14	69	36	113	59	42
52	16	40	48	14	25
21	92	79	95	68	55
18	8	100	28	111	42
103	54	10	14	91	95
54	86	106	1	120	120
56	68	15	43	111	88
38	77	69	10	74	98
68	61	45	42	106	6
97	47	88	10	6	112
91	100	114	31	65	15
16	59	7	53	46	112
94	52	82	17	79	86
61	20	93	108	110	23
111	38	81	85	47	17
90	88	74	111	14	4
65	109	6	64	61	27
57	64	81	53	66	2
39	113	108	77	115	51
62	97	113	107	64	57
2	110	44	55	96	33
116	86	115	73	80	117
48	54	31	81	89	94
64	94	101	89	36	105
17	73	102	50	16	52
2	41	32	37	75	118
103	5	103	48	109	34
8	110	90	29	95	47
71	3	94	63	62	86
29	80	59	120	117	103
70	69	35	47	36	102
29	63	49	15	18	39
11	56	50	34	4	19
92	78	101	14	14	70
56	44	106	35	16	82
92	47	13	107	119	38
60	55	47	118	4	98
37	65	60	116	113	65
19	25	21	118	12	52
116	6	81	86	28	44
65	39	64	119	116	38
11	80	82	117	52	93
6	68	55	34	113	46
98	78	20	107	63	86
66	35	58	112	102	88
3	50	87	39	7	27
18	46	69	30	68	32
106	7	63	45	42	38
17	110	32	56	114	69
54	25	110	97	45	102
117	43	26	30	63	57
118	31	16	59	116	16
106	66	31	105	107	78
36	94	70	99	13	8
22	28	43	110	95	88
95	72	84	79	21	5
37	116	68	118	83	55
49	80	22	11	74	47
85	57	64	13	33	78
107	82	62	49	119	108
103	71	56	85	37	93
90	72	90	47	110	111
81	78	31	27	104	12
63	109	19	37	41	33
15	101	117	89	7	66
72	38	83	20	27	47
90	4	11	115	4	7
53	106	68	108	109	100
74	78	103	80	67	30
8	13	30	28	1	118
93	7	117	25	108	40
110	98	33	113	32	26
91	12	108	43	116	47
102	103	60	16	51	99
51	21	22	31	104	78
59	71	12	91	98	104
105	120	49	67	64	88
40	83	109	94	48	95
12	33	88	50	63	63
105	3	108	55	51	15
78	3	14	16	111	105
6	66	87	100	11	85
25	22	34	56	48	51
54	92	5	22	110	98
108	68	84	6	37	104
112	105	46	100	77	112
63	95	1	76	17	41
11	88	2	35	83	43
55	10	110	5	41	13
109	62	105	34	11	11
32	12	57	102	111	94
112	51	115	83	42	102
73	27	9	105	119	9
20	86	11	28	110	89
93	47	37	61	114	94
90	16	86	112	23	17
82	72	62	91	1	3
52	85	116	111	30	1
108	47	117	101	34	60
70	16	114	80	74	92
119	43	62	75	71	47
85	83	47	110	45	74
11	87	64	107	71	51
7	65	37	68	30	116
69	87	60	109	95	32
61	41	88	113	26	94
103	117	34	103	34	32
93	96	107	110	54	20
80	73	20	26	96	54
46	118	61	3	96	11
12	23	1	73	53	26
29	91	75	42	35	53
71	91	111	105	113	103
3	100	101	79	26	119
50	119	51	11	119	29
83	27	41	2	29	71
7	35	99	38	16	68
50	73	61	25	66	85
21	103	81	4	99	73
66	117	16	105	46	60
37	23	31	21	30	95
32	71	39	84	73	4
79	16	42	67	93	30
44	8	75	82	26	35
24	43	72	111	13	109
40	56	38	3	104	88
56	103	8	91	49	111
69	57	106	51	20	44
15	104	70	36	60	57
117	52	79	87	52	118
117	15	24	19	23	2
76	52	52	110	70	50
91	104	119	49	87	103
73	34	36	7	103	99
19	6	115	111	114	56
88	40	76	35	62	82
84	113	73	62	76	72
96	83	99	56	40	117
54	22	3	106	50	29
72	48	56	59	49	51
31	51	80	74	118	32
48	79	34	110	56	109
16	42	111	3	7	113
20	89	101	96	54	73
17	57	29	17	45	30
46	57	3	93	36	21
35	66	55	40	23	45
113	108	81	71	116	105
92	93	99	44	67	51
84	18	91	37	43	116
97	40	83	96	57	15
26	64	103	98	84	70
104	27	78	33	66	106
117	68	92	6	87	71
54	1	24	15	106	78
117	43	108	55	56	16
100	107	76	34	35	114
82	114	120	87	102	10
26	87	112	88	58	19
54	26	13	96	59	2
83	86	57	68	104	22
50	102	112	43	55	68
102	7	9	78	38	12
63	17	60	40	4	11
45	1	32	11	71	99
59	50	4	35	104	111
93	114	103	116	45	72
34	91	23	75	64	57
22	94	25	44	100	19
6	120	63	46	33	1
19	65	28	15	66	113
59	62	62	103	5	84
22	71	80	79	65	88
89	110	94	20	76	64
21	95	34	59	53	102
47	13	88	53	104	67
110	107	94	2	103	97
98	47	1	27	29	86
30	77	54	4	72	52
105	91	33	21	6	34
19	89	15	32	93	27
76	77	112	20	15	50
113	73	104	49	100	81
103	62	109	119	15	113
112	100	57	9	86	120
20	34	22	57	69	18
120	25	75	115	46	119
24	22	10	25	47	61
65	42	17	14	15	99
65	49	52	81	17	12
77	91	102	71	17	20
51	77	55	14	8	73
61	75	15	79	95	1
23	36	68	112	7	117
65	3	1	117	59	100
25	109	104	95	101	16
47	85	59	2	88	40
8	82	49	15	33	43
116	102	101	80	27	113
64	8	32	69	68	8
19	31	77	51	115	14
48	32	9	70	21	86
82	36	90	98	19	32
78	42	30	12	89	10
5	112	5	25	39	115
4	82	32	11	14	90
93	114	11	47	114	98
14	76	10	43	101	111
104	15	71	85	114	22
89	97	27	102	106	32
27	88	18	56	77	84
55	94	11	115	33	31
59	91	43	44	42	27
53	2	106	119	74	46
20	68	109	119	17	13
54	66	95	34	74	39
56	36	70	5	7	75
57	80	38	39	46	79
97	107	52	100	47	75
53	74	117	72	38	75
51	112	71	25	27	117
13	26	62	63	71	30
27	93	93	36	18	7
69	113	110	118	5	25
20	31	100	90	117	34
52	96	95	117	74	116
93	116	77	109	19	77
1	54	1	69	44	108
80	66	45	86	115	18
37	99	40	85	46	60
47	92	41	48	93	26
95	30	69	78	94	106
95	116	79	42	112	43
36	48	25	80	94	69
102	78	118	42	63	9
109	119	42	84	86	92
77	14	118	8	49	55
53	3	46	110	10	5
108	11	78	75	110	119
114	101	79	4	109	116
59	83	63	100	108	100
64	101	1	72	84	90
118	72	93	77	42	44
89	94	63	8	101	66
27	53	56	26	87	34
91	120	3	104	98	33
49	74	55	106	40	95
107	114	64	35	44	23
45	114	26	44	94	109
79	86	38	50	115	91
39	10	1	5	105	109
1	21	54	69	22	98
25	98	84	12	30	85
40	35	80	88	77	9
110	73	87	51	59	50
4	3	25	75	110	62
37	55	16	103	104	50
51	22	107	39	111	114
79	68	115	17	30	50
88	90	82	67	3	22
71	11	79	27	11	109
108	52	11	112	17	33
46	63	24	1	77	92
30	73	57	75	42	63
50	1	72	61	17	60
25	1	40	114	80	42
67	32	109	84	104	73
1	49	11	40	77	15
65	32	116	89	77	78
47	105	28	77	81	7
60	5	10	2	64	80
41	42	12	22	7	3
75	41	62	99	2	37
106	4	84	15	101	39
118	6	91	61	112	104
17	32	70	78	56	94
43	50	55	53	47	119
120	25	107	118	9	79
47	44	72	11	87	68
109	88	57	19	34	72
91	31	112	48	79	21
65	45	118	75	96	20
85	18	72	70	28	112
78	49	48	103	111	78
55	22	45	15	18	24
104	13	97	23	67	37
57	38	9	52	109	38
40	36	63	30	16	41
29	1	101	36	89	19
74	79	58	56	113	23
39	26	115	21	75	59
75	107	30	65	120	3
13	78	1	119	21	90
45	46	4	109	29	104
11	15	17	46	46	42
36	28	85	65	88	6
105	92	42	73	70	50
84	33	67	68	75	29
47	8	5	36	12	98
108	7	17	10	23	72
43	74	38	85	21	89
6	86	70	72	77	101
27	64	37	27	90	43
80	19	107	101	111	22
74	43	40	62	20	12
109	2	30	86	4	47
72	90	114	14	69	105
8	90	101	59	22	56
84	52	7	83	12	25
119	12	91	81	62	96
112	65	3	45	51	68
31	1	10	56	76	14
8	19	39	35	102	33
1	49	26	70	38	101
101	96	53	15	19	113
120	108	28	11	100	42
85	72	75	106	15	33
56	110	45	95	54	31
41	87	35	101	65	69
8	108	117	100	110	57
85	24	52	32	71	49
4	41	32	34	30	82
88	65	82	38	42	93
4	105	78	116	107	58
64	53	35	69	95	49
58	57	46	82	6	61
56	96	111	49	53	12
91	25	9	74	112	88
88	60	101	94	45	88
77	61	60	54	93	116
112	87	98	86	60	40
57	34	85	82	115	58
82	105	3	68	67	38
52	78	89	70	82	118
48	28	47	71	101	38
87	110	90	16	51	103
108	90	86	42	118	40
113	61	63	24	77	57
84	12	119	17	29	10
65	16	29	24	46	62
55	102	116	8	32	6
89	9	41	1	67	61
47	62	60	73	62	65
68	41	11	60	58	65
79	17	80	59	50	115
120	14	2	119	46	42
81	114	78	69	47	100
66	84	13	35	84	66
50	50	12	20	111	97
95	4	6	22	99	44
92	78	4	91	96	82
22	119	35	108	93	47
117	46	35	106	57	68
97	77	19	34	110	100
101	5	66	54	66	86
23	64	5	109	94	30
65	21	90	33	46	22
70	49	51	48	120	26
55	9	33	53	80	1
85	32	31	100	22	42
3	27	107	35	48	76
109	107	75	43	103	35
48	81	88	97	9	71
36	119	109	42	59	119
79	63	24	57	114	51
37	100	86	48	110	24
106	83	7	30	47	62
3	36	119	63	47	101
98	23	108	61	29	119
61	32	113	66	67	106
105	113	107	33	35	69
105	95	20	73	106	25
27	84	92	113	59	98
112	34	14	54	107	19
103	18	62	11	48	82
116	87	90	11	3	91
40	108	88	57	6	52
8	76	53	7	77	65
92	11	86	78	30	42
118	115	52	53	3	35
35	26	64	61	56	23
109	12	12	115	89	63
108	82	27	110	39	86
90	58	93	71	61	60
37	24	76	104	40	8
67	88	100	90	52	86
25	7	71	120	88	74
17	93	79	9	41	118
88	118	61	80	30	80
61	108	54	7	58	26
112	15	23	15	120	61
65	33	107	116	66	7
3	36	97	105	62	31
85	64	55	39	68	79
4	112	44	19	82	14
116	115	36	67	41	111
120	60	42	41	4	43
10	34	85	48	108	108
30	28	13	118	12	14
105	36	5	12	91	33
86	99	64	47	42	99
9	77	115	109	86	102
79	4	29	117	116	72
8	44	70	43	2	78
62	28	78	31	88	53
62	41	19	8	45	79
2	35	106	55	53	51
65	71	98	58	10	20
49	18	21	3	98	87
98	94	45	93	77	92
91	77	104	117	75	44
71	50	88	83	82	3
43	26	94	54	18	16
67	83	72	67	47	26
9	42	77	62	44	88
17	105	50	63	104	47
49	112	105	90	76	113
77	9	5	83	119	84
83	103	40	78	62	29
78	59	5	89	70	11
43	83	15	101	112	16
93	23	82	12	11	26
82	96	22	95	118	83
113	68	101	88	45	7
44	64	108	97	51	77
18	76	84	27	32	83
73	87	113	88	119	70
44	18	85	102	56	120
21	89	79	99	1	45
104	52	3	21	106	47
97	14	16	89	87	99
4	64	2	21	72	81
23	108	73	10	113	4
55	73	80	83	73	36
45	21	71	1	36	10
47	22	15	88	16	98
106	114	115	53	119	119
68	46	25	34	81	48
107	42	47	22	77	113
76	62	2	24	116	17
20	111	22	50	101	28
113	19	37	102	110	77
44	77	108	80	67	10
81	78	80	47	55	35
59	73	30	69	99	57
80	98	11	76	108	1
47	27	97	53	77	54
1	75	7	52	119	32
43	104	8	106	103	116
98	54	68	33	43	84
54	94	17	76	86	39
96	120	87	54	22	26
55	97	53	18	84	108
114	78	74	80	59	72
79	47	107	39	66	100
22	81	61	60	100	30
41	11	72	32	22	76
112	82	114	41	61	16
24	61	73	12	2	116
28	7	61	35	25	57
96	101	82	78	55	83
69	7	8	12	75	9
16	104	24	28	4	65
77	89	14	114	95	5
8	63	63	23	56	16
78	61	104	101	71	19
114	101	5	29	91	43
97	35	44	46	16	1
5	49	95	106	6	21
44	56	58	6	22	12
66	37	10	75	79	63
73	118	86	35	85	70
48	88	102	103	106	82
76	104	109	81	40	19
79	14	27	32	105	53
113	61	6	101	39	110
22	46	82	33	22	51
70	15	37	103	78	62
97	73	107	86	97	40
7	43	58	112	46	72
99	73	36	84	6	66
66	53	84	55	49	49
33	73	63	92	118	66
5	62	98	66	43	83
113	7	90	67	76	29
8	44	26	32	111	98
31	11	78	109	21	88
50	62	31	49	54	3
40	11	2	106	67	51
102	7	10	114	45	112
104	3	17	89	97	105
68	116	29	92	25	54
52	9	95	32	3	72
12	88	54	115	37	105
15	54	114	105	33	105
39	51	56	26	70	77
15	72	58	107	62	116
24	72	34	11	19	39
28	93	9	18	29	7
1	19	52	91	40	34
113	63	43	18	60	5
80	118	76	88	34	53
77	104	6	51	117	3
5	82	61	97	27	118
76	69	118	97	114	15
116	27	43	53	4	107
118	33	29	103	70	115
11	108	38	36	103	111
32	55	60	41	23	4
23	111	5	105	23	115
36	32	23	99	51	7
52	113	17	40	105	112
7	63	106	116	64	28
111	44	114	96	3	63
44	89	94	25	62	12
62	62	92	100	6	86
119	6	19	86	17	8
20	84	67	98	106	98
98	19	21	31	101	69
104	49	104	51	26	45
1	39	27	115	48	58
37	16	69	63	88	52
35	58	36	2	55	103
85	5	39	29	41	96
49	72	96	24	69	114
10	104	66	17	23	34
89	1	62	48	61	62
21	54	42	45	10	53
37	59	50	15	105	59
31	120	72	43	15	53
55	34	46	82	45	2
62	20	13	31	58	14
90	106	99	79	33	57
80	78	94	45	77	14
27	89	64	30	81	109
57	86	99	59	75	96
51	67	3	40	85	114
11	94	35	107	75	47
109	46	70	74	51	101
54	37	72	10	36	104
41	16	65	50	4	118
86	41	69	48	24	56
72	113	1	48	83	19
63	32	19	36	78	72
94	112	46	28	76	10
117	89	43	45	15	68
54	61	79	52	71	49
92	9	79	33	76	95
3	33	80	2	30	109
3	103	92	60	28	4
2	53	66	1	108	37
29	24	88	55	102	50
5	119	28	106	88	95
77	72	56	7	23	96
61	56	46	35	98	35
37	57	48	90	50	42
7	73	6	10	62	10
111	61	40	52	15	95
104	112	109	81	62	106
105	75	46	5	101	40
112	16	114	93	70	29
85	33	112	15	109	61
64	43	9	117	37	17
25	25	65	90	20	82
117	44	118	66	112	92
31	117	21	94	11	66
94	62	72	86	116	60
54	20	22	15	67	29
42	31	37	38	90	24
80	107	15	118	34	55
45	97	78	55	48	120
55	41	79	36	7	108
115	19	114	6	10	2
12	107	73	88	120	114
101	74	103	17	30	103
46	74	87	94	34	85
76	91	47	73	15	68
61	3	47	72	22	12
89	35	14	26	41	101
106	35	81	26	31	33
90	57	17	84	22	35
101	36	107	58	81	60
68	41	119	3	16	105
38	22	111	114	46	63
30	100	46	87	46	4
32	47	117	19	81	16
1	6	119	15	80	76
91	11	77	2	37	47
104	120	24	48	40	31
59	104	44	12	69	84
51	59	12	48	9	4
42	81	3	64	71	110
15	32	64	106	84	102
120	52	81	22	23	98
64	86	7	13	73	25
39	113	18	83	67	29
60	111	111	24	89	69
97	14	106	63	78	75
112	37	3	42	11	40
66	21	17	63	112	76
71	72	12	54	89	99
55	68	114	49	43	70
38	1	80	44	8	112
70	117	13	77	85	14
81	113	98	60	115	65
107	108	114	53	86	39
3	77	65	1	61	39
28	90	89	79	48	28
54	41	68	37	94	118
8	88	119	80	51	4
11	65	28	54	50	106
61	25	8	33	61	74
90	101	90	90	90	130
27	12	82	18	83	89
109	37	44	81	77	68
1	85	34	38	1	56
31	99	49	5	73	7
76	100	74	54	50	83
64	21	19	77	4	92
59	78	91	17	84	96
34	58	92	63	117	107
8	65	90	80	76	77
12	27	34	35	22	30
90	30	15	95	6	97
59	60	46	64	30	13
38	106	74	104	52	7
120	114	73	96	11	88
44	23	39	74	51	25
74	29	76	10	5	25
24	36	119	40	93	20
79	53	30	49	112	19
56	12	119	75	12	11
27	115	76	91	11	50
12	104	47	109	103	103
57	6	114	13	109	61
28	92	74	90	97	87
2	55	101	23	50	109
41	55	41	88	27	7
71	17	91	32	105	86
81	20	114	95	68	8
69	53	16	74	9	65
79	77	57	88	50	76
43	108	105	6	75	74
52	46	53	119	73	13
107	84	19	116	54	100
106	19	14	28	36	33
11	105	6	31	72	47
54	50	44	37	4	114
21	1	30	35	79	100
119	28	18	34	54	93
102	28	15	96	82	63
102	114	98	14	9	40
105	90	14	76	2	15
70	8	116	8	14	28
95	64	26	21	58	118
48	108	91	33	120	90
59	69	18	94	99	10
94	86	24	42	31	40
95	16	60	114	109	65
50	99	13	103	36	50
35	99	61	62	37	99
29	24	23	101	76	87
107	58	48	19	57	48
74	32	69	53	119	16
59	119	36	31	14	19
5	14	37	83	39	110
70	73	75	50	76	19
75	109	10	18	60	15
14	39	92	64	22	86
118	56	55	53	61	23
87	17	81	54	3	58
90	22	26	66	84	13
106	82	96	81	8	51
49	80	47	5	102	1
10	26	103	83	7	29
5	77	25	74	4	102
11	16	68	108	24	74
66	84	62	100	84	65
44	58	11	79	64	55
48	116	83	9	94	46
23	68	64	49	16	80
59	4	7	87	85	37
90	70	105	12	37	28
77	106	2	85	117	50
99	101	30	67	47	31
96	26	21	103	114	87
108	25	90	24	16	97
11	110	50	71	52	33
110	120	69	23	88	9
53	105	56	50	67	100
110	115	64	113	90	46
75	79	99	22	78	79
53	23	7	86	99	39
51	1	58	49	85	39
11	96	45	32	23	71
34	73	118	8	96	89
40	74	68	106	68	103
83	22	8	20	103	111
71	115	102	104	64	110
86	38	30	16	21	66
118	53	101	10	112	45
84	63	59	52	52	98
51	99	26	17	80	51
26	76	80	26	63	120
95	68	107	91	33	61
10	105	91	2	11	99
38	117	51	68	99	104
4	40	61	98	80	66
16	99	62	52	73	92
40	71	16	66	13	93
110	11	15	98	95	2
59	110	11	55	52	34
9	73	115	35	15	51
43	45	99	96	66	47
69	8	79	81	85	115
114	93	109	100	50	49
70	49	8	52	70	83
61	84	75	3	55	52
75	58	17	36	36	83
105	12	4	22	102	105
22	62	20	36	24	75
70	112	77	91	3	105
36	17	106	38	68	69
77	23	65	68	70	51
101	73	38	104	116	38
11	120	47	112	60	71
92	84	111	111	45	80
102	44	47	90	45	109
2	6	72	81	105	104
105	16	72	54	46	114
114	90	104	49	65	22
73	64	81	80	42	50
99	119	61	1	12	85
98	101	19	114	94	73
26	83	97	8	11	89
83	45	73	49	18	53
25	84	111	17	76	31
12	116	97	83	24	71
65	36	71	101	53	108
56	70	79	85	72	98
84	115	79	20	29	30
103	104	119	103	13	86
17	115	55	94	63	62
13	23	90	25	70	88
32	38	25	89	35	7
52	59	117	5	18	5
23	93	52	43	75	2
23	116	117	40	102	59
109	90	47	34	52	86
23	39	115	4	82	21
6	60	120	13	38	27
31	34	63	55	108	31
120	88	45	32	7	74
77	57	104	43	66	6
80	13	78	50	49	32
102	20	14	69	86	70
62	35	23	119	92	25
105	103	19	37	2	109
102	67	53	51	103	22
70	88	36	9	78	100
58	51	91	44	99	62
116	101	45	81	81	10
18	45	120	63	15	104
107	26	10	16	120	7
113	70	17	73	4	73
74	31	46	97	9	46
44	47	117	3	70	8
107	106	33	9	113	7
33	103	76	23	85	21
29	57	119	43	13	55
6	73	95	103	77	102
59	12	55	99	80	3
95	119	98	53	44	21
12	60	118	100	106	116
42	12	18	118	75	2
99	26	67	78	117	67
11	70	68	5	98	113
112	25	24	7	4	114
50	97	93	85	6	94
108	68	58	74	52	15
115	113	82	52	41	111
53	1	79	41	11	44
25	51	85	56	95	4
43	93	57	102	9	72
90	95	11	57	107	26
102	59	105	71	115	118
55	114	4	80	30	41
12	4	30	30	90	81
113	86	54	37	82	97
28	50	74	6	28	17
102	102	108	44	94	37
86	40	95	17	14	62
92	50	97	107	100	97
61	100	6	14	67	61
64	1	107	99	10	2
117	45	105	76	45	58
16	97	21	113	76	66
2	110	2	96	42	6
69	60	115	28	107	92
94	95	19	62	104	88
90	26	31	102	77	77
62	52	85	108	18	60
22	105	90	73	118	48
116	16	45	40	86	18
70	76	33	9	22	63
105	35	51	58	99	94
62	62	13	13	80	48
119	9	118	16	68	109
31	12	49	89	16	73
36	90	111	52	16	43
111	9	33	46	30	85
85	79	109	10	27	63
37	2	65	68	74	117
19	103	22	12	34	74
76	25	11	43	22	109
113	75	81	77	32	40
32	26	87	79	14	36
87	84	16	102	59	8
15	39	56	96	77	102
60	111	68	84	21	1
120	15	63	116	91	92
112	69	45	78	12	20
111	15	58	42	106	11
1	8	15	73	117	67
84	42	62	14	41	79
21	58	118	76	93	2
28	7	57	97	28	120
101	103	107	7	101	45
28	117	101	50	106	21
27	31	41	8	17	80
116	44	21	75	108	106
112	14	90	30	42	97
66	87	18	5	63	24
98	62	78	6	77	77
35	61	101	33	117	99
44	19	20	47	53	11
84	72	65	104	70	112
34	24	41	23	109	51
13	54	68	41	45	34
2	13	57	23	69	90
68	28	61	52	109	5
57	54	29	31	68	84
31	102	89	4	41	21
109	91	47	84	8	30
85	47	76	38	60	10
58	87	96	58	107	46
55	68	19	69	68	53
11	84	63	71	65	51
17	33	35	111	73	110
110	89	115	79	78	115
75	17	19	112	89	7
38	22	116	55	97	40
105	49	77	87	64	48
14	62	9	69	61	15
52	65	48	49	37	2
22	32	50	47	85	115
23	3	27	24	87	20
57	76	26	52	40	86
55	112	51	94	25	79
81	102	116	87	9	26
68	105	6	71	82	115
28	105	109	98	1	85
4	115	83	116	60	54
107	19	85	63	69	66
34	111	69	18	64	12
12	108	117	88	26	25
88	107	106	36	62	116
20	73	43	113	82	30
70	24	111	36	30	106
35	68	19	59	105	70
50	57	32	62	70	105
84	53	94	80	37	46
59	26	120	29	102	4
117	108	56	13	98	28
81	36	98	77	46	35
109	91	78	102	51	65
98	66	48	22	82	20
86	13	54	26	109	1
85	38	20	33	113	81
51	49	23	76	14	58
80	29	90	115	14	45
110	38	72	102	24	63
32	55	12	29	107	34
92	96	32	67	88	52
84	77	112	60	31	76
113	55	101	109	20	68
6	31	105	120	110	15
30	106	13	56	18	111
30	82	98	31	7	76
41	22	114	84	51	40
39	36	70	7	81	46
46	108	7	51	103	115
52	113	27	11	74	23
27	19	72	79	85	25
116	87	73	27	39	80
12	25	42	29	115	55
68	99	49	116	28	80
8	67	22	14	94	21
97	25	22	70	103	2
42	100	105	71	113	79
38	22	117	69	77	1
1	45	110	76	118	103
64	81	10	43	120	114
35	89	28	90	70	38
85	99	24	120	58	47
99	118	9	111	39	92
46	3	90	111	92	2
108	32	96	6	5	2
95	47	13	43	6	35
26	38	20	66	110	108
11	10	8	6	83	99
114	37	54	32	116	54
14	75	20	4	92	17
59	87	60	12	23	20
113	77	16	1	39	95
36	81	9	95	66	108
3	104	56	31	90	102
21	94	14	10	105	86
12	33	98	34	60	97
98	36	113	30	115	78
99	12	33	58	61	52
26	80	49	42	65	51
53	35	65	34	15	54
33	87	79	87	36	48
62	31	72	44	91	101
104	76	87	39	17	19
18	81	104	60	15	26
113	51	50	82	95	37
113	79	111	29	29	80
9	35	73	14	73	28
77	78	118	10	58	71
4	35	96	28	59	47
70	40	76	5	8	56
49	42	47	62	96	52
88	36	32	71	78	81
26	114	85	96	36	45
23	32	81	54	34	86
38	34	14	57	8	107
87	62	106	1	99	80
81	113	20	59	119	60
40	88	35	69	30	73
48	33	59	63	22	119
8	108	81	45	21	40
86	22	22	57	13	87
38	39	102	110	23	115
115	82	74	26	115	100
22	15	6	23	41	30
87	64	59	113	117	53
108	111	93	114	43	39
35	44	119	25	31	102
56	27	36	34	116	104
82	56	55	29	73	49
117	77	4	63	75	4
110	28	17	36	43	109
88	59	26	82	58	91
56	3	37	59	54	31
56	116	22	4	54	53
29	83	115	21	70	108
4	61	22	102	12	86
59	113	67	91	39	5
35	18	92	3	54	16
83	91	105	56	60	2
91	79	67	75	116	29
106	3	76	40	26	23
97	5	67	42	93	54
4	95	49	113	118	4
70	78	72	80	31	65
120	92	116	51	5	51
100	36	92	118	96	60
25	40	71	65	11	20
83	17	105	62	31	23
93	12	86	74	58	47
104	13	97	8	47	24
47	66	23	70	88	29
29	65	59	110	23	75
118	91	30	104	97	2
115	49	6	87	27	19
70	65	3	81	79	93
42	17	69	110	24	85
33	29	28	36	51	72
77	30	93	107	77	120
94	15	102	53	35	116
105	102	49	99	101	34
89	14	65	100	86	53
1	70	99	62	44	17
73	101	109	36	19	46
71	103	42	34	48	74
58	13	12	75	95	75
88	83	104	113	88	88
9	88	16	112	26	17
102	48	93	45	7	27
38	17	85	85	81	67
118	114	17	92	75	118
21	10	104	119	67	104
97	101	115	27	94	44
51	4	106	31	59	119
40	92	57	19	61	96
16	89	76	65	61	19
83	72	20	76	81	63
80	1	89	55	103	91
29	61	68	102	54	46
67	37	114	28	11	62
117	82	92	39	75	103
54	81	13	97	53	22
89	25	99	26	22	78
23	37	42	82	110	107
45	120	12	48	25	110
48	107	107	7	100	89
21	14	52	43	47	31
37	96	98	39	78	44
81	111	67	54	27	99
98	54	19	97	17	108
23	57	12	82	62	71
47	109	102	47	37	108
99	63	117	78	114	19
21	85	91	33	11	117
15	14	92	79	66	49
11	80	95	120	55	64
3	35	19	43	36	87
64	85	111	76	22	56
59	90	12	88	63	4
72	99	49	16	89	48
12	58	40	61	89	18
83	89	119	114	30	118
43	4	23	53	98	103
104	24	60	104	86	10
102	50	33	110	90	106
114	100	43	32	67	38
66	110	90	7	14	92
46	19	15	72	72	64
108	39	38	32	47	86
68	43	100	111	30	74
42	97	57	119	108	79
67	30	9	102	85	18
67	85	72	98	79	85
29	116	31	66	30	32
92	92	104	1	84	91
94	68	30	96	4	69
16	68	118	97	117	61
20	103	102	102	35	105
56	74	97	23	59	99
84	39	86	95	83	13
36	5	77	116	50	63
47	89	7	30	5	76
55	20	50	25	98	96
76	55	51	12	26	120
12	12	27	74	99	46
4	75	8	54	9	63
14	78	113	4	8	86
22	70	83	77	21	118
61	58	97	117	34	3
11	59	73	92	86	66
45	41	85	80	72	82
26	116	101	111	78	2
94	23	112	6	100	49
49	58	95	93	114	43
54	54	51	77	49	82
29	4	52	41	42	9
109	103	93	89	2	32
61	28	20	97	91	109
52	92	68	75	2	5
57	32	95	107	106	34
29	110	32	54	56	75
70	84	11	20	100	90
58	105	95	8	100	45
21	29	52	51	94	71
59	78	32	30	24	44
34	91	7	23	65	45
32	82	114	5	117	7
62	81	29	60	36	31
119	62	55	83	72	107
46	96	13	101	93	67
35	99	69	50	77	18
114	19	36	48	60	113
5	40	42	37	17	8
120	3	106	63	60	36
111	19	75	17	38	23
63	62	24	115	90	31
50	15	9	4	73	26
91	20	50	105	114	118
4	68	112	31	63	33
57	72	71	22	9	28
82	28	116	93	107	87
15	113	30	119	106	26
20	89	9	57	46	77
74	84	111	47	66	57
22	20	76	6	44	9
54	1	76	91	99	106
76	27	11	107	13	81
6	21	14	35	70	69
18	50	93	83	44	86
82	26	52	41	105	53
43	65	113	99	118	86
28	108	47	29	63	62
87	59	51	11	113	114
38	115	71	81	2	104
17	19	77	4	90	36
18	93	93	18	48	60
75	101	32	99	115	101
85	92	83	31	67	29
7	87	110	103	105	6
64	57	43	107	55	24
77	14	9	51	30	104
30	32	54	28	45	27
43	101	66	11	31	36
7	59	96	30	44	36
75	102	84	14	100	92
58	83	58	77	92	65
89	1	14	111	15	87
71	62	9	26	3	18
58	93	74	35	114	86
52	76	93	27	35	69
56	34	8	4	53	56
80	93	120	13	66	39
108	103	14	21	102	3
102	69	6	120	55	112
117	84	96	87	87	118
7	51	79	37	7	6
107	9	100	38	17	13
82	103	71	72	101	63
114	13	86	7	21	49
97	84	25	14	88	115
35	38	26	36	6	65
113	111	116	1	62	56
117	98	29	52	3	107
53	100	38	90	37	19
104	85	53	34	11	34
74	91	114	39	21	95
112	120	26	61	25	89
118	86	47	79	15	92
7	69	100	39	22	18
38	78	33	44	14	115
18	31	61	6	28	28
15	109	4	41	74	19
109	120	42	39	23	40
37	100	28	73	19	82
115	88	95	54	46	95
38	119	94	33	9	115
99	101	11	77	61	19
15	40	104	2	89	44
68	24	71	20	63	4
92	11	70	118	2	76
19	109	21	97	18	49
77	33	8	54	84	109
70	115	9	116	85	13
117	8	93	87	13	62
20	73	31	33	19	38
52	23	17	67	95	76
115	46	55	35	27	47
83	56	80	65	118	48
110	68	92	22	110	66
60	12	15	92	75	18
118	67	84	19	55	26
67	117	73	118	24	87
73	36	119	80	62	77
110	63	27	90	66	96
44	69	94	93	117	91
101	68	30	56	110	44
82	3	94	106	60	98
69	79	32	20	120	48
86	39	78	114	76	113
58	100	55	24	12	6
30	92	46	40	26	74
3	54	35	12	51	99
101	78	27	56	113	60
115	113	60	54	97	119
65	35	85	13	9	51
62	75	5	25	21	28
46	91	38	98	53	108
5	40	17	59	34	120
37	73	55	30	94	120
29	11	108	26	71	109
116	73	28	107	62	33
66	89	65	4	91	25
36	27	2	40	13	25
42	46	86	75	12	95
95	63	6	45	22	110
44	37	90	112	104	85
26	82	12	84	37	97
101	63	108	76	61	84
86	4	70	49	29	105
8	29	39	112	74	55
13	81	96	35	17	72
111	99	25	5	28	16
44	89	27	5	68	86
21	84	58	43	14	49
74	91	103	10	118	101
3	39	21	80	77	18
54	79	61	26	106	111
23	47	48	28	45	13
90	42	74	41	83	66
51	43	29	51	79	38
43	51	58	9	1	6
85	46	79	108	59	42
52	25	111	40	114	9
85	39	32	105	18	114
13	50	107	68	42	116
15	95	104	86	120	12
87	35	37	71	33	90
76	30	92	11	84	19
27	97	105	50	64	3
104	107	35	47	16	75
26	49	62	38	44	106
87	18	101	11	45	98
96	53	107	106	30	73
115	91	114	14	7	98
99	119	66	118	111	98
44	64	86	76	89	12
38	63	59	71	38	101
33	79	53	82	115	89
84	11	14	38	16	79
43	87	37	92	18	7
98	60	27	112	82	47
117	30	108	110	89	93
7	83	24	33	81	81
6	60	111	92	7	43
100	96	2	31	76	60
85	73	73	103	102	85
62	15	83	109	34	75
47	45	73	96	84	104
8	26	114	100	110	65
30	11	76	31	76	76
48	15	38	10	109	115
118	70	111	94	97	74
12	35	84	38	49	110
118	77	55	10	72	107
58	45	114	32	47	69
56	81	6	22	67	53
53	66	66	99	27	19
85	117	117	110	18	23
44	25	2	51	68	94
88	41	46	74	117	1
11	101	44	8	47	87
98	100	45	42	89	32
73	17	87	7	99	7
1	38	100	94	33	34
56	61	9	37	23	116
108	94	41	100	17	7
114	57	119	45	77	56
24	93	10	120	24	55
6	104	34	94	1	51
11	120	34	28	7	81
5	51	38	87	15	84
5	65	20	94	4	102
49	90	27	17	48	26
85	84	106	26	88	24
29	99	49	119	59	40
107	77	117	81	41	79
2	49	57	60	112	33
62	44	67	52	5	25
12	11	97	82	94	40
22	18	96	92	5	41
120	15	27	89	14	95
93	92	32	101	12	6
64	7	105	17	102	13
56	58	58	50	102	114
16	57	78	46	28	18
11	8	16	119	112	73
2	66	114	25	20	13
64	69	74	53	67	22
65	114	20	15	15	94
94	51	97	76	9	2
61	20	119	118	24	102
28	32	114	21	50	64
43	104	81	111	71	120
29	112	9	78	33	84
33	95	71	5	32	54
31	117	116	117	106	72
23	32	40	80	114	14
11	12	65	49	106	75
25	94	103	68	60	7
87	104	97	87	77	72
118	54	82	96	46	4
52	85	90	65	53	2
2	42	17	96	62	60
15	62	41	119	91	37
52	55	105	24	106	86
52	75	44	17	16	77
32	34	108	112	73	98
80	8	16	120	107	76
25	9	25	105	50	115
79	20	84	55	52	22
6	87	70	28	34	27
116	29	1	3	53	71
63	100	107	63	37	90
15	29	24	49	68	67
75	112	6	106	116	82
42	31	73	72	16	97
15	104	32	111	46	26
35	76	45	54	7	71
29	45	13	67	114	25
89	2	111	32	33	87
66	12	73	93	30	84
51	2	80	19	53	84
80	49	117	43	118	82
97	112	61	120	78	111
66	49	39	24	54	60
47	80	61	43	58	62
75	41	58	36	82	48
40	119	27	98	110	107
9	55	85	77	93	78
47	3	56	68	25	88
96	19	89	32	6	117
24	93	72	23	105	37
108	106	86	9	9	98
66	30	94	31	7	89
111	67	99	106	38	82
21	7	77	73	93	93
7	113	81	53	120	59
93	19	39	101	119	46
63	117	68	6	98	45
62	54	45	78	107	3
69	92	56	47	66	81
119	20	4	118	26	51
64	87	120	16	104	41
112	52	111	29	65	55
67	78	37	85	119	13
66	12	75	27	108	6
35	114	111	117	30	29
40	41	63	45	76	18
97	54	28	77	101	102
92	59	55	51	9	90
113	83	51	99	105	35
69	27	15	94	116	12
21	4	92	112	7	31
85	87	85	61	7	18
40	71	17	114	63	31
79	32	52	79	91	11
81	64	1	47	100	112
45	101	82	7	100	26
76	34	83	70	48	63
96	118	85	72	41	78
35	67	72	85	62	87
36	58	11	69	49	102
37	106	62	39	56	98
106	103	97	74	102	8
84	90	42	42	87	108
120	48	110	100	10	99
69	71	34	109	54	36
75	71	72	90	87	21
44	2	107	98	24	67
103	8	73	36	78	4
10	35	112	91	10	109
34	66	36	13	36	54
50	52	27	69	114	64
43	13	64	12	70	36
97	83	58	38	49	77
104	109	7	116	28	51
106	101	18	50	77	102
108	67	93	75	96	78
86	65	51	39	79	80
70	51	77	12	101	115
76	99	87	14	13	120
103	9	60	55	88	62
103	23	22	96	77	40
115	66	63	39	96	15
59	7	69	14	119	100
9	114	72	56	32	91
82	101	111	51	89	112
1	98	16	83	78	2
93	25	34	34	108	89
69	12	13	116	16	29
16	67	76	59	18	73
96	24	30	73	32	82
7	45	104	99	22	44
51	95	34	97	61	96
15	87	87	25	93	44
76	37	60	13	111	64
74	21	91	22	90	111
109	18	50	19	120	57
117	109	74	64	57	44
96	2	88	67	101	32
9	119	51	36	115	78
83	21	24	72	76	37
26	41	28	102	67	64
67	4	97	91	97	119
10	31	103	64	38	98
104	105	15	115	104	67
113	42	80	54	94	60
80	76	4	49	61	117
91	78	3	78	94	70
24	27	108	116	3	2
71	48	63	13	59	108
94	106	59	5	20	108
49	24	92	30	28	19
21	96	1	93	107	66
80	47	65	56	103	76
99	108	85	28	13	16
30	105	95	58	32	51
46	114	11	112	75	46
90	110	90	115	119	70
111	48	93	94	81	48
59	19	79	73	118	41
53	26	27	96	117	62
55	43	81	26	23	35
109	105	46	47	67	89
112	36	9	1	93	86
90	26	70	79	6	37
37	91	44	42	20	85
59	92	22	59	70	23
45	95	37	10	111	17
80	4	95	106	84	28
21	4	57	73	117	88
89	114	2	57	99	14
77	3	86	78	80	27
15	106	44	48	50	38
62	56	71	101	83	83
25	37	117	62	74	50
29	89	66	77	107	82
55	116	107	13	88	118
32	26	104	39	97	33
71	4	92	33	63	106
111	26	25	120	96	66
9	51	57	6	15	31
22	90	112	97	107	64
36	41	66	104	47	113
18	9	30	54	66	16
4	5	18	39	8	26
3	106	73	106	4	22
86	65	50	42	6	35
53	40	79	103	103	82
14	86	33	53	76	61
99	76	55	37	54	34
54	22	23	37	109	82
35	83	27	88	14	17
57	7	91	62	12	50
120	48	97	99	57	116
95	115	83	67	80	45
112	118	98	44	55	75
4	5	65	112	48	112
52	62	31	51	109	71
66	44	52	71	37	34
91	107	55	5	44	45
31	105	111	48	45	22
34	28	47	56	83	32
56	21	98	101	99	85
9	95	16	102	97	58
72	58	61	72	1	50
29	17	88	97	45	112
110	23	10	82	43	64
113	21	104	50	67	52
110	41	115	104	30	22
71	70	102	13	107	23
2	60	105	37	68	15
68	101	76	74	22	29
9	119	37	118	105	91
116	115	51	27	108	109
82	27	5	46	116	63
9	31	52	28	78	19
3	64	25	84	2	21
36	120	54	119	44	64
93	100	29	29	12	1
12	25	93	61	75	55
46	85	13	94	54	106
14	25	57	22	51	79
36	69	51	24	101	19
36	56	103	59	54	32
44	12	86	56	110	93
106	81	65	96	59	2
94	68	59	14	113	79
70	36	65	1	8	52
38	113	91	55	99	72
109	85	67	41	35	37
70	2	88	41	90	64
53	83	89	38	70	48
94	99	48	46	85	18
18	87	97	21	100	16
104	102	81	45	41	116
77	20	16	92	79	90
99	70	12	101	2	89
33	76	57	93	109	75
42	76	48	102	87	34
88	75	72	13	18	58
39	35	101	37	106	71
66	24	11	25	59	106
52	9	21	120	92	95
48	53	67	120	111	8
99	23	39	80	43	88
83	16	33	94	111	106
17	29	33	8	55	110
118	90	4	1	119	73
17	2	52	33	51	10
104	87	47	8	114	99
111	62	97	112	91	106
114	8	25	47	82	2
97	31	28	33	66	1
1	33	77	41	89	12
117	16	49	111	20	55
58	114	64	81	66	71
34	2	46	91	109	75
108	76	91	26	66	25
6	4	60	78	48	12
39	37	62	75	108	62
115	1	106	41	21	106
76	69	110	22	74	111
77	76	80	32	63	4
24	8	46	40	67	90
1	35	34	51	111	9
41	45	9	72	54	68
53	24	110	52	108	5
29	92	30	24	12	49
6	71	111	83	74	86
40	66	14	55	28	71
20	33	89	75	111	114
107	13	96	4	61	87
53	97	46	22	80	113
33	41	42	35	94	14
120	88	2	53	23	30
4	108	114	120	68	46
100	82	75	110	24	53
111	17	32	10	79	41
72	49	66	49	75	120
93	114	5	82	114	22
50	45	23	24	34	46
72	36	56	76	28	19
29	76	47	102	88	54
64	59	20	55	51	87
73	108	23	120	107	46
21	6	63	45	100	65
3	110	116	108	83	56
36	30	93	85	25	112
74	25	109	104	23	57
8	54	67	23	1	13
102	39	120	4	95	26
114	39	59	107	45	10
83	50	66	92	15	65
17	102	24	52	89	7
16	99	30	111	53	80
74	51	48	92	95	116
9	63	82	29	93	46
48	25	101	66	39	22
105	107	26	23	25	7
55	120	12	31	46	84
104	7	76	47	63	7
66	40	65	75	36	116
79	7	62	70	13	109
75	43	93	40	69	49
19	66	114	13	41	20
36	6	82	118	22	115
91	54	63	58	60	70
73	15	15	80	23	10
62	99	42	91	101	2
30	96	20	37	76	115
22	36	59	119	57	102
36	12	1	15	5	115
13	103	62	44	57	67
29	112	110	59	104	76
91	55	88	67	33	89
29	12	84	53	120	99
81	98	47	77	67	112
86	111	66	69	14	66
96	5	39	59	52	119
98	7	48	89	28	81
98	20	55	114	13	98
47	37	82	102	11	48
32	19	111	106	40	26
21	30	91	38	116	106
110	77	86	117	50	118
115	44	25	24	115	53
63	77	59	42	39	66
13	79	6	30	113	6
117	109	88	65	24	120
6	110	6	33	43	117
11	30	117	115	57	119
34	95	107	59	17	92
18	6	61	7	106	57
28	15	72	19	118	40
12	57	117	67	32	30
57	36	70	20	30	88
10	75	79	1	27	120
83	12	112	52	97	4
24	94	36	111	69	23
115	5	48	69	102	27
66	66	74	101	44	114
8	4	117	50	58	65
41	7	91	33	13	40
67	77	100	65	3	82
44	64	67	49	64	8
48	36	68	54	27	7
37	94	40	12	85	85
111	30	52	72	114	101
6	45	46	9	108	66
16	92	93	61	29	91
91	21	79	25	13	55
63	106	20	2	44	116
14	3	13	12	72	32
48	40	60	29	105	90
20	32	62	14	32	114
112	35	11	43	59	116
24	95	87	55	19	59
33	106	13	87	65	23
74	64	112	68	54	23
43	69	70	70	97	42
64	40	52	20	118	61
50	44	115	102	71	46
41	71	28	44	12	4
40	52	95	8	105	65
94	110	74	45	79	33
47	11	25	26	35	50
3	21	38	22	14	4
118	106	44	102	108	77
96	106	57	106	107	116
89	19	2	114	35	58
92	17	100	99	30	64
116	53	12	1	27	37
17	74	26	65	101	57
70	108	5	83	31	78
83	16	120	54	62	56
79	75	97	60	78	40
82	32	29	27	116	115
3	116	52	2	85	113
97	64	38	3	34	103
29	99	42	62	21	58
33	14	89	45	78	3
31	90	54	66	24	78
74	113	43	57	3	31
83	95	61	19	51	42
45	77	7	96	17	34
115	22	98	86	20	36
51	23	91	11	15	114
113	32	44	83	95	22
43	111	94	8	66	50
4	90	76	117	25	54
118	24	87	44	99	72
69	79	95	68	31	93
20	44	31	17	5	71
72	92	107	16	87	44
81	81	24	52	51	63
45	104	58	84	91	106
8	113	102	78	78	83
89	119	48	33	30	9
111	119	64	47	8	84
74	65	22	74	9	72
46	108	20	55	14	117
98	39	45	79	27	9
97	91	102	3	85	104
81	54	15	105	78	93
27	6	72	33	82	82
33	56	3	36	99	31
27	26	69	88	10	66
110	112	84	34	93	45
20	9	3	55	63	100
56	106	37	95	49	98
55	115	11	29	94	111
35	18	94	96	8	62
45	99	11	8	62	118
70	86	113	84	68	18
49	58	35	22	30	7
11	16	104	100	63	46
118	79	80	86	68	52
80	15	80	5	21	15
16	114	73	57	42	85
92	71	60	69	105	64
50	41	31	84	59	5
10	116	79	49	60	110
26	6	47	2	4	27
6	112	41	82	2	25
120	31	95	112	72	89
73	5	18	96	12	27
117	77	73	30	7	32
70	2	33	46	98	8
34	72	71	44	67	70
108	54	104	103	10	19
42	96	80	84	46	43
84	111	44	5	102	25
33	53	9	27	101	110
118	10	2	99	51	47
110	53	16	41	7	3
114	27	74	42	1	71
109	57	68	5	52	14
79	68	75	112	20	37
45	40	31	38	74	14
35	118	99	34	96	10
61	8	106	76	116	36
100	100	75	100	115	61
4	10	20	3	4	4
33	25	7	119	108	105
49	49	20	25	120	17
15	14	68	47	104	70
43	36	51	81	48	76
13	5	75	74	10	75
99	8	45	63	53	43
56	48	75	18	29	10
64	111	42	119	60	63
79	74	7	98	79	45
42	113	24	74	101	98
110	119	80	62	38	72
25	95	56	112	108	92
14	73	82	113	15	107
74	110	90	69	58	36
14	89	87	109	19	46
78	13	77	10	111	31
114	41	109	100	41	89
110	36	6	36	36	98
79	13	21	89	58	44
16	99	103	91	16	4
35	99	112	117	55	7
106	24	81	109	71	50
91	12	55	105	107	69
106	32	14	82	103	53
14	114	80	101	78	58
54	77	18	54	57	111
95	108	18	12	90	7
42	20	85	53	70	4
43	93	29	28	119	90
108	49	12	20	13	104
86	93	64	68	87	34
25	56	95	49	100	89
2	103	51	106	115	99
62	72	86	96	96	86
44	12	10	99	52	26
15	12	9	68	37	59
47	68	11	12	86	63
72	17	56	8	6	10
96	74	80	34	33	43
5	107	9	8	101	85
98	64	94	117	27	20
43	103	7	8	1	57
2	85	71	88	78	60
27	32	93	43	95	110
56	26	120	104	59	25
33	49	65	103	55	47
28	119	86	83	3	15
26	57	4	52	119	57
29	105	108	31	47	116
90	56	107	109	87	27
95	105	38	107	106	87
50	114	33	101	23	93
50	58	24	45	13	91
113	24	93	114	80	101
32	20	95	62	35	66
66	13	113	45	87	113
6	107	109	47	52	62
65	28	35	115	56	105
102	75	82	4	60	107
42	107	52	101	33	19
39	42	97	53	102	65
118	105	106	10	22	53
78	8	60	75	39	116
115	91	17	70	120	110
62	72	72	30	32	28
96	61	13	67	82	61
89	116	36	35	76	58
70	66	117	76	76	88
50	29	80	39	89	24
48	116	92	56	44	23
33	59	69	80	60	58
105	15	78	11	2	33
39	106	64	93	94	83
94	72	107	41	8	9
85	21	27	35	23	4
69	63	43	45	76	53
73	46	118	89	85	100
54	91	89	59	106	77
43	106	42	38	22	68
87	86	55	35	28	31
19	59	78	21	67	51
5	64	104	10	88	45
87	6	108	98	105	14
43	31	69	46	51	72
116	45	101	113	27	54
88	72	10	70	99	58
93	114	87	75	46	96
5	13	67	100	102	13
83	17	113	14	6	17
97	79	74	50	14	16
46	23	93	72	23	35
43	45	94	83	44	22
20	114	15	51	55	34
76	102	116	110	18	84
62	105	32	24	66	77
61	106	45	97	70	97
31	106	93	5	11	115
69	66	52	54	89	32
21	85	46	86	10	50
39	77	61	80	119	120
11	9	103	28	51	97
6	46	22	111	22	69
66	98	10	53	13	120
4	63	119	75	29	79
16	27	62	80	79	36
104	27	23	119	63	120
101	27	114	22	19	34
31	6	44	86	117	1
119	5	34	41	89	3
58	58	7	11	115	113
10	35	92	111	94	76
108	28	28	114	7	58
117	75	46	76	2	26
47	55	49	67	18	8
115	7	65	27	2	97
54	40	120	79	14	91
107	48	6	29	106	89
77	65	52	73	85	53
37	78	116	21	22	89
69	22	39	77	75	85
11	24	32	31	12	73
104	16	2	107	78	52
101	81	100	7	64	14
25	6	30	88	43	70
70	94	33	80	89	45
98	40	118	15	18	76
118	83	97	34	91	110
23	112	5	72	119	106
97	6	56	61	26	60
82	23	15	79	116	4
4	81	82	41	63	116
6	70	83	102	104	93
12	65	84	36	2	57
118	59	64	16	44	46
80	76	87	46	89	47
29	40	36	115	43	79
25	103	114	9	112	16
103	22	56	10	1	98
114	70	69	48	29	111
80	44	25	91	34	85
58	62	7	90	54	15
28	3	22	60	64	37
108	89	97	9	4	95
57	96	116	62	64	90
120	79	88	23	88	102
29	94	61	106	54	22
84	20	39	58	54	57
57	80	67	100	18	70
26	45	8	70	46	26
116	83	33	41	16	74
34	30	21	80	31	17
1	73	106	95	98	89
55	58	9	118	84	111
114	107	88	91	109	24
113	5	88	102	59	93
44	92	13	111	1	97
60	105	21	12	96	56
17	114	44	32	36	14
4	34	37	118	24	62
51	34	8	40	51	108
20	11	6	73	78	116
31	83	14	99	19	33
16	24	60	30	76	55
90	96	62	52	44	117
19	28	20	81	3	87
64	15	85	85	64	34
104	73	35	16	41	86
71	100	110	13	73	98
119	106	28	62	12	113
92	83	50	89	36	96
17	21	95	22	108	102
58	101	46	95	36	53
33	3	43	33	107	108
83	80	120	68	18	93
90	91	114	48	109	32
118	84	32	114	56	65
15	78	36	6	60	110
26	112	4	11	69	114
19	106	10	80	13	67
40	58	2	89	72	51
39	99	3	68	51	44
36	8	83	28	39	107
27	51	17	50	58	105
82	66	69	75	89	56
67	27	5	120	92	97
32	3	55	27	27	96
53	102	89	19	16	31
15	27	26	91	110	88
27	12	107	100	18	1
80	38	48	12	90	99
14	113	16	42	73	53
111	34	51	4	118	82
120	116	58	29	69	9
92	16	79	27	11	47
15	44	44	106	5	32
56	47	44	64	7	58
22	99	76	17	103	93
21	26	30	8	65	69
80	30	79	81	6	117
78	1	34	65	43	24
3	16	4	75	10	87
8	56	44	94	100	6
18	16	19	108	61	46
10	15	113	110	65	90
6	52	104	13	37	49
114	51	99	18	9	29
6	8	1	56	117	10
49	96	60	117	93	46
97	41	55	16	95	95
101	24	47	120	117	68
47	3	73	109	96	35
67	102	30	79	14	13
74	102	116	98	30	82
48	5	19	47	116	9
96	117	58	101	53	101
52	93	92	66	67	34
21	5	14	100	23	119
87	13	95	97	111	100
118	114	23	26	109	21
13	86	65	23	14	22
59	60	98	50	90	86
77	52	107	7	65	12
1	85	54	96	43	62
40	83	60	120	52	43
103	85	60	13	2	44
38	117	54	39	49	50
30	98	120	37	32	102
1	106	49	27	55	9
37	21	37	98	109	56
93	118	83	85	20	60
39	77	116	31	46	66
48	53	62	85	41	69
102	48	81	69	16	84
62	72	113	85	50	16
10	75	21	61	110	14
62	110	12	36	101	77
111	90	66	51	94	101
22	75	100	70	68	45
14	66	60	62	77	43
113	41	12	104	12	83
37	67	109	55	39	110
16	81	114	19	69	97
97	44	33	53	115	22
18	1	27	96	120	75
9	77	16	40	69	111
1	17	96	102	115	23
54	88	67	13	89	18
98	19	45	21	95	23
6	69	38	33	48	12
68	72	102	84	5	25
98	61	114	114	66	37
50	70	110	110	95	52
88	32	58	112	37	74
77	96	112	76	104	35
98	115	56	56	92	42
92	21	118	105	12	74
44	65	89	56	63	49
38	29	10	111	65	26
99	34	91	41	98	45
97	76	102	82	82	39
87	84	77	38	66	2
112	100	43	86	67	83
33	3	64	46	93	53
78	111	78	96	94	47
5	28	61	88	109	34
119	76	43	8	73	50
115	47	25	45	67	7
20	58	13	65	36	53
58	70	29	35	85	53
67	115	96	97	108	108
32	40	10	21	44	61
110	60	11	63	23	99
96	81	100	96	94	19
57	59	66	76	71	70
45	30	109	5	8	73
38	98	61	79	75	63
8	77	50	3	15	42
32	36	96	59	72	112
71	35	119	29	5	63
67	88	12	30	92	96
113	104	102	119	94	68
45	55	67	75	56	81
67	63	4	13	120	101
45	77	2	5	112	96
13	46	65	99	1	27
60	57	70	75	97	83
25	118	19	101	58	30
33	119	114	42	85	114
24	55	111	9	100	71
38	114	79	38	95	85
42	104	28	2	15	33
111	74	89	86	25	116
3	29	97	32	42	116
119	73	24	65	11	32
82	70	51	39	40	119
67	97	53	57	30	26
54	48	60	41	108	28
102	41	44	83	66	84
66	113	37	100	108	107
58	84	45	52	103	14
24	74	67	20	102	45
62	31	100	10	109	13
97	33	91	77	54	32
92	27	72	9	30	96
54	78	87	69	9	60
36	25	7	46	32	6
118	96	90	117	19	56
48	100	42	20	50	25
46	44	100	113	39	115
52	88	33	48	39	111
107	43	43	107	2	44
47	53	100	40	56	91
58	96	86	92	101	82
40	45	18	116	42	74
81	75	44	28	77	117
88	84	12	3	55	45
59	60	111	37	15	30
92	21	3	42	2	60
70	20	2	60	47	87
12	44	24	47	107	111
109	6	11	65	62	65
13	6	11	87	101	21
33	115	100	71	82	100
48	118	15	88	56	51
21	103	71	1	25	21
119	74	105	117	86	89
57	34	66	118	98	75
72	36	51	100	44	116
75	72	102	33	34	33
79	82	19	20	112	67
72	93	39	22	43	47
93	15	66	16	95	21
14	77	84	82	70	64
44	11	12	54	103	32
43	81	90	116	102	91
81	37	53	63	55	81
29	51	24	110	110	92
101	89	103	16	105	97
45	78	46	29	103	38
56	90	79	91	79	28
76	75	47	36	69	49
22	108	117	74	106	5
80	4	42	95	48	116
80	58	53	69	50	87
2	120	70	11	51	100
10	39	98	10	18	92
58	68	7	45	63	96
115	88	29	66	119	105
21	114	47	33	12	92
48	84	44	2	35	115
66	94	29	69	48	69
99	9	111	54	120	20
36	82	78	65	110	111
8	47	120	64	10	83
106	19	93	19	96	103
48	90	94	77	21	3
85	49	46	96	48	31
42	79	101	28	71	66
36	31	21	41	72	3
104	6	45	52	6	116
93	9	102	87	69	88
91	75	36	71	4	10
14	51	94	25	114	117
56	110	74	100	75	102
18	72	115	101	113	55
64	47	103	16	60	54
66	104	95	44	30	6
51	89	75	27	117	36
107	74	75	75	50	5
51	21	92	79	94	67
29	63	96	13	68	25
111	50	36	21	27	67
80	120	90	79	82	10
80	53	49	63	3	79
27	58	36	96	85	119
37	91	62	16	2	113
44	21	57	67	107	22
15	36	40	20	47	37
53	59	81	1	84	101
61	114	79	49	66	80
113	103	66	78	18	65
75	11	1	75	54	72
113	109	96	30	61	88
72	51	109	91	29	66
61	24	51	119	25	28
73	78	11	33	51	54
53	117	83	29	93	53
93	2	65	81	10	30
9	3	118	54	13	34
65	74	35	38	113	95
107	113	8	11	115	28
32	54	106	116	114	120
114	44	52	100	51	55
24	89	38	73	91	6
21	84	12	107	10	86
43	65	85	17	8	99
49	3	86	66	115	105
87	93	102	55	102	33
75	54	72	94	10	30
94	120	79	110	89	12
90	23	105	24	72	74
104	34	114	118	90	108
13	54	68	72	100	44
115	104	48	15	22	86
9	82	48	37	50	72
31	89	83	48	47	111
52	44	68	79	16	15
82	18	72	95	109	59
55	101	42	14	81	92
20	69	87	109	72	19
19	71	116	75	107	35
100	21	114	108	91	97
37	116	1	80	32	60
13	55	109	17	5	88
16	22	76	44	72	12
5	114	111	10	96	38
17	14	90	43	87	68
99	90	38	57	83	6
6	74	43	19	22	93
81	100	113	93	49	101
119	44	21	74	80	108
46	76	52	27	15	65
81	15	60	47	100	93
103	99	43	80	75	35
101	76	55	3	57	30
26	43	73	31	62	67
91	1	20	76	21	101
112	35	107	58	21	97
65	23	70	25	26	85
30	65	30	109	100	72
41	15	28	79	3	55
104	57	84	116	95	57
95	94	35	24	63	118
57	25	9	94	60	8
82	120	66	57	11	71
120	49	82	51	11	64
89	25	25	78	96	111
100	70	82	81	108	67
24	107	57	110	73	51
51	21	69	69	46	89
100	79	110	26	92	49
54	39	56	92	92	97
44	48	45	90	110	39
101	31	19	88	87	22
84	15	11	18	83	60
18	24	30	86	82	57
64	69	94	41	101	57
9	45	8	50	73	110
12	61	72	26	20	110
80	108	69	8	99	40
72	29	10	58	118	27
67	23	40	79	54	102
79	71	42	80	43	81
5	57	24	90	86	81
14	29	117	66	40	57
37	29	43	10	15	15
24	50	118	99	57	111
29	40	101	3	44	87
83	31	63	50	77	64
94	84	113	98	111	38
51	54	30	69	67	48
64	53	67	25	80	91
58	109	114	60	53	75
103	24	116	36	35	27
35	117	10	4	49	7
49	6	35	84	74	15
63	58	19	86	66	38
28	102	107	92	99	12
103	86	102	92	90	15
1	70	23	114	83	79
11	120	42	87	63	81
8	92	2	30	102	80
5	93	76	104	64	64
27	8	106	110	63	103
119	92	19	9	84	23
35	71	108	6	43	28
31	67	86	89	22	57
101	53	69	28	56	103
43	77	22	70	111	30
39	37	42	101	35	64
63	79	120	25	54	85
22	88	61	44	105	7
2	11	62	75	3	79
102	22	78	23	106	42
56	3	94	74	46	63
50	49	5	8	114	117
107	120	16	102	100	118
52	71	84	15	116	105
36	39	65	36	103	119
30	74	91	34	113	111
19	92	112	51	91	64
85	59	120	32	82	44
13	28	100	106	100	109
93	34	96	86	16	5
102	15	4	56	6	60
34	5	66	115	3	32
19	85	70	102	72	46
108	2	64	117	89	69
14	71	95	66	88	68
107	112	116	107	90	36
70	4	12	57	105	76
50	114	78	111	8	106
78	108	59	102	58	87
13	78	40	62	28	7
85	94	36	65	120	1
50	99	61	68	40	10
120	14	70	22	31	42
90	93	31	4	60	29
28	36	57	72	66	77
119	40	18	15	26	88
36	21	110	92	92	20
24	90	13	3	17	64
77	89	112	116	59	98
20	12	92	66	11	95
108	76	106	52	17	118
26	70	67	16	20	91
70	51	59	54	85	68
75	73	55	21	14	15
34	85	38	79	28	63
81	14	33	26	94	42
77	59	9	50	45	115
56	52	112	4	87	36
51	95	1	81	106	106
106	57	10	95	87	6
55	91	106	101	60	25
25	51	19	12	58	111
120	17	77	65	72	104
23	15	54	89	94	82
18	22	108	88	21	89
68	37	24	16	17	22
11	59	115	48	113	90
22	93	117	14	36	5
38	43	104	50	73	68
47	95	77	9	20	53
75	118	110	34	70	91
75	11	98	46	41	76
11	65	59	6	66	9
103	114	76	99	19	38
108	19	86	45	59	40
31	41	32	28	64	47
39	13	7	52	35	108
120	62	76	22	114	59
100	49	55	42	65	57
90	91	99	36	76	72
29	90	33	23	80	72
88	5	64	38	104	16
82	83	60	32	117	54
98	76	116	60	95	100
48	86	47	69	78	8
21	119	38	105	51	78
79	20	58	87	78	49
25	13	11	5	26	57
7	94	98	75	54	75
51	2	51	85	73	26
25	44	14	93	16	38
70	112	77	10	70	93
115	104	115	61	47	83
108	78	25	29	111	16
56	10	9	75	79	113
40	26	34	45	39	20
23	67	48	11	116	4
53	101	59	97	32	114
114	25	119	72	114	62
112	71	53	69	24	110
8	50	23	80	11	14
89	109	52	53	56	97
55	87	68	85	86	60
37	3	112	7	15	119
93	2	24	58	111	90
54	58	13	28	56	108
62	75	89	101	62	98
27	99	73	115	13	61
5	76	111	57	56	82
13	62	36	1	63	107
33	7	59	81	4	1
75	86	61	35	76	98
54	48	73	117	72	16
11	83	24	54	72	68
63	33	33	10	88	63
95	68	25	66	13	34
13	119	11	78	81	68
59	74	71	27	26	14
31	26	14	70	13	94
117	10	29	68	25	66
9	38	117	94	99	86
27	60	19	60	6	85
51	58	68	75	117	36
85	30	102	72	57	104
120	94	17	86	81	103
70	65	119	30	100	7
4	108	35	51	104	55
14	62	47	87	94	50
9	4	111	84	68	113
52	59	4	16	49	107
80	104	10	65	89	83
56	48	42	72	116	59
93	81	4	110	117	52
104	82	71	93	27	23
119	93	107	16	23	14
76	42	15	86	98	47
22	61	58	68	1	16
87	111	119	47	33	35
61	3	42	36	23	107
34	18	14	31	52	102
97	55	100	71	87	33
102	100	84	120	29	32
95	83	43	49	103	37
13	99	26	67	86	74
21	46	83	82	57	85
111	18	78	117	65	109
74	14	53	32	43	68
10	76	30	48	92	46
28	44	23	37	70	27
19	116	75	62	57	106
77	95	64	76	54	48
85	72	57	98	97	118
46	50	25	88	13	109
58	8	44	68	46	84
67	33	84	78	57	57
6	12	39	93	2	37
30	112	88	102	118	104
51	56	88	21	36	11
81	86	115	8	4	70
51	24	60	60	19	35
81	119	64	89	14	36
46	79	114	33	69	41
70	19	74	5	82	84
106	101	112	45	61	109
49	78	81	101	38	82
80	113	22	71	7	51
62	68	10	109	43	60
118	50	18	22	74	73
64	105	11	14	60	68
73	27	111	75	33	66
73	21	102	3	83	32
86	39	25	4	58	84
23	96	80	92	109	116
6	110	38	56	7	44
64	75	59	115	29	46
45	36	69	64	64	40
82	108	22	54	29	9
64	88	5	91	47	23
19	89	7	49	100	61
93	18	37	1	117	36
99	4	16	56	69	107
120	56	97	110	64	50
114	18	60	14	5	15
92	103	45	21	101	13
104	98	70	58	81	12
8	25	103	110	62	119
101	88	59	93	33	27
30	4	38	51	80	99
42	102	92	70	13	11
22	95	52	60	14	31
96	6	97	73	33	55
37	34	74	2	78	95
113	41	45	104	8	61
76	14	57	84	74	25
93	117	107	33	33	104
77	116	68	51	47	29
43	42	41	18	60	51
70	95	13	70	68	23
27	3	81	25	12	75
55	45	71	26	94	63
115	20	62	45	94	7
80	98	41	96	68	13
55	40	49	90	108	101
10	109	95	61	64	73
54	26	11	35	118	85
58	19	25	56	101	113
13	98	75	77	110	16
75	13	20	76	109	88
72	71	25	39	42	1
4	44	75	58	1	82
37	113	56	20	45	15
90	92	53	73	51	92
80	60	97	38	44	3
84	1	91	105	15	34
103	34	61	93	9	40
12	18	68	13	33	36
28	75	76	21	97	116
23	45	69	56	84	81
95	84	26	24	23	55
109	22	59	113	61	60
7	93	73	118	90	27
99	60	104	90	84	37
62	75	28	33	5	109
25	1	74	21	53	5
50	3	64	48	54	106
75	72	66	80	27	98
68	74	37	23	41	65
70	110	81	51	88	88
101	56	32	38	120	86
117	57	40	49	68	29
47	113	50	1	118	109
95	39	64	23	34	57
5	36	65	56	1	30
79	102	91	105	82	117
119	105	64	45	9	42
58	59	55	106	74	95
49	97	88	18	68	116
87	26	12	3	25	78
65	57	8	65	31	100
45	14	8	79	92	82
36	88	76	20	35	17
18	99	17	25	16	50
104	70	115	29	45	88
77	68	57	113	111	84
71	64	64	110	67	71
36	53	77	105	17	35
57	79	54	3	76	95
54	59	86	34	28	14
92	36	16	110	43	9
79	115	64	102	17	66
71	40	87	41	45	120
92	23	62	71	23	79
99	103	8	76	88	62
87	119	33	34	50	26
66	36	58	42	28	4
76	85	99	45	17	31
42	62	102	116	84	102
29	22	81	26	55	35
115	12	2	56	73	3
55	34	5	28	106	105
73	75	95	86	23	65
88	8	19	13	41	35
4	28	18	84	96	59
84	20	112	113	20	2
3	118	54	110	16	30
62	67	11	43	8	9
100	112	56	37	99	48
39	52	101	4	103	13
120	49	86	92	44	115
57	106	106	53	100	93
119	90	94	90	119	104
12	109	116	19	26	78
7	19	102	24	29	64
50	92	50	27	29	105
109	77	12	49	39	24
117	35	47	26	96	41
5	95	26	25	115	83
28	58	50	12	9	55
73	78	96	39	7	68
23	115	62	23	85	22
35	25	33	120	22	12
103	82	21	23	23	2
28	37	50	8	82	8
60	41	14	102	10	89
11	61	102	116	2	7
76	109	39	36	46	4
120	15	67	66	32	115
52	104	46	24	44	26
31	82	69	40	113	65
115	7	14	105	71	109
118	55	6	6	90	68
46	83	20	5	53	22
12	69	116	114	32	10
95	88	45	82	71	5
65	5	36	66	69	103
109	113	119	84	52	89
88	99	70	13	60	110
102	39	83	107	34	6
34	107	14	14	119	22
109	55	111	11	91	71
97	23	16	97	88	100
93	54	49	50	45	72
109	100	116	28	41	20
71	80	39	63	63	79
18	19	73	73	90	48
92	22	58	109	101	64
32	74	83	90	50	50
77	57	40	62	8	36
105	3	57	38	8	5
36	47	23	21	70	13
37	96	109	16	88	91
10	34	24	38	2	9
16	51	101	10	93	71
49	8	30	7	54	96
80	40	32	32	115	77
104	4	113	55	47	73
111	32	47	78	111	56
64	8	120	55	28	102
74	19	53	117	114	33
38	48	19	65	60	37
36	57	7	25	3	100
72	21	32	105	81	100
110	18	31	8	108	33
91	53	33	54	99	91
78	112	91	81	57	7
2	57	26	93	111	13
70	39	23	75	106	114
8	9	12	90	35	53
86	31	24	16	52	59
67	46	85	51	85	33
20	11	9	19	98	48
41	115	101	39	60	48
87	48	32	4	18	44
5	16	2	28	40	97
16	10	46	39	95	78
69	5	113	106	4	70
73	41	93	63	119	109
74	71	58	13	62	72
3	78	112	101	89	90
4	10	3	73	84	4
94	41	18	7	12	101
52	94	4	20	63	55
32	65	118	3	1	116
120	97	88	108	15	55
68	3	116	56	59	28
89	93	18	43	49	41
86	50	63	19	77	54
3	90	52	115	12	73
27	28	49	8	12	50
42	82	8	95	74	101
76	95	50	105	79	81
112	9	43	65	51	119
77	44	20	24	46	119
118	40	42	19	23	10
22	14	80	120	31	7
119	42	26	33	44	86
109	16	113	80	115	60
99	50	32	44	33	38
112	37	48	41	61	54
12	58	111	88	73	50
12	52	61	4	100	9
49	11	8	80	118	7
4	100	66	75	50	72
55	113	99	78	17	57
94	47	120	7	17	8
79	47	23	5	39	10
118	21	86	33	29	18
76	14	18	53	1	95
112	7	66	111	98	19
28	11	89	17	33	86
119	14	21	62	78	60
28	101	117	50	84	99
76	45	42	5	105	69
103	16	80	65	59	35
13	84	58	3	42	67
90	87	53	5	111	42
43	74	37	57	5	45
25	106	23	21	40	90
64	32	95	19	58	98
20	37	66	18	117	113
65	83	72	20	101	2
82	69	105	75	88	93
35	63	64	11	58	96
52	41	53	17	59	40
62	39	65	67	6	42
37	76	27	24	76	110
118	117	46	16	108	13
78	98	59	116	28	27
101	35	76	35	119	2
119	77	33	38	46	80
75	39	55	16	1	34
76	63	60	60	37	14
25	52	84	75	91	42
41	80	32	104	108	80
54	112	76	41	40	39
52	53	39	96	8	33
41	108	41	117	114	56
48	29	81	80	43	74
120	3	22	13	17	45
19	8	10	29	71	26
90	95	42	11	4	52
30	3	94	102	66	86
8	33	114	1	17	92
19	26	54	61	86	73
84	72	63	111	24	50
86	119	81	60	108	58
23	66	25	48	59	110
114	84	39	111	23	63
49	60	94	59	42	75
99	51	84	12	6	48
77	67	19	90	61	119
100	56	81	57	22	2
88	89	45	115	17	69
10	97	69	76	29	86
103	61	34	47	103	60
73	79	50	32	112	50
60	18	53	110	102	42
97	26	78	23	103	56
11	116	11	53	5	60
37	39	86	97	61	30
58	70	99	42	9	105
27	57	119	7	68	38
76	1	51	61	109	30
47	35	27	115	94	80
1	87	2	32	23	52
3	65	70	23	50	23
28	102	110	34	26	17
118	27	57	109	21	101
49	113	88	26	20	87
53	96	112	57	78	101
118	50	43	62	55	23
36	8	21	69	25	89
36	76	57	111	36	115
40	38	45	17	17	11
27	90	35	95	61	23
2	12	64	113	111	5
65	14	90	85	66	73
77	50	15	57	4	82
63	35	106	112	26	67
24	71	45	64	5	108
112	26	73	80	53	17
44	56	82	3	20	108
93	118	67	36	93	56
40	43	55	18	12	60
116	101	78	66	50	15
6	86	96	97	10	29
74	26	117	81	116	104
1	75	82	15	16	92
98	32	38	29	111	107
9	61	97	96	109	33
21	99	22	104	93	120
94	39	58	16	89	35
37	7	99	51	89	85
29	30	99	10	57	75
120	28	32	11	110	85
58	74	44	92	99	96
86	45	110	101	118	28
36	51	21	3	30	50
96	33	53	55	35	68
54	78	49	47	49	28
85	9	8	46	64	72
46	30	12	30	78	111
44	101	79	86	48	118
116	104	5	6	30	11
36	30	68	112	78	64
31	94	112	20	99	27
14	100	44	71	92	76
99	108	61	119	39	33
28	29	39	52	82	39
7	19	100	119	28	67
24	57	52	24	102	87
101	74	78	40	54	119
37	17	104	50	10	51
26	27	85	83	17	29
46	46	112	108	113	114
119	61	10	9	59	13
55	84	73	24	108	38
59	115	118	49	16	61
62	6	14	69	97	106
56	94	35	92	4	77
54	3	105	46	2	32
102	60	91	65	89	111
84	81	80	98	102	39
26	61	115	104	32	34
18	102	66	54	7	75
21	24	98	117	109	51
62	5	112	65	88	81
104	86	47	66	46	90
116	57	35	38	87	31
79	2	90	96	40	42
4	85	23	41	90	68
50	83	107	79	21	54
70	18	73	17	86	72
13	118	98	11	103	92
73	9	96	70	12	54
100	47	117	61	117	100
19	47	9	83	19	30
67	89	109	15	17	91
72	46	16	2	98	109
40	17	11	11	69	86
96	84	103	89	57	73
45	47	15	7	104	6
48	100	16	16	110	94
38	39	6	102	99	67
7	117	63	82	25	8
73	19	30	40	37	60
100	57	62	29	66	109
47	8	71	67	33	81
52	85	6	20	119	11
27	41	59	71	98	45
54	110	82	94	7	21
21	61	72	116	39	102
28	113	119	59	84	40
84	61	73	94	73	110
56	80	57	9	46	112
5	53	81	65	17	17
1	81	85	114	108	77
89	113	54	14	98	39
15	24	15	23	92	51
23	3	43	90	68	44
119	70	14	111	52	39
105	85	62	86	10	46
75	33	37	16	115	47
55	103	12	15	85	118
35	83	8	116	4	101
49	109	112	119	18	29
83	6	94	56	59	74
110	101	30	22	119	68
115	101	12	99	96	40
48	43	97	71	82	70
86	9	103	22	82	29
25	52	21	5	21	61
50	18	111	44	81	63
71	112	81	4	86	74
88	96	23	2	21	1
84	56	116	114	53	6
36	11	25	34	12	90
83	39	20	60	11	74
22	6	22	6	116	53
93	12	37	93	87	37
44	57	50	10	119	87
120	102	41	42	1	59
46	99	43	84	26	36
27	88	38	109	55	25
2	61	13	117	96	77
17	104	61	2	30	45
75	76	3	69	62	3
49	2	120	71	82	7
48	71	37	83	87	27
62	85	41	15	30	90
87	89	69	70	25	111
9	50	55	3	37	106
26	37	98	28	85	118
80	78	86	71	100	17
69	59	86	62	65	6
12	41	28	113	89	87
56	11	112	11	13	48
74	2	113	34	9	99
25	93	111	120	54	26
79	54	36	62	92	54
47	41	58	108	17	101
82	120	98	85	112	29
96	50	97	1	70	112
55	111	76	4	53	35
50	52	57	32	11	88
72	1	31	104	104	29
31	84	117	74	90	98
57	26	33	85	75	64
75	23	43	93	57	99
45	58	68	71	76	32
110	26	7	88	120	34
9	117	50	102	8	108
117	71	39	71	118	63
100	98	86	46	34	107
74	81	40	96	100	98
42	71	115	63	74	50
106	74	28	1	52	57
10	34	11	61	37	35
3	91	61	95	93	55
100	68	91	29	9	78
60	95	72	9	103	1
24	19	83	58	92	69
113	98	118	94	100	89
15	91	65	33	40	56
92	120	31	51	72	30
83	17	55	25	39	113
78	54	26	38	36	81
76	66	91	90	1	116
71	89	93	69	107	5
83	76	66	28	32	16
105	44	89	17	98	90
71	59	37	46	10	54
36	7	100	42	76	43
49	52	116	18	56	99
21	86	24	24	9	9
71	1	34	47	65	78
109	78	64	18	63	76
49	36	106	19	13	23
16	27	17	29	93	70
88	100	25	18	56	5
15	20	60	87	5	111
22	66	40	71	28	101
38	17	41	12	89	2
6	35	103	112	20	80
4	72	52	109	96	47
24	103	29	81	12	8
57	97	25	94	69	5
42	54	15	71	33	12
39	5	89	68	12	14
92	118	28	31	3	112
27	75	42	86	112	26
113	23	81	24	7	86
45	76	48	94	97	70
102	95	36	60	42	22
49	31	52	13	17	35
32	15	104	35	18	41
44	106	57	7	13	105
57	28	22	29	49	116
97	92	12	20	117	69
4	50	101	105	42	75
96	79	95	103	113	82
52	65	31	109	111	86
2	79	94	56	99	1
94	27	73	72	33	101
50	71	17	77	94	34
54	90	74	29	78	5
37	17	73	109	83	75
97	38	74	120	59	78
43	49	89	88	87	39
1	82	51	37	68	70
113	110	95	17	102	37
90	3	91	28	88	79
120	89	80	11	92	75
12	23	100	43	19	72
96	31	51	98	76	89
27	52	16	1	81	101
71	23	39	48	11	86
92	10	44	105	49	120
53	108	52	41	23	68
80	51	7	65	14	50
29	99	22	107	49	37
34	108	28	117	84	28
79	106	82	103	7	119
79	92	43	30	93	17
55	71	118	30	70	61
85	24	51	105	11	49
95	65	33	41	101	16
10	3	3	22	87	111
96	13	114	11	73	23
32	1	17	59	2	50
9	110	25	17	32	34
9	18	119	118	62	32
10	26	71	119	29	116
93	75	26	1	36	19
13	30	40	90	78	120
45	81	81	108	47	90
13	23	77	118	111	55
49	88	24	79	72	85
36	65	15	110	16	55
115	105	45	69	82	26
25	31	118	66	69	82
112	52	34	11	116	4
96	38	3	30	120	30
32	88	13	66	45	117
76	82	19	3	83	58
30	71	6	32	31	116
3	109	2	110	94	61
119	73	34	85	78	120
60	62	49	110	31	5
31	114	87	97	1	32
96	21	78	52	34	87
119	21	61	45	61	2
56	97	68	75	67	28
63	63	119	42	61	85
53	36	71	112	38	76
44	82	91	56	10	40
27	19	99	26	5	101
13	35	117	37	58	52
91	47	17	69	59	8
40	106	66	4	32	81
9	31	6	30	78	97
24	85	83	51	57	28
102	27	107	105	58	33
27	118	76	39	83	99
114	41	16	60	100	83
1	94	70	75	41	118
82	90	4	89	40	49
93	109	43	70	73	77
99	92	72	34	5	97
45	117	113	55	24	11
85	94	59	13	46	34
26	81	77	88	6	111
10	77	110	37	82	79
114	52	66	8	33	28
8	114	13	74	57	23
28	62	79	80	2	63
118	61	116	76	58	88
54	72	88	74	93	96
25	112	80	24	7	21
25	41	117	77	85	54
48	27	100	106	6	54
79	38	118	46	4	63
94	75	92	98	104	75
92	104	64	47	117	64
27	47	29	72	59	81
91	111	42	81	47	18
6	67	32	117	29	120
15	82	33	18	107	97
85	71	21	12	29	106
46	106	86	83	31	10
13	67	60	36	116	32
107	24	118	78	11	119
96	85	4	32	71	106
53	116	58	27	94	29
37	1	59	98	16	56
91	81	7	72	60	23
84	49	41	9	84	120
8	9	80	78	51	113
105	110	120	43	90	63
29	39	84	88	56	28
112	110	39	114	101	58
43	34	1	106	71	100
8	21	18	42	22	37
98	104	34	104	16	90
18	99	50	84	17	13
103	33	67	116	20	93
100	81	98	85	90	85
13	55	76	68	62	120
7	97	50	71	81	20
22	41	3	73	76	85
105	18	47	49	119	48
97	10	114	38	23	96
90	78	19	16	99	90
12	103	42	74	101	13
52	39	22	95	46	116
66	112	24	45	92	53
71	50	113	11	59	103
66	77	109	5	85	69
83	60	74	26	76	53
96	86	119	53	4	55
22	73	75	1	29	30
58	92	78	22	73	51
27	31	64	5	81	70
61	92	48	72	69	99
64	70	32	13	120	50
80	19	17	49	52	74
23	16	83	76	77	87
4	119	25	19	105	35
64	53	49	76	108	81
39	19	66	114	56	67
21	112	119	65	47	12
75	77	87	11	8	25
119	80	72	99	81	116
7	68	43	30	51	74
89	65	41	36	10	4
95	29	82	35	38	56
117	83	116	30	65	102
102	16	67	107	28	93
56	96	108	7	63	119
56	47	27	75	108	96
31	1	63	116	31	87
28	89	54	21	41	93
91	108	55	68	85	83
71	6	39	39	11	88
14	64	60	56	20	3
66	1	49	20	92	73
49	23	65	61	84	115
1	62	102	25	42	22
47	60	2	85	84	19
98	108	15	119	77	79
66	37	109	26	46	49
10	51	74	41	65	45
76	93	94	37	59	63
52	64	95	9	14	59
15	98	34	78	26	79
112	22	71	120	63	106
51	84	40	85	80	19
8	42	116	87	102	105
32	35	32	60	4	62
63	43	114	95	106	43
112	62	9	3	58	26
50	83	93	70	75	29
71	36	49	32	30	17
95	117	25	15	69	55
34	66	101	40	25	116
119	50	98	79	34	65
4	96	100	77	26	120
48	16	115	106	117	108
71	100	92	95	106	31
99	83	19	32	95	44
106	36	47	37	21	70
2	1	91	118	50	56
118	6	16	34	23	95
22	6	25	24	28	14
78	30	78	14	36	73
78	65	13	30	59	75
74	29	79	68	66	11
110	114	51	88	30	15
62	101	37	107	34	67
59	117	21	117	58	107
37	39	35	74	96	5
9	74	46	107	76	54
28	105	31	4	33	92
79	77	13	50	80	42
38	39	22	92	19	102
80	51	13	67	92	86
91	74	14	62	33	30
28	72	78	69	13	56
12	46	38	73	107	65
76	60	14	74	109	57
81	44	109	109	31	67
101	109	58	62	78	118
69	79	3	65	42	6
12	23	100	80	82	110
4	31	94	113	57	93
70	73	12	29	88	116
1	86	117	115	101	101
51	26	29	34	46	68
73	117	114	60	79	33
15	102	78	107	99	10
66	24	108	71	80	92
77	74	106	24	8	99
26	62	74	115	50	7
59	1	112	113	87	39
58	70	54	27	29	31
17	94	26	98	45	42
11	119	117	101	10	63
84	96	107	79	44	120
35	52	57	92	17	62
68	107	38	2	48	43
18	23	119	70	19	16
76	17	51	77	94	17
8	87	89	50	118	80
19	41	10	48	119	33
28	15	28	30	3	66
102	7	12	2	67	63
6	114	115	49	45	51
20	85	81	16	95	39
99	23	16	46	45	21
23	45	5	105	59	44
31	82	73	4	110	70
88	94	17	107	1	62
82	11	110	99	37	83
88	3	4	57	16	6
70	89	95	4	54	104
53	11	32	110	84	37
67	41	38	83	58	54
34	79	8	18	19	61
43	94	45	36	48	97
90	102	84	41	47	12
20	104	35	118	101	117
52	66	51	60	108	80
31	36	3	31	107	99
95	118	57	98	80	97
15	115	1	4	61	103
65	70	1	11	16	98
110	63	7	111	3	41
63	39	84	43	110	95
71	118	72	96	66	10
34	75	82	110	60	67
13	55	69	12	16	27
69	56	111	9	39	66
102	100	52	88	35	104
109	44	103	18	10	36
119	8	115	5	4	34
8	64	107	55	92	42
34	98	6	2	1	20
28	71	93	116	66	89
26	80	27	117	30	58
74	53	92	40	30	72
3	47	16	65	12	11
91	16	92	3	67	5
42	21	53	37	103	51
7	20	107	39	103	73
92	82	77	20	91	55
75	6	39	40	30	98
115	76	2	61	29	93
78	42	96	26	44	80
74	35	3	91	55	47
37	76	66	15	15	106
58	103	54	98	49	116
112	85	65	94	56	85
112	34	84	72	69	43
69	32	3	56	6	100
15	27	51	33	101	79
4	48	25	10	99	35
51	5	46	25	115	85
66	34	71	106	54	106
34	13	40	76	17	41
120	24	70	38	96	110
35	97	67	14	32	120
40	53	114	18	76	75
99	57	55	120	118	98
48	53	11	61	67	12
115	40	46	71	52	35
64	18	75	31	55	97
21	110	35	27	53	118
60	108	12	59	44	26
64	72	108	88	11	81
72	7	6	28	80	61
41	102	4	39	44	90
94	57	52	67	15	18
117	81	105	15	114	47
35	34	76	86	29	12
68	75	89	5	88	63
41	70	66	10	102	9
48	63	81	50	48	86
70	18	29	41	35	94
35	93	95	57	98	9
84	82	53	71	97	76
3	49	53	118	26	9
119	96	111	74	57	73
36	22	57	90	43	41
70	113	106	27	80	70
98	47	97	25	46	9
104	63	5	46	32	33
79	44	7	19	82	30
6	78	4	57	117	14
12	94	106	43	101	20
8	12	54	51	98	116
109	94	113	92	31	20
111	90	47	34	32	41
64	115	113	65	88	10
16	80	73	58	111	108
15	21	83	56	1	42
86	31	73	78	56	88
112	87	40	79	58	76
30	76	120	108	69	120
96	45	104	1	100	51
83	4	41	67	88	87
45	58	38	37	55	4
118	101	81	120	22	92
37	60	96	116	76	108
55	74	4	41	120	6
114	17	61	67	82	107
46	6	68	18	93	9
115	115	50	53	120	114
71	102	51	15	53	14
112	69	11	53	120	58
81	18	88	60	49	97
2	10	67	12	40	87
30	66	1	80	29	14
16	48	41	98	36	96
60	15	12	75	57	71
2	1	5	50	115	105
84	39	48	13	116	29
113	49	66	69	94	71
113	21	101	41	91	108
120	120	7	6	4	81
101	19	70	116	16	34
32	115	70	23	112	80
115	99	62	14	41	101
13	59	116	76	48	78
35	70	98	120	59	89
68	47	107	102	28	93
4	88	77	49	50	58
46	75	38	58	104	60
60	25	102	49	56	86
112	32	17	17	40	70
74	99	109	38	112	74
29	79	75	29	93	35
58	87	59	98	28	29
71	49	25	54	56	45
88	46	110	25	88	104
42	111	4	83	61	85
61	107	49	92	43	63
46	28	41	49	85	101
38	97	101	107	28	82
26	5	84	94	15	77
13	6	60	106	37	99
48	41	63	69	86	24
29	19	104	32	76	63
15	31	99	26	49	18
104	71	100	45	81	34
83	93	48	69	102	7
62	102	65	98	28	89
95	50	43	69	99	30
5	31	39	48	82	21
50	37	31	30	9	11
50	1	85	13	5	20
92	41	82	59	17	108
60	64	90	11	119	116
36	43	23	78	58	27
33	17	102	80	13	18
23	9	103	65	49	59
56	113	70	8	69	41
91	67	64	18	87	108
8	88	44	69	32	98
15	77	72	23	93	114
24	40	52	105	1	29
112	39	56	83	78	2
103	97	109	61	56	94
100	71	85	63	17	93
55	105	68	4	35	54
6	110	29	24	56	107
98	76	116	93	5	31
23	75	79	15	42	70
57	6	25	12	40	17
23	106	68	107	44	114
11	42	99	112	5	41
33	54	113	41	45	91
17	10	5	119	42	104
77	44	61	101	46	53
69	10	115	105	14	43
8	27	85	115	72	93
64	42	112	43	115	111
98	12	100	99	102	34
27	38	71	29	8	46
1	103	109	50	24	41
103	17	40	68	30	80
84	8	73	47	118	13
91	32	89	2	69	25
93	72	91	59	65	14
55	9	53	17	112	78
111	104	92	112	77	108
43	46	57	57	108	99
118	25	73	57	102	45
66	71	74	6	103	11
26	120	64	20	118	47
36	63	110	84	96	118
35	2	108	76	10	92
31	43	81	104	6	98
62	40	7	115	62	106
112	31	67	72	83	15
2	60	40	69	3	84
36	2	103	1	78	39
81	79	55	75	116	5
59	106	13	53	43	44
79	64	83	100	19	80
72	20	93	64	76	60
116	23	108	116	119	79
55	1	95	78	112	94
111	88	16	22	74	35
43	3	67	63	18	92
105	81	65	81	119	112
78	119	64	110	16	22
58	28	103	69	93	61
4	46	74	16	119	119
109	99	40	116	23	50
11	92	83	18	84	61
23	117	106	82	22	48
3	75	12	39	61	80
83	47	7	99	89	15
64	45	35	15	58	26
63	39	63	62	2	15
17	96	76	48	73	97
89	75	55	43	60	90
78	66	101	69	11	64
93	90	28	50	32	14
64	10	30	28	89	87
116	114	58	115	95	87
100	20	20	21	49	31
46	84	58	38	7	80
5	15	90	27	7	40
115	82	9	101	94	99
49	24	55	37	105	65
76	56	93	36	43	21
103	96	102	78	9	111
10	54	17	50	88	113
76	61	51	59	93	114
106	39	76	15	50	31
40	97	9	85	110	51
81	70	30	106	35	12
47	52	91	87	13	80
60	16	64	26	87	6
92	77	24	50	103	56
32	112	118	73	5	103
76	56	8	34	41	78
56	3	39	46	71	81
42	71	92	97	117	31
3	70	56	42	62	84
97	112	86	59	62	94
78	97	103	64	92	106
91	14	100	90	4	72
32	26	97	120	104	10
68	97	11	50	32	20
89	47	110	86	112	2
36	82	102	24	24	68
100	13	10	20	15	116
90	86	10	24	31	38
8	58	67	77	110	70
4	1	66	90	78	102
35	90	6	71	6	104
32	85	18	51	14	13
15	10	80	91	51	5
119	1	49	76	63	22
16	117	72	99	19	11
32	63	83	19	19	41
72	59	112	32	38	59
31	1	14	116	77	71
45	20	70	86	99	106
96	98	20	91	19	14
50	75	32	42	2	114
23	24	4	88	119	6
28	48	92	105	86	108
49	9	72	1	65	66
56	70	35	30	83	95
61	86	88	18	116	74
33	50	100	27	1	119
55	80	51	91	23	73
94	63	14	99	30	16
6	112	101	117	7	115
64	44	103	38	63	85
48	108	108	64	115	96
44	97	90	41	76	62
57	111	87	32	97	26
39	47	96	98	108	103
15	15	78	118	48	120
42	116	28	54	100	79
111	56	59	72	89	115
2	75	32	114	52	5
39	39	104	74	11	3
104	94	62	37	89	22
81	66	81	110	40	109
39	22	69	104	31	42
114	79	98	53	5	26
97	27	12	43	33	3
22	4	82	120	33	62
85	62	53	1	55	31
57	15	53	70	110	89
87	16	8	84	38	112
39	48	61	79	72	114
82	82	68	35	69	109
115	56	8	10	104	113
77	68	102	12	47	20
25	47	70	18	7	17
51	8	93	72	11	95
77	60	85	76	97	13
104	96	32	24	47	7
30	31	58	84	51	103
61	86	95	53	99	65
57	36	38	58	18	54
1	28	102	119	22	55
92	109	32	59	40	76
54	84	114	11	38	97
15	107	103	119	96	14
105	50	51	78	29	13
102	32	79	93	26	41
24	41	41	94	32	43
56	10	28	70	59	16
67	49	109	96	84	27
109	1	94	114	41	86
62	102	100	3	6	104
109	81	67	65	32	79
32	94	73	106	60	64
90	57	47	77	97	15
1	82	106	10	91	79
97	114	105	63	53	77
9	40	7	85	12	106
79	52	108	8	1	68
18	24	53	72	69	113
90	115	31	63	42	73
17	34	7	99	27	59
54	115	75	95	28	1
86	6	110	21	30	81
106	60	110	38	1	12
50	75	91	24	45	1
90	28	84	17	117	113
17	49	85	11	69	103
112	60	89	75	33	15
44	27	104	63	68	35
111	65	21	103	80	52
81	33	73	53	25	21
110	105	5	39	98	98
58	6	45	115	56	46
12	103	31	71	92	85
12	54	8	96	112	39
85	98	107	69	20	45
112	100	21	22	86	82
51	26	15	82	62	32
48	103	103	97	8	27
112	106	34	90	117	114
33	25	27	115	95	46
42	74	30	72	29	90
11	39	34	63	116	37
6	32	62	45	55	118
53	46	37	39	108	40
60	30	11	16	23	42
1	77	22	33	87	72
28	116	31	62	8	61
73	36	90	30	33	30
96	4	38	45	98	73
105	111	67	91	43	86
80	5	31	76	116	38
45	16	76	58	111	49
63	116	38	54	6	62
106	95	25	9	2	95
2	61	60	31	42	41
31	13	102	69	79	25
45	89	100	82	9	57
120	19	119	33	113	103
97	85	12	64	119	104
21	38	106	112	82	95
90	103	63	28	76	116
87	82	108	120	37	47
83	46	111	109	56	92
52	74	66	105	113	106
2	79	90	34	41	53
44	44	100	39	106	80
39	119	32	91	35	106
9	47	10	68	60	43
54	37	104	56	13	82
117	57	118	34	114	111
90	64	102	104	92	88
84	60	50	115	36	69
41	67	92	34	109	94
102	77	49	59	114	89
72	40	23	73	4	4
52	48	36	51	88	52
35	47	17	106	58	42
37	84	16	6	43	115
51	61	30	23	8	105
71	21	104	36	70	33
101	89	99	46	80	115
24	110	92	20	47	93
5	35	14	2	86	55
111	120	1	30	106	76
67	89	91	118	1	57
25	52	96	3	30	117
28	91	68	88	58	6
35	13	39	64	79	49
61	48	30	109	71	9
65	44	106	40	59	69
111	87	80	56	103	1
66	20	61	56	33	48
60	31	37	28	9	118
57	97	70	62	84	55
52	33	107	25	19	90
24	31	14	5	20	24
65	98	2	39	35	42
36	60	11	65	34	30
35	119	11	96	77	37
26	100	78	119	104	67
118	56	25	66	82	8
21	119	117	61	97	85
39	38	20	96	81	76
3	75	105	15	109	68
109	73	68	17	41	16
32	96	14	91	57	52
96	63	77	55	48	15
14	2	7	45	3	19
91	109	97	37	58	19
37	113	88	53	102	118
95	99	91	8	59	14
108	66	30	16	93	75
16	91	70	96	77	56
16	96	51	105	106	115
93	108	51	2	1	115
32	12	22	109	96	45
111	82	37	49	71	34
12	65	19	119	107	37
94	25	112	24	71	27
99	18	66	3	109	117
32	71	37	35	97	92
71	31	120	93	120	97
25	86	102	85	109	2
120	7	113	112	75	25
79	12	4	9	43	95
16	89	103	87	17	114
18	71	75	49	42	117
94	15	45	92	98	1
117	31	69	35	37	11
114	105	102	77	55	12
79	108	118	120	95	107
104	104	63	50	89	60
69	81	32	59	66	10
111	117	11	106	57	59
27	35	86	76	41	50
85	25	88	99	54	81
73	87	93	82	64	88
95	13	96	87	59	7
77	75	51	28	32	95
104	24	43	50	48	85
53	89	18	41	54	118
55	98	5	30	81	47
68	107	100	5	63	67
49	78	84	69	115	96
117	106	90	22	81	4
55	83	11	111	23	120
56	39	79	32	8	13
17	57	63	96	52	55
88	45	42	50	32	118
89	55	7	38	54	87
15	86	14	23	17	9
56	79	3	54	65	94
63	47	42	63	46	15
73	29	116	17	102	104
3	4	96	15	101	39
114	56	81	108	40	69
49	120	36	86	80	32
60	52	84	97	23	8
76	90	104	17	120	5
13	15	50	22	19	18
58	86	82	49	105	59
17	84	68	80	79	104
95	26	12	12	58	111
6	54	97	24	90	24
41	69	51	67	36	105
30	36	92	98	7	24
40	8	86	27	110	113
80	54	41	33	85	52
99	35	53	93	43	97
26	115	100	35	35	81
32	77	6	94	55	77
79	107	117	105	52	16
54	112	16	77	66	80
68	93	71	71	5	49
113	14	106	59	96	11
25	91	35	18	106	109
83	63	48	120	108	96
32	114	50	79	2	34
107	41	82	85	61	89
119	82	97	54	98	75
48	111	19	62	118	83
103	32	29	92	99	42
82	77	92	34	31	73
57	14	74	46	84	20
68	77	91	113	24	7
92	99	93	11	35	66
111	109	14	21	32	68
45	40	88	79	43	72
115	102	82	4	68	93
33	107	78	92	77	114
87	24	102	21	58	19
107	116	89	83	71	63
120	6	77	10	32	13
109	50	119	5	12	100
19	35	9	42	39	42
5	38	116	82	5	73
68	20	7	41	3	69
34	11	68	23	5	61
87	92	89	32	25	72
81	71	82	79	21	120
3	49	4	116	6	17
47	51	4	85	20	21
73	22	80	46	17	67
65	104	87	88	95	117
62	41	68	66	87	30
111	119	18	118	18	120
27	111	35	49	106	15
27	98	58	13	54	21
63	42	46	76	91	55
109	89	98	97	55	111
86	36	36	108	2	107
71	72	100	72	96	6
119	18	31	12	87	106
75	18	98	102	65	45
38	3	71	37	115	82
116	54	38	27	86	78
63	114	47	61	57	69
65	68	103	104	117	56
51	1	116	16	20	21
78	93	118	74	118	5
78	82	108	76	27	97
6	98	27	62	13	11
97	52	37	76	64	80
29	18	74	7	116	119
106	18	47	6	2	16
68	40	96	44	72	84
20	82	23	119	101	99
35	36	78	43	91	118
5	7	78	5	73	21
90	4	82	28	71	64
109	29	4	39	50	64
106	62	15	63	79	111
3	54	1	42	6	79
120	35	120	76	11	109
42	9	63	33	77	109
38	98	87	114	46	26
18	92	91	115	115	69
120	42	32	68	33	29
47	72	99	34	102	120
62	6	46	28	23	101
52	43	110	31	35	27
63	92	12	115	87	80
33	62	75	99	5	2
51	22	20	62	17	64
36	88	90	120	116	97
43	102	5	75	67	47
77	107	57	59	113	65
62	104	24	59	109	66
16	11	96	56	19	106
92	64	80	22	55	111
12	92	23	108	85	55
98	104	49	86	110	80
80	102	86	24	49	82
31	73	60	27	114	19
4	19	117	98	106	100
58	40	37	107	105	115
110	101	6	72	28	103
53	115	56	41	10	4
96	96	8	5	25	74
69	30	3	43	113	46
82	80	52	103	99	98
93	53	29	3	120	118
5	109	98	77	47	40
95	100	50	15	91	74
18	64	80	54	30	22
55	32	22	95	15	96
52	68	58	49	67	36
30	35	83	45	72	118
43	35	53	53	59	59
47	54	37	89	30	96
64	114	68	9	120	105
13	89	87	94	98	83
71	22	34	44	32	98
89	84	66	28	14	5
86	38	39	32	94	47
31	68	110	89	53	42
97	66	85	1	8	94
16	3	87	115	11	14
52	86	44	88	44	115
45	85	9	23	73	24
108	73	92	37	119	113
77	107	98	46	59	76
51	105	93	20	48	119
2	27	9	87	14	65
5	20	106	80	31	18
57	112	57	41	42	48
63	111	113	106	112	117
68	104	30	73	90	77
114	54	98	4	12	109
100	49	62	34	78	31
65	43	118	78	7	30
47	66	21	104	90	2
96	3	46	77	34	92
1	59	27	22	57	50
7	106	103	97	101	17
11	85	67	118	26	86
23	111	28	79	96	94
8	16	21	25	57	65
26	30	80	7	84	56
35	9	97	38	106	101
34	77	42	8	38	120
89	94	99	112	116	80
65	78	83	18	39	54
14	23	75	104	77	82
27	62	60	69	15	105
70	72	35	9	72	54
87	42	89	6	62	29
102	80	51	81	119	11
88	94	57	49	48	82
37	61	84	119	69	51
57	68	35	48	18	70
105	55	106	7	66	102
72	102	65	36	58	69
31	17	13	23	65	113
5	113	30	89	17	30
87	47	72	94	14	75
7	24	41	111	83	21
118	91	57	29	75	83
80	37	46	99	1	96
42	56	20	28	16	85
50	15	87	72	71	32
3	33	50	72	114	49
30	83	1	87	6	97
95	70	98	44	63	85
111	28	119	28	54	28
86	98	2	89	66	30
8	84	59	100	90	118
24	21	25	55	95	32
22	14	73	39	62	7
112	1	48	20	113	102
108	58	26	30	105	23
32	25	33	78	79	3
92	56	114	82	44	28
90	24	31	48	77	118
47	82	8	119	105	7
84	61	117	15	15	67
53	7	32	91	31	104
82	61	24	26	36	1
15	115	66	118	82	22
12	86	28	5	8	56
23	78	95	56	85	44
78	106	63	44	37	105
10	27	93	3	66	30
115	97	102	114	43	55
63	71	95	90	53	21
21	119	75	16	106	42
18	112	74	19	80	92
31	86	120	37	54	47
57	108	69	76	58	28
114	63	21	120	31	71
72	87	57	78	20	7
37	33	101	92	66	58
94	47	41	41	35	118
63	8	80	31	108	94
96	113	97	77	52	57
114	74	14	75	12	116
80	92	75	51	10	99
45	113	82	41	36	97
21	70	44	74	15	1
89	43	92	98	63	48
107	5	16	106	27	2
68	42	9	58	46	53
116	35	56	102	75	106
48	15	47	74	12	85
116	70	27	11	19	60
22	23	20	57	9	32
62	67	49	12	73	44
37	96	60	72	22	68
37	48	66	27	76	24
29	49	21	90	2	33
15	98	114	68	93	29
74	69	47	93	91	4
4	88	75	85	82	16
100	9	120	56	15	24
39	113	120	51	106	97
83	73	64	43	31	98
85	45	63	52	36	18
98	66	101	64	57	96
18	51	102	44	30	47
110	80	100	108	9	32
27	9	99	69	78	14
92	112	48	97	101	43
96	86	41	27	10	85
1	56	111	111	14	36
40	43	104	12	16	9
76	88	2	21	20	65
120	23	65	43	66	15
33	40	65	108	83	28
30	88	59	98	49	89
6	92	73	29	75	39
55	44	120	13	20	94
105	22	1	39	25	98
80	53	104	100	85	57
111	25	22	55	60	90
57	88	6	6	49	1
110	98	12	118	67	110
22	41	64	55	107	50
89	65	98	34	100	45
115	49	105	39	39	50
68	39	107	4	10	84
60	78	93	77	88	34
35	23	36	16	69	70
57	110	33	58	17	74
86	90	97	116	120	11
51	78	84	47	75	23
31	8	80	8	37	27
63	18	7	107	39	23
114	100	83	76	74	34
10	73	119	40	61	14
55	100	62	12	4	38
38	22	120	39	5	51
11	50	84	90	57	3
9	108	85	12	44	66
20	48	35	33	113	100
110	110	88	87	59	18
116	26	84	108	103	96
76	34	47	85	7	70
80	56	14	52	53	6
26	111	91	39	6	47
44	78	93	37	51	62
17	23	35	61	4	65
48	10	31	118	57	40
115	46	96	103	107	109
84	38	18	107	48	16
9	76	45	11	26	59
43	34	5	37	25	68
27	69	24	26	82	109
55	57	30	4	93	81
90	97	118	71	112	50
102	82	45	109	101	28
95	8	58	7	45	12
65	67	71	41	30	34
104	41	115	93	26	92
59	85	56	42	111	97
63	92	67	44	45	5
58	28	110	23	49	103
7	44	60	73	24	15
16	24	120	5	18	111
87	109	64	19	10	16
70	25	14	73	24	16
94	43	79	119	50	27
19	11	1	103	6	65
33	58	78	95	87	59
17	62	67	100	105	12
18	47	41	12	115	116
19	63	102	102	38	54
26	98	62	26	75	25
103	10	52	6	63	83
102	22	109	107	67	105
115	61	91	5	56	106
45	118	81	40	34	119
87	51	48	18	59	81
40	81	86	61	36	99
81	96	67	110	12	25
81	88	59	44	108	2
117	21	71	11	36	93
35	62	82	89	87	87
103	114	93	80	91	20
53	1	63	120	22	57
14	45	7	66	2	70
65	12	112	71	25	33
76	55	68	56	84	20
89	68	88	43	108	84
33	32	64	34	36	83
100	108	65	96	89	65
12	109	46	59	75	2
45	27	42	115	61	118
22	79	3	12	56	119
51	88	37	7	41	90
45	107	107	62	112	50
57	58	6	113	102	3
84	105	39	47	7	89
1	59	31	66	32	56
39	30	109	16	36	25
111	81	94	16	56	108
7	15	79	3	19	90
99	33	53	112	101	95
1	60	55	26	59	10
44	100	11	85	66	48
67	110	111	64	89	115
23	92	109	108	66	2
95	115	63	101	68	58
48	52	114	79	77	64
77	30	36	62	82	32
96	108	3	86	4	27
15	99	45	64	25	64
91	32	28	44	48	95
92	115	53	101	46	3
44	120	24	74	85	27
49	54	38	35	103	106
6	7	68	67	28	6
4	19	43	11	107	110
29	11	56	26	25	120
34	88	37	63	40	50
102	92	43	48	1	44
39	81	26	81	55	76
45	21	31	105	111	29
96	69	39	115	34	106
66	16	75	120	114	5
91	34	116	107	32	59
31	116	30	85	15	2
77	17	31	104	82	107
91	72	13	17	19	65
31	49	36	57	100	104
102	35	98	42	61	37
85	81	45	63	9	70
20	94	41	113	44	23
4	82	74	51	89	19
10	55	72	1	13	99
99	58	47	55	83	95
19	14	101	94	42	16
41	98	101	26	3	53
92	68	100	84	9	115
63	67	79	39	65	86
97	21	18	93	69	26
25	40	81	32	65	97
28	90	107	34	87	77
77	17	71	82	68	93
60	6	29	3	28	91
64	17	84	55	120	98
85	118	48	69	46	88
47	32	8	110	66	7
26	92	93	7	66	41
15	41	94	73	8	102
21	108	39	111	101	90
51	54	7	26	114	72
13	55	79	104	55	5
29	41	7	9	31	24
53	63	16	62	16	19
54	77	28	65	45	55
98	83	111	61	21	7
36	74	33	68	23	34
118	112	93	120	18	42
62	73	66	48	53	14
58	29	6	15	28	63
30	42	113	6	41	99
15	71	56	111	61	18
87	98	57	15	111	115
120	87	53	60	70	110
71	65	18	86	18	36
38	16	2	43	35	52
100	98	13	87	101	111
115	59	10	30	74	51
40	120	104	81	11	71
118	114	85	25	98	31
91	2	60	70	10	53
41	47	66	120	97	14
3	84	53	60	52	64
26	38	35	31	102	93
33	49	74	18	89	5
6	75	30	30	98	7
6	33	69	36	74	53
55	56	54	84	48	35
34	33	92	31	20	49
92	90	116	81	81	30
81	29	53	8	95	32
106	110	55	80	86	66
31	49	55	103	49	98
51	91	95	115	31	91
87	70	110	101	86	56
59	118	42	40	50	72
7	30	25	29	50	117
22	53	56	112	43	2
43	105	23	31	54	108
8	46	108	115	8	11
23	4	77	117	15	32
13	112	72	104	85	66
103	40	36	71	105	2
96	67	23	48	2	85
54	67	39	79	16	69
93	75	22	61	46	117
76	112	120	112	102	58
3	24	86	72	21	22
111	31	69	104	17	53
82	97	93	57	11	57
114	28	87	29	113	60
95	118	38	80	18	59
23	33	95	28	80	54
72	89	51	13	120	68
54	11	51	36	78	102
19	28	19	83	97	29
8	115	53	38	96	62
57	107	67	46	99	41
43	82	48	21	39	108
104	93	108	81	48	10
91	110	106	72	32	28
73	71	40	26	65	101
112	94	45	96	86	5
5	23	28	107	71	2
109	69	60	60	92	30
95	107	120	50	36	35
85	13	39	66	39	9
89	104	24	11	64	81
117	12	5	45	61	116
54	37	95	95	59	36
39	39	16	44	94	114
66	41	52	7	70	32
68	90	85	81	7	61
47	98	118	49	26	80
12	17	25	61	4	116
86	6	108	5	18	14
65	95	98	115	56	57
8	12	4	42	39	68
120	117	84	108	52	75
84	109	52	33	63	89
38	21	69	113	22	39
17	50	9	30	81	10
73	10	14	76	97	11
70	41	61	44	35	70
113	61	54	23	101	43
55	67	50	62	68	115
110	83	36	103	100	114
75	90	77	90	120	118
76	71	16	13	117	84
72	100	9	99	108	105
40	77	11	103	3	29
64	116	82	35	98	58
54	1	11	61	98	105
119	75	33	67	54	13
94	85	116	4	84	62
52	103	45	52	72	110
70	56	21	37	76	40
76	105	54	50	23	107
41	52	60	88	74	65
22	79	105	8	57	15
47	106	66	73	59	2
14	54	89	103	19	116
94	118	38	9	14	44
66	52	104	45	29	36
21	23	79	64	54	41
18	35	109	95	49	49
49	44	9	46	50	107
58	90	32	101	35	82
110	10	7	61	83	64
75	64	64	63	47	58
12	96	12	54	81	29
36	120	115	46	17	48
13	38	26	52	3	27
97	66	10	20	49	90
31	13	97	86	69	53
79	119	81	20	24	26
65	107	20	55	73	104
35	63	47	7	25	96
74	119	23	114	17	111
62	60	60	61	63	95
7	84	15	104	115	28
48	42	99	45	2	52
63	92	18	98	107	32
63	58	54	46	111	21
72	118	30	88	64	41
112	1	40	72	120	66
69	27	45	7	61	18
110	26	8	38	102	88
120	32	105	85	83	118
85	75	78	79	68	52
90	120	20	113	68	40
103	117	23	71	117	97
48	74	5	45	108	7
44	120	51	49	108	120
89	42	98	71	93	22
118	73	91	72	28	107
20	86	94	56	58	73
66	47	73	117	91	19
28	105	90	98	40	10
53	49	52	105	17	98
19	55	34	67	57	53
118	86	110	30	39	27
113	36	97	42	69	76
79	37	9	96	52	50
55	10	50	80	115	112
73	96	119	101	30	23
94	17	65	95	21	46
21	59	67	55	115	120
81	59	79	16	61	60
58	4	28	16	10	106
87	117	79	60	71	27
54	15	49	113	52	50
53	104	96	45	38	58
88	63	11	37	108	53
59	22	81	13	65	5
61	47	66	76	117	78
17	54	81	73	55	2
73	101	76	59	43	111
112	85	58	4	113	71
16	33	69	107	48	27
69	91	51	44	25	62
104	95	110	79	73	27
86	46	22	73	48	117
114	17	98	65	10	81
30	5	12	65	63	53
90	12	32	59	86	65
61	10	80	55	119	5
103	35	41	9	24	96
59	29	36	40	33	103
35	2	54	82	116	88
103	107	54	56	109	89
111	118	73	27	114	36
69	3	106	29	64	46
72	104	2	46	64	73
111	88	18	81	114	51
66	92	59	88	16	29
103	96	119	113	24	64
75	73	90	17	104	109
65	99	47	45	108	77
39	62	3	14	37	115
36	75	59	43	39	5
94	6	48	75	26	61
78	3	119	53	89	107
101	64	49	46	85	59
42	17	1	1	97	70
101	50	97	84	83	120
119	8	104	67	20	85
43	110	11	104	102	28
115	24	107	37	42	94
111	21	10	31	15	70
54	99	42	107	54	79
78	91	120	69	2	22
11	80	114	103	83	117
11	88	60	100	98	57
84	62	14	101	72	46
95	108	95	20	9	101
98	111	71	60	49	113
4	23	48	2	11	87
106	108	64	31	80	30
95	62	98	62	56	83
18	47	96	76	30	84
15	28	71	43	77	90
59	49	22	80	114	46
11	7	24	26	8	5
51	104	78	106	54	100
51	66	48	109	88	104
9	86	59	51	102	118
19	102	98	105	76	8
75	55	17	91	93	110
25	54	79	83	14	27
82	115	94	107	54	6
7	70	44	88	52	69
89	67	84	56	59	32
51	19	100	108	3	99
117	56	100	23	58	48
3	100	120	47	99	114
100	8	70	13	86	105
82	90	54	39	106	51
50	110	99	29	111	45
75	22	79	103	55	33
68	80	120	99	15	57
112	37	53	5	120	82
109	75	68	36	2	113
46	74	89	113	88	47
44	28	10	86	61	40
78	6	4	49	8	103
31	39	80	61	18	70
80	57	48	54	78	35
25	37	78	42	38	25
59	9	18	51	107	72
11	107	94	40	117	7
39	104	17	100	120	16
109	96	96	106	119	115
97	7	74	100	89	100
105	83	49	94	5	80
59	48	68	97	77	60
76	59	10	81	109	117
14	52	85	108	58	70
58	83	19	61	86	92
16	56	68	107	70	70
54	4	34	104	31	5
100	33	11	50	113	85
103	36	76	50	2	84
100	79	7	92	76	37
70	60	59	31	10	64
103	85	55	68	11	33
117	94	98	117	98	103
48	82	65	115	52	80
63	6	1	58	74	22
33	36	56	73	70	96
53	56	73	5	106	40
35	77	43	66	23	14
21	61	55	56	23	116
104	39	63	86	47	111
97	53	112	98	62	68
97	12	51	114	23	29
119	17	93	91	97	31
48	106	44	88	71	118
78	53	110	1	94	103
40	40	25	111	1	23
86	35	87	112	30	52
91	14	9	87	84	86
81	16	34	65	29	15
105	118	12	86	38	80
88	104	118	59	91	4
32	22	85	98	118	93
81	9	5	97	94	43
14	6	115	79	48	30
10	64	118	54	100	84
116	25	49	112	26	96
61	91	54	8	119	2
62	75	15	118	32	111
63	16	1	120	80	46
44	31	32	44	108	62
23	65	10	86	13	86
45	111	101	15	106	12
16	21	54	21	93	64
9	38	109	105	67	92
90	93	6	117	107	52
97	99	107	22	41	71
48	71	40	23	13	30
55	11	67	2	9	82
32	40	78	47	92	117
58	55	42	20	53	27
117	40	100	97	23	110
45	29	34	41	4	60
52	7	49	9	16	28
24	111	66	69	89	46
69	42	61	44	45	45
27	99	56	39	33	6
76	14	22	59	50	84
114	26	93	35	70	24
43	25	102	114	37	48
2	46	77	13	13	68
64	108	38	100	24	2
52	75	60	22	81	95
86	35	58	82	4	116
105	36	87	98	63	74
111	15	40	106	14	64
54	111	114	110	36	117
69	81	61	85	7	70
74	26	43	59	67	67
74	49	7	69	38	71
97	119	58	29	88	101
101	36	72	68	76	10
72	46	49	109	30	42
22	71	91	15	89	118
24	109	2	27	95	19
69	9	28	22	56	114
19	87	77	33	80	58
29	98	77	59	68	10
21	89	120	49	22	19
62	46	89	88	97	40
66	112	50	96	112	26
51	62	96	108	118	57
92	29	42	50	41	74
77	20	76	61	28	15
98	99	106	86	81	33
94	51	69	77	40	12
89	45	18	77	58	42
85	7	56	30	59	94
79	27	64	70	44	57
23	29	3	29	68	62
50	26	106	57	46	38
88	44	53	95	106	17
97	36	40	117	60	44
90	40	92	34	107	93
98	8	38	57	44	29
76	50	52	113	78	76
1	70	25	27	35	66
41	92	16	48	32	72
80	68	54	4	84	52
115	91	64	84	80	97
65	107	83	97	96	80
106	92	65	119	110	87
72	59	1	28	98	15
64	44	13	109	56	2
91	115	80	43	47	112
82	60	7	92	109	61
68	36	41	62	82	112
34	20	1	30	36	45
57	112	120	43	104	118
79	25	101	73	16	109
26	107	27	26	38	1
105	45	64	68	78	13
57	67	29	106	91	39
62	73	52	79	22	98
15	10	63	98	38	87
20	46	58	45	110	57
13	15	56	23	72	47
52	61	8	4	107	65
19	50	98	103	65	84
119	115	59	18	105	18
43	71	19	105	64	109
82	60	97	77	13	100
32	85	12	80	46	70
34	105	80	81	73	17
85	49	35	34	94	6
114	71	69	120	92	79
45	103	86	112	1	79
53	101	5	15	32	34
40	107	51	60	93	104
74	78	15	22	45	19
37	85	38	108	94	114
118	111	82	108	54	79
110	75	43	49	15	2
17	69	64	49	120	47
100	97	102	111	84	118
89	23	45	26	105	73
22	54	95	86	101	20
86	72	81	79	10	63
45	39	18	43	6	96
27	15	96	86	10	69
56	48	81	92	83	27
67	65	32	92	44	4
107	58	59	32	59	51
112	36	114	106	51	88
102	118	74	72	102	62
3	36	91	85	2	40
88	119	68	11	68	91
69	19	102	37	12	21
82	69	109	69	100	107
24	74	38	100	13	112
63	42	50	11	24	64
10	33	40	50	109	104
60	58	91	55	24	90
56	78	95	70	33	77
34	94	58	40	25	7
66	53	3	118	78	85
35	16	102	81	4	46
119	41	10	54	10	81
5	39	74	72	78	30
61	83	43	36	62	119
97	11	72	78	37	115
7	106	82	36	4	111
44	60	76	57	64	4
36	51	31	19	41	60
53	54	11	5	117	107
90	18	73	112	103	87
26	18	17	73	112	89
47	13	83	98	36	54
113	72	27	58	118	1
64	104	20	108	25	104
28	116	24	33	94	36
58	90	113	37	33	23
14	26	57	74	84	31
38	117	77	120	62	106
50	18	120	114	93	44
105	34	1	79	89	32
84	3	88	29	34	19
23	85	61	11	111	118
31	41	68	108	33	18
68	56	59	83	78	115
109	22	6	63	75	112
118	21	23	61	31	112
52	68	87	92	72	80
114	88	14	20	47	98
1	110	17	4	58	67
39	66	79	119	36	118
71	102	36	1	23	99
120	42	62	13	5	41
119	32	115	71	70	89
10	100	49	33	66	80
119	16	13	49	26	28
85	40	80	8	23	66
3	99	100	76	86	93
98	112	86	45	27	65
40	12	6	113	53	54
66	104	58	20	37	84
20	47	54	75	48	100
15	24	19	87	92	77
5	103	11	78	67	23
14	41	107	16	69	42
87	51	109	43	30	48
96	42	106	98	116	103
8	30	98	16	83	79
90	99	86	61	69	42
29	61	85	7	93	19
97	97	106	95	94	6
109	73	73	75	99	6
26	1	77	119	94	13
103	101	39	101	119	52
32	91	106	109	7	26
5	12	105	58	68	19
68	18	107	9	78	65
92	56	46	55	98	54
79	30	91	41	72	66
119	3	116	47	54	45
64	4	40	83	16	38
44	32	88	94	116	65
36	46	110	46	19	78
92	40	20	87	46	91
86	62	107	66	113	38
103	21	89	44	66	20
67	65	113	40	97	107
38	2	57	60	14	88
33	73	80	109	76	39
56	39	14	37	4	48
33	39	60	54	113	84
21	112	36	92	12	6
45	115	93	105	91	70
109	52	9	76	92	34
38	23	76	119	1	33
100	67	47	78	53	87
113	48	42	114	85	41
102	43	18	74	114	106
78	20	86	96	4	27
77	70	108	111	72	69
29	48	49	73	61	65
58	98	105	118	42	80
70	48	28	28	79	91
4	14	46	9	98	58
43	97	65	75	88	26
100	101	97	25	67	74
91	14	99	4	88	103
19	49	62	74	52	104
71	72	69	18	26	77
6	28	7	46	19	102
83	7	74	76	37	62
12	110	7	78	48	70
41	118	26	120	54	67
74	6	101	62	42	117
47	53	78	117	115	4
99	55	23	74	21	32
55	2	44	73	98	29
81	42	117	100	73	85
114	18	99	2	80	4
106	63	6	82	99	69
83	8	115	20	57	54
15	78	38	76	2	109
12	110	89	45	107	79
43	31	28	57	97	14
54	31	5	45	86	85
59	9	91	84	108	15
113	64	52	34	72	57
33	112	62	95	91	79
112	104	60	114	76	7
107	105	105	42	18	9
3	40	116	14	8	72
75	8	112	69	68	65
58	84	119	110	83	19
3	12	100	41	2	50
112	63	78	17	7	24
11	20	8	18	5	8
53	66	31	9	47	9
51	30	99	10	60	84
30	118	65	39	115	11
2	48	24	43	47	10
21	109	39	43	58	63
21	93	9	18	5	86
18	11	65	80	108	8
89	109	73	91	109	110
116	115	88	78	53	20
117	52	84	16	50	42
36	116	77	93	11	36
74	47	115	48	7	74
80	110	26	117	105	6
37	7	97	112	104	100
27	65	96	102	102	87
20	44	119	105	98	117
43	51	100	65	53	113
20	66	32	69	82	18
47	20	82	93	32	11
93	50	115	26	79	111
43	23	78	33	98	70
58	41	38	71	7	29
109	49	92	56	39	90
81	83	65	7	74	107
52	75	118	85	13	94
3	59	27	76	68	56
16	93	48	5	95	5
48	60	55	44	27	108
27	9	93	117	66	70
41	109	31	74	95	21
98	31	24	81	76	85
57	36	2	48	74	37
43	24	43	62	27	67
8	76	93	36	36	30
101	87	109	8	103	95
58	60	1	98	69	39
1	95	2	91	74	80
46	66	62	36	33	3
32	54	49	105	87	72
60	59	102	108	36	64
67	90	89	50	85	75
91	81	1	5	110	113
60	78	79	35	6	9
103	45	104	104	50	50
112	24	86	32	105	70
73	12	21	34	73	80
86	62	48	35	107	18
65	81	90	73	3	42
94	66	80	46	100	94
4	2	87	58	98	8
50	5	62	41	74	3
104	47	62	5	109	104
5	78	87	36	6	119
12	72	93	89	8	18
99	41	101	8	91	14
8	117	70	66	35	3
85	8	6	50	87	35
57	17	50	10	58	91
36	80	96	13	87	53
68	89	99	82	37	113
33	17	61	35	45	51
63	66	21	21	45	53
84	75	105	75	49	74
15	34	20	3	86	113
76	91	17	14	48	40
3	26	45	54	105	107
104	108	66	119	111	88
108	106	98	97	62	88
64	34	7	51	82	45
26	3	103	80	59	48
75	51	5	107	32	34
109	71	37	3	4	51
67	101	57	120	7	104
30	43	34	64	2	8
20	9	34	81	107	17
81	48	43	30	21	88
37	29	119	114	29	55
90	113	79	15	56	48
21	94	58	51	14	45
67	19	34	86	32	108
58	39	87	10	11	22
100	2	18	33	115	65
57	112	1	71	12	9
34	50	102	62	100	17
102	41	27	102	86	20
45	118	88	30	23	5
62	6	26	9	108	62
104	108	112	118	29	69
57	96	21	3	67	87
68	37	58	89	107	55
2	72	17	77	25	101
120	120	91	103	15	36
115	9	55	80	73	85
110	64	46	37	4	74
53	75	65	103	100	52
100	23	34	39	80	18
39	102	58	19	68	61
95	107	98	22	48	95
110	80	107	5	38	53
106	19	104	74	7	52
49	35	86	45	22	65
87	95	28	40	19	71
73	69	90	39	63	15
78	42	2	112	34	115
36	117	33	109	34	30
89	113	34	108	90	99
82	62	26	80	49	2
48	97	61	32	4	57
42	32	66	31	83	16
25	14	71	27	112	80
116	69	19	45	67	120
43	87	78	92	98	114
58	82	78	31	90	75
85	32	43	42	59	82
14	71	21	71	60	104
9	100	32	66	21	66
94	18	35	35	109	63
82	37	70	77	10	90
5	84	79	27	24	94
35	56	45	24	10	77
105	41	45	41	34	7
72	106	86	81	21	76
30	2	17	84	27	8
60	6	27	10	81	55
112	46	39	104	55	33
24	61	116	95	27	66
68	45	23	61	2	36
116	76	40	102	96	104
92	38	43	101	82	72
48	62	13	50	28	19
115	77	42	108	54	29
61	43	82	58	43	79
98	58	116	62	90	65
47	29	35	96	84	100
83	22	115	43	5	112
48	111	9	77	3	24
51	85	54	33	120	1
114	51	83	19	92	114
98	26	46	62	119	103
30	36	12	6	37	37
89	81	26	19	77	93
16	100	97	59	57	73
51	52	100	100	48	29
85	113	77	11	59	32
104	70	28	64	1	83
31	112	42	88	5	116
105	73	10	99	8	33
46	51	76	74	99	111
64	71	105	23	4	95
110	97	73	96	32	22
25	65	106	1	111	71
4	21	27	12	41	120
99	42	96	82	108	118
34	96	27	81	37	116
120	103	77	13	113	94
9	59	23	103	120	65
69	75	28	3	25	65
72	98	48	43	11	4
24	9	73	104	106	103
31	84	107	7	88	2
63	50	97	105	43	111
68	1	32	9	85	104
38	63	19	67	15	91
3	69	48	1	56	22
89	105	16	74	12	61
102	10	57	48	46	107
17	32	92	19	118	96
50	13	111	93	104	95
21	117	55	53	38	47
4	118	119	76	22	96
84	72	38	77	119	47
79	12	108	4	32	14
22	90	25	88	9	109
71	1	30	29	4	18
41	110	16	65	97	65
30	78	81	29	120	112
6	30	94	87	50	40
47	17	4	13	59	32
106	20	68	90	47	50
16	37	10	49	6	5
105	87	1	15	85	111
88	27	90	85	77	35
110	69	118	104	42	39
40	51	67	64	17	68
27	113	92	7	30	36
106	116	11	75	23	84
79	48	117	62	43	85
72	85	40	82	95	32
56	120	69	89	114	33
83	72	24	59	93	70
85	55	46	18	51	36
67	8	6	79	34	117
115	87	108	79	36	30
24	27	23	107	17	7
55	52	34	79	29	103
11	98	44	58	103	92
54	11	78	109	94	98
98	28	72	64	106	60
64	119	115	74	97	120
42	79	14	11	91	11
102	70	39	100	107	42
111	18	51	56	76	3
92	76	62	108	113	2
29	56	79	84	11	78
98	63	8	105	31	110
37	20	119	29	9	114
36	88	13	70	71	12
25	96	36	71	75	71
43	113	33	37	41	50
60	110	65	108	4	7
67	93	20	44	114	63
6	3	25	79	2	95
20	61	92	67	79	52
120	55	117	3	24	22
120	25	8	43	88	79
7	98	89	115	10	30
59	101	51	28	5	22
27	50	95	10	18	36
85	4	45	91	91	94
93	30	38	77	120	92
79	24	99	35	24	37
29	16	1	120	44	34
87	97	26	80	25	35
37	101	115	69	93	103
92	1	1	59	39	56
38	86	89	94	106	105
96	91	51	37	22	28
105	25	26	74	54	41
48	28	46	115	9	12
114	23	43	35	56	104
3	113	52	14	98	58
45	118	111	81	9	53
8	53	57	68	54	91
51	33	74	113	53	28
23	49	96	95	111	65
114	44	13	50	63	36
105	14	48	30	113	54
65	68	57	11	31	9
118	20	106	55	91	15
88	77	51	24	52	109
18	46	57	24	57	117
23	36	68	44	58	52
79	82	38	13	96	31
34	85	48	13	90	63
12	96	65	27	82	28
16	52	52	10	46	14
75	90	117	110	67	14
51	52	22	103	77	9
48	93	118	63	5	38
30	15	47	60	37	62
20	48	57	29	21	62
83	56	92	116	12	6
59	91	10	29	81	60
93	78	52	27	46	67
45	51	106	66	33	32
54	63	67	75	57	20
40	57	10	29	81	7
110	49	118	120	118	96
64	31	36	62	91	15
25	89	10	48	60	4
101	80	42	116	29	89
82	23	3	77	12	55
14	114	56	110	100	25
19	10	5	73	6	88
86	71	102	46	42	5
70	29	37	59	100	93
5	79	8	17	59	9
116	81	89	2	47	8
67	117	88	60	8	78
9	84	68	115	116	36
81	11	57	3	61	46
9	54	20	71	72	8
37	51	45	69	18	46
12	47	42	102	118	86
23	5	118	98	15	74
3	77	49	88	17	108
120	5	75	113	50	50
28	103	67	108	82	58
12	51	40	120	74	37
104	115	57	17	90	88
103	118	106	75	3	73
46	43	47	118	76	104
105	92	119	61	16	47
15	78	99	40	109	112
87	105	12	117	76	53
76	72	88	100	41	111
51	61	96	37	48	2
84	71	20	106	108	38
53	8	109	75	101	66
79	101	119	99	59	86
59	65	100	74	20	22
49	115	66	115	100	32
82	76	54	58	12	74
38	74	5	79	58	64
109	35	82	27	104	75
100	25	92	36	97	16
100	117	100	76	52	44
44	87	70	65	40	95
84	41	93	52	107	59
75	53	79	97	88	31
112	119	61	50	91	91
23	54	62	10	71	117
103	96	114	3	106	99
94	107	85	75	85	115
4	20	67	115	110	64
27	85	112	36	23	22
45	105	78	112	94	55
94	87	67	74	92	91
89	17	116	53	46	6
51	48	9	99	72	38
33	117	57	41	39	13
101	23	120	43	102	101
57	103	98	31	77	104
56	8	51	94	118	29
98	40	24	113	60	53
78	116	49	21	97	84
100	41	73	28	60	118
81	16	70	98	24	86
37	23	102	41	20	11
56	70	83	3	116	14
79	85	82	92	40	44
16	22	86	2	45	2
69	84	9	5	82	23
102	120	85	51	60	18
114	32	72	81	9	41
54	3	21	78	77	63
103	65	36	102	31	19
61	20	84	85	92	59
118	99	56	91	55	103
44	38	96	71	97	97
79	111	76	26	23	103
14	29	8	80	91	34
2	108	52	5	33	14
120	24	66	11	28	85
53	17	109	76	119	35
3	74	35	97	68	7
90	25	39	106	113	63
81	17	36	90	101	8
119	85	11	104	120	5
14	48	49	71	82	90
45	20	37	86	92	23
17	54	108	43	48	102
107	80	37	112	64	47
88	29	55	62	95	26
55	51	104	108	36	101
4	35	1	54	58	67
103	97	68	100	61	28
116	115	52	46	17	114
112	59	102	87	98	12
69	66	85	82	55	32
47	58	66	29	41	61
100	80	19	16	62	68
106	113	17	70	66	36
20	36	62	88	104	1
21	103	9	29	10	36
11	1	35	39	75	83
90	37	52	90	112	120
118	61	66	115	108	89
77	57	25	28	65	8
58	11	51	31	91	25
90	60	39	22	21	25
100	14	98	12	110	11
61	41	52	104	11	101
46	36	24	55	36	69
14	18	42	55	1	111
91	105	8	82	37	71
20	119	97	39	29	29
118	60	76	9	15	90
86	16	3	107	43	86
97	11	89	82	108	11
120	22	60	1	27	97
60	35	109	21	87	102
100	114	83	11	118	13
71	41	100	58	36	64
11	93	62	36	99	93
2	45	6	77	94	106
53	93	105	79	103	61
120	104	49	31	68	25
35	2	36	57	119	43
35	96	14	108	15	19
110	89	7	119	74	86
116	76	116	115	98	88
87	103	43	103	8	68
47	61	19	17	35	101
107	49	32	77	47	97
46	47	59	62	87	115
90	8	6	67	5	117
99	65	28	51	44	80
9	106	71	107	108	78
118	64	27	118	87	31
69	44	49	32	11	77
98	37	69	116	97	85
115	49	12	91	67	99
37	42	34	71	107	14
22	38	110	54	65	96
28	26	85	100	19	58
10	95	71	61	31	98
7	5	62	85	120	58
117	65	109	118	41	36
110	82	39	110	53	56
18	54	1	43	73	25
29	41	73	93	96	31
69	76	3	3	1	60
75	31	66	85	111	49
104	111	9	49	106	47
82	94	77	102	62	53
58	110	21	56	108	86
35	76	112	38	87	30
42	104	66	95	84	5
75	58	111	11	117	79
83	41	16	112	28	89
10	91	76	45	80	88
1	40	29	113	90	33
94	45	38	73	72	76
48	59	59	40	91	64
14	44	90	4	43	96
69	112	114	118	119	60
52	47	101	76	95	32
117	51	94	3	18	92
69	74	88	54	111	75
61	108	85	44	5	101
6	10	95	4	89	2
17	97	33	87	106	102
59	64	109	27	61	57
72	67	10	11	75	5
46	40	120	36	109	93
118	41	78	20	117	106
27	98	29	67	27	94
98	83	5	26	5	113
69	63	60	7	117	90
30	78	68	37	54	56
10	35	30	108	111	23
73	101	12	8	52	11
82	49	93	86	49	51
73	9	79	71	15	78
38	54	68	18	93	99
27	30	7	80	13	64
14	59	100	35	18	73
41	51	98	85	31	106
30	107	15	88	110	88
1	69	72	96	67	78
84	108	73	12	6	116
119	92	19	5	104	35
3	113	93	69	45	59
15	92	82	85	27	30
84	34	4	76	42	2
21	67	114	2	118	116
45	30	26	29	112	10
61	10	23	93	25	1
58	38	25	80	73	63
53	119	53	50	55	25
103	3	54	96	16	89
76	25	86	112	45	85
47	22	114	15	49	59
59	114	49	6	102	103
63	15	14	80	26	65
39	32	101	15	5	62
17	103	97	41	54	119
68	60	33	34	22	22
20	104	96	76	56	82
37	42	52	12	84	73
74	54	59	6	116	89
79	17	70	22	2	83
33	115	104	26	2	37
94	103	116	113	1	95
103	102	113	109	109	17
120	99	18	107	58	69
6	89	63	72	80	36
88	100	12	113	66	28
13	115	76	92	35	79
96	14	103	8	118	4
3	105	80	74	65	2
47	20	64	46	68	18
49	120	33	13	23	59
83	64	67	30	68	25
85	120	25	53	114	76
80	69	5	31	46	37
104	104	4	61	15	41
57	42	57	42	108	65
15	84	15	28	12	16
76	3	45	81	102	83
43	39	23	73	15	113
2	25	82	51	117	67
38	32	22	94	33	89
13	44	33	15	102	85
91	37	2	74	24	32
80	5	68	97	101	86
66	69	59	90	105	16
16	84	31	22	16	96
75	14	58	37	45	60
71	18	76	18	6	47
68	111	59	13	53	110
91	3	62	36	25	108
13	50	53	78	16	85
113	108	75	29	104	77
30	99	57	45	19	88
85	94	114	35	19	7
47	49	46	38	104	9
69	74	58	98	91	60
33	38	83	111	76	44
77	35	39	33	114	37
103	16	19	24	93	116
83	26	78	82	98	116
54	93	78	38	15	85
100	70	11	62	118	5
103	88	28	22	66	114
99	100	43	22	44	89
11	46	30	60	2	78
39	21	66	18	96	64
111	114	43	38	37	46
36	89	43	69	100	105
59	57	104	81	61	30
54	99	78	64	21	12
40	11	93	92	116	14
109	65	94	108	24	109
88	31	23	87	51	45
101	61	82	33	16	94
55	43	56	30	68	37
76	47	52	79	92	26
40	117	4	88	53	98
6	71	1	73	86	62
66	118	6	117	57	107
20	59	54	51	111	105
25	118	114	37	43	56
76	48	88	15	115	52
111	9	42	115	15	31
3	55	33	47	87	5
69	99	73	44	94	83
66	84	110	12	108	57
109	58	3	90	105	65
3	111	69	21	101	93
15	9	66	120	56	81
6	108	28	95	118	59
109	20	14	101	12	75
10	5	66	93	103	34
112	32	61	16	116	51
60	40	66	93	116	32
82	58	32	114	82	29
107	46	10	22	55	76
98	9	94	28	103	38
112	88	46	93	33	66
102	117	103	15	23	40
12	94	102	44	50	38
101	31	35	59	18	106
81	7	41	98	116	63
14	56	67	48	60	85
43	8	27	74	76	93
37	78	45	67	39	16
84	18	71	41	71	18
90	61	72	35	3	9
16	74	40	90	33	58
36	85	60	35	18	19
87	84	27	52	91	3
28	78	32	6	76	41
8	102	112	102	37	85
111	34	14	54	23	45
25	22	16	72	4	1
42	81	113	2	66	104
81	87	35	57	55	47
67	98	27	26	111	3
66	85	8	36	28	87
11	59	108	35	34	37
65	96	89	48	57	58
108	89	50	101	117	75
44	13	63	33	32	72
43	118	59	83	89	115
38	59	84	2	94	36
99	69	33	34	102	25
20	58	32	104	93	35
119	104	27	101	100	46
100	8	77	87	53	104
80	56	11	51	25	72
88	61	37	9	4	37
102	1	94	85	47	5
60	48	27	115	101	60
32	38	54	36	77	93
1	44	26	18	73	119
34	16	59	93	75	55
84	117	6	105	38	105
55	35	28	23	47	64
106	73	84	21	32	103
65	73	85	11	76	81
106	70	11	119	61	33
62	35	3	89	9	35
52	45	3	13	43	45
29	63	117	30	118	72
4	77	69	13	39	20
105	22	117	62	63	38
13	96	17	65	15	6
81	91	46	100	83	111
13	68	8	94	95	54
23	79	30	95	21	109
102	80	75	22	57	99
33	96	60	44	12	40
47	51	60	43	62	41
74	74	38	57	72	52
31	106	117	102	84	3
93	32	87	13	18	36
72	99	35	53	29	99
26	76	95	20	114	99
92	45	40	34	52	40
5	119	16	67	54	39
54	38	74	109	9	118
76	75	57	61	85	12
98	92	70	9	27	23
120	40	97	63	116	69
40	90	71	32	82	54
106	8	14	25	1	118
15	17	5	107	58	39
49	78	48	70	82	107
104	114	4	52	45	107
120	40	17	17	66	45
2	73	115	2	49	47
120	8	113	41	80	114
41	60	115	86	12	110
21	118	95	69	83	76
90	60	46	85	35	58
87	52	106	120	34	27
54	12	40	44	2	87
14	95	80	79	28	80
76	61	66	10	81	109
29	31	58	108	35	34
97	47	64	35	69	34
32	89	77	89	63	33
27	87	29	82	3	58
94	34	55	97	84	61
76	72	47	80	46	10
108	31	56	77	76	98
9	47	69	40	115	76
25	72	40	77	43	114
107	30	30	82	20	43
69	26	54	105	59	59
115	57	52	118	8	38
98	57	95	81	5	112
60	104	61	100	18	103
84	1	84	52	85	1
78	48	56	69	74	83
92	29	97	66	40	32
20	28	92	35	10	12
38	54	25	23	11	62
33	39	13	13	117	109
107	50	105	93	38	43
33	48	18	118	44	31
115	64	117	33	7	13
95	18	29	28	117	30
23	67	23	26	47	11
119	36	100	54	34	36
67	5	93	6	31	92
11	15	106	79	112	49
36	18	70	85	99	33
87	77	106	95	7	2
110	49	75	118	28	28
111	112	101	39	78	46
36	30	13	40	33	81
35	42	11	94	55	41
10	88	102	90	41	89
101	99	73	111	39	112
54	110	44	13	105	112
84	107	103	85	13	56
68	94	101	31	11	46
33	11	88	13	59	44
50	102	32	19	94	103
100	69	62	78	67	75
60	22	37	93	119	116
27	4	108	32	100	11
84	45	40	85	7	97
14	68	83	1	86	51
24	93	16	111	61	10
84	75	13	18	14	76
37	86	41	63	102	98
92	56	99	40	33	6
115	55	12	100	86	82
61	88	17	48	59	50
72	24	82	70	80	31
88	76	98	115	60	79
23	54	18	30	21	102
91	74	120	31	4	100
62	64	96	48	21	65
19	53	117	30	83	61
20	67	23	76	95	54
86	42	82	7	10	45
120	24	106	63	97	119
49	94	37	42	32	94
76	44	52	17	25	8
74	97	69	95	44	71
31	73	116	9	10	63
40	47	115	109	92	65
1	88	96	55	5	47
112	111	7	50	93	17
58	38	6	90	75	100
46	36	30	30	26	38
39	105	100	39	46	40
64	97	31	102	115	113
72	2	106	27	12	103
63	120	9	48	113	68
85	81	17	119	101	87
21	16	46	70	78	81
25	65	42	95	25	68
6	17	81	40	120	75
65	24	95	12	11	89
120	36	37	60	24	97
116	96	61	73	24	25
85	94	8	112	116	47
93	85	85	25	82	111
72	84	64	98	60	35
11	40	105	74	21	100
100	13	97	35	17	58
42	99	103	53	110	55
74	104	15	119	56	47
45	29	118	77	58	8
103	98	62	19	87	25
39	67	102	52	59	69
53	83	34	28	89	35
89	90	70	79	93	3
88	20	66	24	85	90
12	114	78	24	111	43
10	7	102	100	100	104
51	23	44	79	38	65
98	36	103	46	43	53
30	69	29	116	46	56
91	70	85	70	20	61
22	60	9	83	41	52
8	1	8	34	72	82
65	64	31	52	52	86
22	101	120	120	120	17
33	21	53	25	40	109
87	103	34	63	68	38
113	104	99	38	30	105
55	6	47	42	112	120
2	112	94	59	29	120
4	87	36	101	104	81
97	53	93	105	23	87
12	116	22	8	97	21
92	100	84	93	68	1
71	104	114	7	11	65
38	41	63	67	61	45
99	70	46	51	45	32
77	59	48	72	78	105
81	80	26	116	73	69
77	109	62	74	56	14
33	47	51	12	22	114
58	42	21	118	27	108
117	36	61	6	118	41
112	50	4	113	76	95
39	43	42	89	21	55
59	75	66	10	24	101
112	109	68	8	97	19
31	109	113	76	102	13
114	72	26	47	49	114
33	29	37	83	10	15
31	70	83	54	2	73
22	110	44	33	6	58
86	33	95	1	55	70
25	10	36	6	88	7
108	27	95	24	63	30
48	53	84	58	111	60
100	28	70	54	27	39
41	4	46	90	113	63
29	119	61	77	2	37
51	10	65	68	35	80
7	3	103	75	27	99
36	92	69	100	74	86
108	18	71	16	53	50
55	31	75	103	84	80
81	105	85	18	64	24
112	31	112	71	70	35
20	45	38	22	95	32
32	15	102	80	19	92
109	23	93	6	48	38
82	62	117	101	45	115
93	39	48	35	45	56
10	93	9	61	7	113
102	108	81	86	41	81
54	102	50	54	93	104
80	96	37	89	39	48
41	55	19	8	82	51
79	90	108	11	32	9
84	57	44	77	2	79
94	44	26	62	83	27
2	57	19	29	29	44
57	66	27	105	55	96
53	109	46	110	44	115
56	118	1	52	63	40
77	116	83	31	31	94
76	33	42	4	6	104
19	25	90	70	110	101
17	23	58	11	11	101
85	10	101	59	35	69
58	4	81	62	73	71
47	117	33	99	116	99
29	10	4	39	112	88
24	108	95	33	9	12
8	42	25	76	53	94
96	22	102	12	46	21
61	71	107	59	39	97
26	43	73	18	79	85
57	55	40	92	62	77
36	23	9	67	64	42
56	99	115	37	33	73
63	51	18	117	101	88
87	73	7	50	8	52
62	65	23	83	11	53
82	19	45	63	10	41
47	96	42	62	105	50
55	9	83	85	59	2
120	63	36	38	29	120
4	39	78	6	21	49
50	17	26	68	115	52
98	44	7	19	11	71
7	60	57	7	64	33
45	65	93	102	33	4
83	16	68	115	31	77
77	46	78	82	98	114
44	116	64	81	93	52
69	58	46	2	94	42
102	78	91	74	16	83
35	107	93	114	5	5
96	91	71	18	87	91
111	5	43	28	77	53
51	119	22	82	98	57
80	23	90	112	77	119
67	38	76	74	64	87
101	109	30	68	97	30
27	63	49	86	97	7
108	34	109	110	64	54
40	7	111	4	46	6
60	81	41	4	95	104
17	111	80	5	24	64
11	84	57	31	60	76
3	88	105	52	1	62
29	78	49	19	18	4
98	55	2	40	23	65
78	11	33	83	96	46
103	94	48	116	97	28
14	64	19	79	62	119
94	80	67	111	62	50
39	17	106	53	5	61
110	12	34	116	58	19
61	1	30	109	17	65
93	96	29	48	80	120
55	104	61	78	50	115
23	85	103	32	77	97
55	28	115	82	19	1
107	66	79	83	40	104
20	66	87	1	29	28
5	56	80	7	41	44
68	90	31	33	80	120
70	50	51	101	27	117
41	118	77	49	76	72
49	77	52	85	79	116
42	12	99	15	34	45
114	35	20	4	52	69
10	96	80	79	101	101
55	104	105	105	38	57
101	72	79	20	37	115
110	62	84	87	51	40
31	30	32	44	112	70
35	54	52	54	5	66
39	19	102	55	1	101
3	52	86	26	26	40
54	54	15	22	36	65
29	54	71	43	41	89
3	87	98	68	13	12
48	91	110	14	13	22
40	89	95	104	82	114
84	66	52	111	35	57
72	91	66	93	30	82
21	55	33	98	41	22
48	34	97	83	63	61
33	23	22	90	44	14
89	108	5	21	60	95
64	89	102	94	17	28
27	85	33	46	27	43
32	47	81	79	33	120
37	69	2	119	92	92
94	52	55	107	57	16
48	102	11	82	99	111
13	9	60	27	46	80
86	101	107	56	10	59
74	35	37	116	3	56
30	105	56	12	109	53
81	82	95	83	76	119
56	61	120	82	66	109
71	55	14	22	1	117
30	59	96	48	53	28
61	59	74	71	7	96
87	4	92	8	26	92
41	84	45	11	12	94
111	50	113	60	55	32
75	34	5	25	67	11
9	49	84	45	2	83
12	6	42	87	10	55
74	45	77	67	31	105
36	42	96	92	64	98
33	83	8	57	102	31
83	5	46	42	89	94
64	68	78	106	83	41
20	60	26	33	12	42
59	116	103	16	7	88
95	15	29	104	54	50
90	26	51	17	114	15
9	13	112	68	23	76
87	8	105	23	24	64
56	64	40	37	28	86
8	118	86	28	55	1
74	30	21	47	46	3
22	88	85	105	44	71
89	60	5	70	13	42
71	104	75	28	67	88
50	104	32	115	53	13
85	112	93	115	14	48
107	35	106	31	94	28
91	119	109	88	28	35
42	77	76	55	106	87
12	105	28	69	105	110
18	23	103	53	39	81
6	3	101	32	66	108
112	101	11	83	100	67
87	34	32	90	99	37
81	75	103	47	46	84
30	77	116	118	9	4
49	93	77	92	111	114
78	101	89	68	98	95
41	60	94	91	89	68
91	44	44	116	103	29
38	103	39	16	30	4
33	52	72	26	80	9
113	52	97	120	92	4
93	67	105	62	119	120
71	14	47	94	93	114
1	107	108	84	82	80
91	82	1	15	11	49
116	61	21	6	15	53
23	116	103	107	51	89
71	79	18	38	16	77
56	108	74	113	70	47
109	3	8	13	84	37
78	113	44	103	119	13
81	48	45	85	30	105
92	59	95	108	89	47
11	56	51	81	110	21
98	81	47	68	79	87
68	88	3	81	88	44
94	20	6	116	11	47
47	37	75	35	45	98
3	119	71	73	118	28
101	79	114	27	4	115
11	50	76	72	33	67
85	79	89	63	44	61
56	74	75	42	16	101
43	51	92	62	64	17
21	9	58	12	109	50
3	99	3	90	34	71
117	87	29	27	33	68
21	101	66	95	118	23
3	86	100	3	45	93
119	70	103	65	33	57
105	111	56	110	60	33
118	34	95	5	38	64
40	93	74	68	96	104
11	53	49	23	72	42
25	73	72	35	50	17
72	41	47	21	67	2
73	8	101	27	105	97
78	67	48	30	25	4
37	99	94	4	33	6
87	9	114	30	3	105
77	95	39	86	54	28
7	35	9	35	106	51
74	73	24	85	86	114
65	27	1	88	30	12
37	5	4	89	51	108
84	117	84	118	27	52
70	102	79	44	40	68
99	37	34	80	72	28
56	21	1	79	65	16
54	5	74	67	34	105
45	25	11	46	94	56
32	119	39	3	2	101
8	52	20	17	17	43
39	41	97	109	92	80
78	16	84	93	45	15
70	77	68	103	10	100
28	54	46	39	7	104
102	41	6	62	100	33
118	84	15	41	16	87
56	11	89	63	25	66
56	47	120	73	79	93
1	100	34	11	65	16
69	77	43	18	53	71
63	18	68	74	11	55
82	37	14	73	99	89
22	3	42	117	38	72
82	85	1	37	3	3
72	118	60	36	6	103
112	18	62	117	83	72
18	20	71	40	69	87
5	57	44	114	110	105
67	112	39	115	42	22
44	104	41	82	118	75
101	111	85	11	64	4
47	91	110	13	92	64
22	13	5	21	36	38
73	107	83	52	22	81
120	48	16	110	51	107
98	45	59	88	41	106
109	119	8	91	99	44
24	21	6	58	75	59
101	9	6	26	101	59
104	57	116	89	120	62
89	52	116	50	74	21
104	39	42	80	5	78
15	115	31	103	85	24
118	24	73	108	91	3
57	66	13	110	60	82
101	115	8	40	17	14
4	49	28	8	7	109
18	117	44	77	78	17
48	15	63	5	96	55
32	37	29	80	117	4
51	87	104	97	109	12
6	61	28	118	118	51
70	83	107	108	20	72
21	84	54	60	61	79
72	27	66	35	6	94
23	100	66	26	18	105
114	92	84	15	115	65
2	3	111	88	18	34
18	9	115	96	54	55
68	18	114	56	5	5
77	42	84	89	90	27
57	51	50	75	71	84
8	99	34	103	73	20
82	114	63	76	111	10
54	76	14	112	94	22
110	80	49	65	29	94
1	113	83	5	54	40
86	90	100	4	38	76
96	59	67	78	11	38
75	6	47	69	24	16
77	88	21	89	116	68
117	10	100	37	100	67
6	71	33	28	70	65
14	64	60	70	115	58
112	47	41	29	77	99
48	6	95	72	78	105
21	17	68	11	77	13
42	99	71	30	119	10
111	96	73	51	110	78
24	40	84	40	12	8
23	11	119	41	104	88
7	11	23	110	75	3
84	102	77	112	71	77
77	119	61	80	115	105
92	115	55	95	57	94
14	89	99	83	57	2
71	41	14	11	66	92
109	56	75	62	44	66
106	24	110	53	45	39
118	3	90	52	37	30
22	35	15	10	30	84
3	95	96	120	39	90
93	81	37	106	77	91
82	61	11	120	52	71
110	97	29	48	96	36
88	18	119	56	23	69
111	105	83	100	20	103
37	63	14	38	76	50
117	99	67	54	102	75
30	80	36	65	61	71
64	38	14	4	115	107
114	37	52	119	24	11
88	99	27	53	113	94
20	82	119	79	92	61
108	25	95	81	93	77
8	75	42	68	72	43
24	71	62	5	88	55
118	2	29	33	54	55
104	95	61	93	2	63
77	51	23	43	43	74
75	52	101	71	76	97
69	99	32	70	89	93
82	91	74	66	110	46
81	67	68	43	28	22
10	24	76	81	6	46
8	46	2	45	99	7
82	86	28	25	42	111
28	31	106	105	96	120
58	76	74	11	78	17
79	120	19	53	120	120
9	27	38	59	47	29
51	72	62	23	100	116
119	94	82	88	10	103
55	75	115	55	54	78
68	62	78	9	16	41
85	21	13	28	9	36
11	70	111	57	9	2
88	21	91	68	117	58
112	70	92	54	88	88
22	19	35	101	2	90
58	60	4	80	101	115
93	49	108	92	89	20
32	26	104	105	15	78
22	20	28	38	28	59
43	54	12	1	103	119
42	87	2	72	90	69
23	63	15	67	13	114
34	11	119	73	88	102
96	67	62	51	37	85
21	55	100	44	100	67
1	48	77	13	99	52
104	87	108	115	105	107
71	58	29	74	119	95
110	80	84	117	94	27
31	100	24	24	72	27
16	61	2	102	21	73
37	64	9	117	64	73
86	103	10	110	15	73
54	20	62	25	100	27
97	120	37	2	78	33
16	99	112	63	73	94
73	3	92	4	57	73
68	100	100	29	38	23
72	85	3	21	65	13
103	99	7	58	20	54
40	44	50	82	37	76
91	110	27	66	112	56
120	117	46	37	95	52
69	107	99	116	20	15
51	90	25	99	95	64
68	88	34	115	71	40
10	6	73	1	110	117
1	10	54	112	114	117
27	73	34	65	57	68
101	113	96	59	69	11
87	86	43	74	44	106
3	56	91	76	27	12
114	98	84	33	41	98
37	12	41	81	109	63
72	87	7	51	33	41
2	13	90	102	54	92
3	56	26	36	35	87
105	34	6	48	39	119
61	99	17	40	83	63
14	64	69	17	62	117
71	67	8	73	68	64
94	108	111	104	110	110
12	56	118	3	92	60
24	116	20	87	1	67
32	81	76	40	57	49
79	33	114	28	60	83
119	54	104	91	48	38
3	6	9	112	12	88
64	97	66	46	30	33
76	94	72	25	4	92
31	93	108	52	103	29
69	26	117	101	97	90
44	49	58	61	88	119
71	32	22	101	97	89
114	53	81	52	11	49
116	3	76	23	109	45
115	19	9	64	30	12
87	78	72	68	87	55
29	99	32	83	48	113
17	98	108	100	6	26
74	111	50	47	58	54
24	51	98	13	14	76
17	7	47	4	102	2
8	33	61	49	2	88
99	119	58	103	67	82
87	30	108	77	74	45
96	92	42	87	27	90
71	30	70	90	9	69
80	8	46	93	29	50
25	70	104	46	57	55
65	108	117	111	77	87
109	95	79	94	63	48
39	95	106	54	49	36
67	109	119	90	28	108
118	111	99	11	27	39
78	62	60	57	90	71
106	100	94	105	113	94
3	26	67	99	9	66
44	115	6	38	103	101
30	64	88	87	68	105
65	64	92	60	40	92
85	84	29	115	59	44
7	97	81	104	65	106
107	68	110	51	106	82
112	120	15	42	36	52
62	29	62	41	90	62
39	90	81	48	25	67
114	82	2	69	101	67
76	102	100	17	92	110
42	67	38	30	35	80
21	21	57	100	67	40
32	5	70	6	30	66
92	23	104	119	117	89
3	110	84	79	67	111
82	8	29	40	42	76
6	69	36	42	117	101
101	42	67	51	11	55
28	89	29	51	119	116
56	2	10	55	78	6
78	7	34	52	31	8
106	5	96	50	50	98
87	104	5	61	40	17
21	26	18	8	10	111
29	18	86	88	64	109
21	71	8	32	108	16
4	13	112	115	43	50
56	14	81	72	68	19
13	4	108	99	56	92
33	8	90	120	101	18
3	40	42	82	92	24
69	98	99	33	5	85
83	31	33	58	56	64
10	47	58	87	91	116
111	52	62	11	56	21
7	65	25	109	43	37
8	76	68	62	64	55
50	17	26	72	78	4
16	77	79	90	85	103
33	115	88	68	44	96
59	34	97	14	58	63
75	108	67	97	81	120
25	73	40	11	116	16
99	112	30	52	54	114
89	53	102	12	10	37
101	34	94	101	27	7
54	120	65	69	74	24
113	47	3	87	119	40
101	111	90	102	110	37
9	103	59	105	6	52
57	90	47	38	63	118
44	62	53	8	16	74
33	42	52	27	56	55
44	50	47	6	101	53
6	62	51	23	40	79
75	25	38	104	107	32
94	49	112	114	46	15
48	15	112	74	120	88
42	30	17	71	57	111
52	7	37	100	19	73
119	50	43	23	58	48
20	23	14	114	30	51
26	65	37	44	29	26
65	108	68	38	113	22
20	104	17	103	48	77
6	96	72	57	93	72
62	48	102	44	101	50
102	102	85	61	80	35
100	19	69	26	36	88
76	52	16	111	70	43
91	102	104	16	68	104
94	97	3	53	120	60
40	63	38	3	63	32
66	37	40	49	38	67
93	69	24	64	116	11
70	109	84	59	42	24
38	15	84	62	16	8
107	19	27	92	71	49
116	35	42	32	69	29
59	35	119	99	63	75
86	87	8	40	112	113
2	110	19	58	109	68
69	82	16	47	108	13
78	116	48	62	102	87
7	27	116	97	7	78
78	51	31	105	42	58
101	11	105	10	103	96
36	77	108	90	6	98
14	88	24	61	72	54
30	66	106	72	79	102
47	91	112	85	67	53
72	45	47	119	68	92
18	82	39	73	101	42
107	108	50	114	85	50
110	108	36	59	75	34
120	42	71	65	49	6
91	104	57	36	14	57
60	2	96	113	32	34
114	84	74	99	108	85
105	45	52	90	17	21
92	17	109	6	83	104
45	112	105	35	93	75
86	108	38	3	62	111
90	118	98	35	68	8
10	79	10	75	120	75
27	1	59	22	119	107
22	63	38	84	102	37
60	67	35	106	114	50
2	20	30	117	43	54
32	78	83	28	120	85
109	80	85	24	12	78
42	94	117	69	78	24
38	48	72	107	86	41
83	95	27	12	53	78
45	30	62	89	24	77
80	76	39	41	3	118
5	39	61	18	67	88
40	5	80	102	60	21
118	104	12	49	50	94
57	110	27	91	90	112
36	107	98	14	22	108
76	37	78	39	89	36
74	66	64	6	79	26
49	111	30	91	82	72
95	108	74	59	49	78
68	114	27	43	66	4
103	34	13	114	117	17
8	111	10	112	63	85
38	24	10	76	87	51
16	116	59	77	48	58
29	55	48	80	10	63
68	18	32	111	51	101
22	33	39	115	104	32
59	54	88	89	73	102
11	76	104	81	30	98
8	26	15	118	67	2
10	76	45	50	119	16
33	5	61	14	49	58
99	24	102	4	15	24
49	70	111	24	49	56
2	112	49	44	66	118
90	81	105	64	112	100
100	13	10	43	83	59
6	88	119	8	57	20
74	77	58	86	45	13
66	71	59	114	82	23
1	120	117	62	26	41
37	81	110	91	96	76
66	25	43	4	15	53
18	71	51	16	101	27
20	109	111	82	95	47
104	63	36	24	41	36
56	85	54	39	62	109
2	14	67	47	45	21
21	117	13	61	3	2
53	71	30	42	30	11
79	115	108	42	100	55
72	119	119	53	7	59
79	31	33	68	47	52
96	101	18	29	101	106
72	32	81	93	9	63
33	84	84	73	81	53
76	56	4	29	34	109
13	88	120	55	83	39
7	9	29	2	31	60
5	23	24	55	38	76
50	31	63	42	51	29
105	79	77	56	6	81
20	22	41	42	17	38
56	15	32	11	75	51
41	97	41	37	112	71
118	77	61	19	90	20
111	2	109	4	111	96
3	33	36	26	39	80
3	107	8	79	89	20
67	108	84	37	3	120
70	53	18	112	107	56
77	91	17	116	3	98
82	40	58	35	43	16
75	27	39	79	28	63
103	108	71	52	15	23
30	48	66	15	8	72
29	63	81	59	112	44
94	117	26	41	46	38
50	47	32	113	57	68
14	116	110	27	77	8
84	48	37	79	74	37
44	6	37	97	9	66
101	34	52	34	30	91
21	99	17	47	109	17
7	12	45	108	62	68
120	109	56	34	23	55
106	5	88	24	78	50
5	7	94	46	20	17
30	107	27	56	22	60
30	94	88	54	81	107
1	82	80	100	108	84
35	107	25	82	59	78
57	73	2	66	53	105
57	26	98	73	46	111
11	94	78	9	56	34
39	55	45	103	87	79
91	30	120	33	70	78
30	26	9	105	53	71
35	111	47	101	66	53
96	40	63	43	101	114
83	14	103	28	110	119
45	68	42	69	115	102
100	101	28	36	37	63
19	115	8	100	116	101
20	54	60	29	74	48
20	65	84	82	53	91
91	55	36	78	103	73
68	119	4	25	95	115
78	9	118	20	25	77
85	11	35	89	98	2
18	81	10	33	116	57
112	30	73	30	116	69
87	33	43	97	112	110
52	15	41	117	39	94
65	22	75	74	75	53
24	32	33	30	9	63
120	108	107	108	5	80
34	49	106	77	29	80
40	117	105	89	49	10
9	54	15	1	87	118
19	63	68	12	41	82
58	78	43	39	56	105
29	74	58	78	41	2
47	61	26	5	71	89
20	57	109	112	15	101
117	59	30	3	97	35
96	17	32	106	104	21
46	15	65	97	2	104
96	113	48	92	95	106
54	17	82	104	31	20
10	21	9	84	26	84
66	4	80	92	49	4
28	56	114	18	16	10
109	17	15	118	83	105
38	117	114	30	107	79
1	57	12	91	36	50
108	106	29	32	51	25
26	82	86	3	27	101
59	97	36	100	91	57
9	115	89	107	79	109
92	96	108	27	5	85
29	78	84	110	46	16
107	12	81	113	37	36
82	9	88	85	120	53
35	43	118	56	88	58
30	96	118	74	27	13
11	5	110	58	55	101
95	55	10	89	101	68
47	16	2	77	88	90
24	42	8	103	30	94
91	111	12	31	6	72
44	100	84	28	59	43
101	12	57	43	95	115
13	27	116	61	101	63
30	10	103	115	69	53
48	43	40	51	120	99
44	75	65	24	43	6
81	23	67	48	22	57
48	46	85	91	59	14
36	114	104	52	47	85
46	109	84	15	22	70
119	10	34	41	119	39
86	93	93	72	115	110
62	3	30	87	76	44
112	60	72	24	113	89
43	46	113	80	61	109
12	43	70	114	112	55
5	93	14	78	110	69
56	47	32	86	116	31
95	74	42	16	81	46
38	111	4	79	35	77
13	47	84	53	88	9
39	13	78	96	7	48
27	80	42	4	82	44
96	67	91	44	25	54
84	76	94	73	42	85
17	24	74	2	101	33
47	79	23	116	1	87
104	5	34	61	48	5
76	93	46	34	106	89
6	79	25	119	78	66
82	18	43	98	29	36
51	21	67	101	70	23
11	56	15	5	34	100
107	49	40	5	97	118
68	65	83	32	33	25
35	85	19	77	5	97
15	113	98	96	73	120
96	110	18	115	87	21
103	119	17	89	66	63
117	16	40	108	78	25
52	87	54	9	71	28
29	75	55	96	110	33
32	47	71	70	110	15
112	51	61	88	72	112
94	34	73	40	68	118
20	52	54	25	101	42
2	64	58	107	93	31
104	15	64	34	92	63
115	5	115	118	24	23
57	1	60	2	47	119
70	69	116	112	110	43
42	72	52	91	81	4
78	24	51	39	46	112
119	72	85	80	63	16
36	38	21	69	72	36
47	101	13	82	58	17
50	116	77	22	30	85
73	115	9	81	105	55
14	82	23	93	78	32
15	88	33	30	39	22
110	22	117	9	25	74
18	30	117	114	69	23
72	41	116	61	58	36
83	9	45	25	71	55
78	35	8	120	18	88
34	42	46	22	15	114
107	71	28	61	8	31
17	1	48	77	90	6
52	48	113	73	95	74
2	4	11	28	102	67
51	79	23	108	44	40
28	5	102	53	83	57
26	40	84	117	48	10
91	57	28	77	69	82
39	38	92	51	102	84
79	103	69	42	38	62
22	80	11	91	72	81
98	19	91	105	111	53
106	13	73	13	67	119
99	95	53	60	100	73
104	81	80	36	26	29
38	95	36	35	3	12
117	59	34	86	30	108
17	51	20	26	69	83
105	24	10	106	8	37
70	2	36	82	40	97
89	25	28	65	81	69
90	112	26	81	105	38
114	85	113	105	113	1
116	15	97	71	119	52
4	104	10	102	34	1
44	52	49	60	67	51
65	87	41	103	80	40
108	51	1	14	83	5
109	94	88	65	111	68
119	30	10	43	37	72
75	56	32	69	82	103
56	48	95	81	86	38
91	104	71	44	112	102
31	20	9	30	98	41
17	80	47	25	46	110
53	39	106	108	28	97
10	11	12	80	117	79
20	7	7	69	24	33
63	39	116	39	83	81
63	19	40	104	46	44
88	36	45	115	13	59
70	67	19	100	35	114
37	80	20	110	30	66
71	36	31	4	78	41
7	6	88	83	99	32
26	66	36	118	68	57
109	120	72	62	112	46
15	48	45	70	101	94
54	75	55	107	74	40
102	38	10	22	120	14
89	78	40	6	79	95
98	112	45	50	77	85
53	13	98	102	59	29
57	92	22	36	52	24
61	79	74	47	71	78
30	23	66	65	116	58
78	38	68	94	56	102
70	100	51	93	79	88
19	110	20	39	31	87
28	9	5	97	75	95
55	70	11	50	50	78
106	78	116	16	23	51
1	77	46	103	3	74
52	80	37	63	42	92
118	56	72	25	86	117
62	67	30	88	85	96
94	86	93	114	3	86
40	46	79	13	53	51
104	21	7	6	85	14
86	41	16	113	24	46
97	102	76	2	69	48
72	84	67	34	67	42
43	117	47	82	104	68
110	23	26	85	23	113
101	48	20	24	56	71
60	70	104	88	97	1
9	71	115	15	43	35
57	98	39	13	32	67
21	32	10	12	23	91
67	111	18	114	64	97
85	29	79	75	8	7
94	11	4	107	27	35
93	12	70	88	26	27
86	19	34	38	83	56
44	37	59	39	32	109
29	67	31	86	58	116
31	10	27	59	4	23
102	33	50	25	55	75
70	83	13	31	43	48
115	118	113	40	69	60
29	97	77	38	69	70
22	55	32	10	61	29
31	69	115	6	73	115
18	44	100	107	111	4
50	96	101	24	37	102
21	28	31	11	48	95
47	19	97	18	36	53
85	71	105	56	11	20
69	82	25	37	76	83
26	32	68	13	58	97
120	81	86	57	80	49
16	64	44	87	116	60
14	87	74	4	74	116
95	3	93	75	99	72
105	71	116	47	15	57
18	81	120	44	25	71
20	28	111	99	31	116
61	57	101	74	70	77
10	62	27	100	77	59
55	28	35	1	40	118
45	50	93	43	96	70
87	52	105	36	95	120
69	67	43	38	12	53
71	64	25	16	100	80
70	26	18	103	28	73
67	78	8	66	15	59
8	58	93	39	96	5
119	82	105	59	108	106
112	30	50	68	90	59
97	99	1	8	71	94
99	39	47	83	103	59
26	85	70	18	112	47
81	60	57	105	34	92
37	18	19	99	11	117
100	52	85	92	99	64
11	1	25	114	42	70
63	68	49	29	13	100
70	24	42	32	19	66
27	75	60	77	82	48
79	82	96	77	17	23
29	112	76	76	104	38
88	53	101	96	109	56
49	117	21	64	51	1
75	83	72	73	52	101
74	103	9	17	62	39
37	67	62	85	79	18
69	84	55	26	87	70
16	95	38	100	31	68
110	32	62	104	5	29
57	62	67	69	11	70
115	19	6	48	77	110
40	59	79	38	111	41
81	107	45	25	25	89
72	37	34	44	81	6
17	99	65	28	42	41
78	99	1	35	109	19
118	47	97	22	46	62
102	117	111	108	117	33
43	26	96	72	61	90
80	15	81	61	67	44
65	67	64	49	5	53
110	1	61	7	57	94
79	110	84	14	22	76
45	109	104	89	61	23
88	30	95	61	93	68
34	34	51	108	68	88
61	56	16	120	15	88
100	70	37	1	22	97
83	101	41	120	59	42
52	85	103	119	44	3
25	49	74	70	119	84
42	23	12	46	55	57
67	89	74	33	22	34
46	84	23	69	78	34
66	89	101	25	96	79
84	21	83	92	102	51
23	66	115	120	14	16
78	1	63	26	113	22
115	22	34	42	98	90
78	5	17	63	102	71
70	94	95	69	76	56
67	52	12	71	32	24
14	5	105	13	18	59
93	74	47	98	113	103
104	95	17	62	60	71
85	7	7	67	112	114
42	60	112	26	30	29
101	76	58	61	94	4
34	58	14	25	116	97
106	4	66	25	21	39
10	9	66	10	87	98
53	116	16	68	112	17
65	84	40	80	104	45
71	79	114	98	22	29
57	105	18	114	71	118
17	1	115	3	62	44
2	65	56	103	101	37
55	4	60	68	83	120
104	102	21	77	33	40
48	10	74	79	58	21
29	66	108	37	73	13
101	51	34	105	34	19
76	31	11	108	91	24
104	113	29	108	106	42
24	8	113	19	63	41
32	39	102	91	44	56
9	112	30	2	91	87
10	1	35	4	68	115
109	87	41	8	100	15
51	41	11	24	43	2
57	17	100	22	29	87
20	30	11	89	99	48
42	61	28	28	37	45
98	40	96	113	75	55
34	23	57	62	89	36
114	72	94	115	66	49
81	20	39	105	70	8
56	64	67	101	58	80
81	25	47	74	39	31
118	15	85	88	95	120
106	20	22	70	18	101
119	26	64	66	25	42
110	52	11	70	69	3
68	2	10	21	19	23
96	113	58	1	106	77
24	19	1	16	40	38
68	26	97	50	71	120
26	47	18	39	28	89
57	19	4	43	77	99
2	97	53	116	95	50
82	26	36	78	79	68
36	82	44	11	112	65
50	1	19	17	31	113
3	70	98	11	32	93
105	48	29	70	65	66
25	77	86	108	37	39
99	55	28	75	99	92
56	47	39	72	26	95
96	111	53	25	57	13
18	68	30	90	25	65
34	39	5	34	30	70
72	46	17	52	80	39
44	3	116	109	3	11
53	62	46	83	56	110
72	81	63	21	87	52
67	42	80	56	42	27
35	27	25	47	29	94
97	100	45	107	88	43
88	48	86	14	33	49
75	57	13	66	8	31
15	8	29	110	38	24
16	58	67	109	112	39
47	20	47	109	91	85
93	49	99	53	20	34
30	45	111	102	7	23
85	114	13	24	109	8
73	95	71	60	110	63
94	69	64	52	23	95
23	26	56	118	75	72
113	116	95	53	56	1
15	59	55	77	93	31
102	56	73	85	59	6
4	77	77	53	38	46
64	83	83	65	43	75
69	43	80	107	109	20
70	98	59	41	11	76
104	27	106	76	30	14
35	48	107	46	11	84
70	94	23	24	114	119
66	109	102	6	39	40
105	81	102	53	23	14
103	101	66	7	18	90
45	47	92	85	45	106
30	100	33	24	37	25
116	16	101	31	1	23
83	98	24	62	69	87
65	24	113	118	115	67
112	102	56	63	91	68
27	48	110	54	73	37
24	112	71	100	115	58
26	93	59	54	100	27
105	52	80	27	106	34
66	99	5	17	90	80
40	71	50	83	95	4
106	11	66	45	61	17
39	56	54	44	19	74
30	8	116	1	16	48
66	15	53	47	42	80
13	18	113	56	25	68
109	37	75	13	63	28
57	39	103	31	80	5
41	21	72	46	75	37
33	1	5	3	27	26
118	52	110	19	75	4
112	46	23	68	62	5
19	4	30	83	82	21
75	78	110	85	48	76
38	87	12	111	9	71
68	58	42	94	97	67
42	106	38	83	79	9
9	107	28	86	22	18
63	105	95	35	5	120
75	31	104	25	54	98
90	37	45	91	70	57
104	102	66	71	37	90
9	109	80	98	41	77
66	22	2	31	98	105
67	70	62	11	36	36
114	111	17	89	27	79
34	110	74	3	28	10
77	29	8	80	16	73
109	81	1	76	8	39
104	34	17	75	54	38
6	17	72	36	54	33
87	55	71	9	74	39
82	9	90	85	34	5
79	35	107	5	93	44
10	119	14	54	113	91
81	35	85	4	117	38
29	88	87	3	103	105
21	19	56	109	99	88
18	79	70	29	51	47
119	13	18	83	30	103
31	96	9	52	98	43
32	51	80	21	42	119
118	90	89	9	49	1
50	98	102	21	81	83
104	12	49	38	17	71
4	111	57	55	43	39
60	23	59	28	25	117
109	52	37	48	39	66
64	92	120	14	114	96
7	88	55	64	10	14
78	51	11	10	108	48
95	60	81	23	11	25
77	5	9	35	9	33
111	87	22	4	1	54
111	44	15	64	85	109
104	3	72	34	80	98
24	117	80	13	35	44
39	42	113	83	63	49
36	106	52	41	23	26
119	14	16	54	87	93
115	90	43	29	60	89
83	88	26	80	106	3
104	116	56	48	44	89
113	21	17	27	104	100
83	57	91	35	108	58
93	22	108	25	117	81
44	13	63	85	63	100
23	8	113	43	50	62
18	45	60	3	54	59
111	34	97	59	82	17
13	106	25	41	120	24
46	55	116	67	120	50
106	64	63	58	55	117
35	53	66	20	14	39
52	94	54	92	114	11
38	36	88	40	116	26
26	93	63	99	45	73
46	37	57	115	46	104
96	86	96	91	97	120
85	6	65	29	82	17
19	89	30	109	96	92
41	112	76	113	44	82
78	116	64	90	57	27
85	71	39	52	41	101
2	2	29	67	69	108
92	94	115	85	42	115
23	74	43	104	14	79
29	38	81	1	19	106
79	116	12	3	27	48
55	29	111	37	117	106
1	19	113	47	101	105
13	21	67	72	81	8
101	53	17	48	79	106
105	10	19	60	14	7
78	7	27	114	76	31
48	92	8	113	24	92
51	4	89	114	52	44
23	16	103	75	16	23
98	81	100	43	58	22
54	76	53	109	32	103
45	44	86	22	40	102
28	108	35	56	120	102
115	99	32	49	4	52
117	32	58	24	81	95
50	83	22	61	82	103
72	21	91	27	39	34
112	111	45	3	80	55
118	95	110	17	11	86
59	23	107	33	50	42
112	61	80	64	17	91
109	21	51	8	77	3
86	3	112	57	47	110
118	77	94	31	4	25
75	16	25	40	19	41
120	23	100	96	16	59
44	16	63	52	85	31
54	14	110	40	57	49
57	49	81	41	14	33
16	37	100	119	19	59
54	14	26	72	36	25
34	89	96	26	88	52
105	19	42	88	82	67
1	52	1	66	41	101
42	2	45	119	41	93
78	20	31	35	15	102
43	24	114	51	15	120
116	118	61	102	59	93
117	101	34	84	83	99
3	52	27	31	107	44
21	24	84	25	70	81
73	120	47	80	42	85
82	11	76	1	67	110
44	3	50	41	57	6
40	80	83	66	78	88
4	56	84	103	84	61
41	70	30	82	69	59
5	76	106	90	71	27
44	9	57	99	67	109
81	54	11	88	21	43
70	16	72	93	47	4
94	55	118	96	37	77
3	30	9	86	35	39
67	36	109	82	13	88
24	37	8	80	116	41
11	57	40	18	40	68
60	52	50	82	113	118
91	36	11	100	117	29
33	49	44	75	104	74
86	9	68	87	34	120
102	10	36	4	91	77
65	72	88	99	60	94
6	108	48	37	50	11
101	90	66	8	84	99
26	84	47	9	15	22
63	33	91	20	11	70
41	79	18	79	114	41
58	115	108	32	8	48
83	120	5	23	92	5
15	8	117	51	46	36
72	93	17	13	117	87
90	26	115	45	44	91
6	25	119	108	75	32
5	41	57	86	51	66
19	117	98	5	28	67
48	4	72	59	42	100
61	90	63	86	91	3
27	38	82	86	104	68
36	114	103	6	48	42
84	8	63	22	111	109
90	84	17	106	120	63
37	111	50	103	120	51
68	99	92	112	33	36
10	25	5	59	44	88
6	45	59	102	105	10
11	8	82	86	101	73
40	66	46	104	26	18
95	118	21	41	106	73
94	72	56	59	48	19
71	38	9	41	105	5
97	63	119	73	50	120
40	96	103	53	44	31
113	115	100	75	109	19
1	120	18	113	14	106
104	104	11	90	51	119
72	62	30	78	32	30
96	88	69	68	104	58
98	106	105	7	13	44
33	31	69	34	26	33
27	37	52	114	77	59
88	118	79	20	105	27
12	50	26	63	100	57
79	46	102	114	86	40
55	84	1	87	79	75
112	40	31	47	91	78
95	114	82	78	109	102
75	113	106	1	83	23
87	115	41	13	105	9
42	92	120	112	33	74
45	109	47	27	92	75
36	25	104	24	97	87
46	59	70	25	116	40
22	62	8	31	27	72
62	63	64	18	69	105
26	119	48	115	25	18
96	10	32	84	47	108
80	59	25	47	98	103
10	71	104	66	84	92
43	33	15	105	27	26
63	107	79	37	92	82
78	68	72	70	40	11
13	65	79	19	100	26
68	118	34	14	56	94
31	21	28	40	31	85
14	14	26	36	3	90
41	18	6	17	15	30
11	93	34	50	7	45
100	35	115	94	23	41
27	74	110	51	12	31
71	71	43	69	38	27
31	81	57	13	114	37
41	51	13	12	59	9
34	115	20	20	69	18
57	97	68	113	62	46
77	77	26	104	119	21
9	49	87	30	32	75
65	109	35	101	109	32
84	49	12	5	102	29
116	47	2	85	5	63
49	10	40	60	10	61
89	119	112	23	88	72
44	74	75	86	66	31
87	7	87	11	24	46
59	48	80	66	19	71
20	51	41	73	35	39
90	109	5	55	12	4
67	113	33	17	116	89
116	7	59	49	57	54
43	117	92	48	58	74
54	63	25	81	2	3
100	5	112	71	11	53
20	18	107	60	113	14
46	34	67	101	49	78
46	93	1	15	62	21
24	70	24	61	114	101
41	93	36	47	77	112
75	103	74	87	98	66
8	11	4	45	51	75
51	43	22	50	79	120
99	96	37	36	48	75
55	30	14	89	107	86
33	117	24	43	42	31
119	111	50	40	29	77
24	24	73	112	37	93
41	19	114	100	101	57
56	82	58	70	62	35
76	39	72	88	25	46
85	109	12	69	92	34
25	72	112	50	105	108
19	42	50	120	87	34
76	42	87	14	6	20
53	55	111	110	50	120
47	22	112	109	53	120
15	4	46	109	32	57
86	15	64	76	88	51
52	68	83	7	107	54
42	111	11	120	45	74
95	108	88	10	58	115
95	42	28	112	97	106
69	68	43	111	71	120
60	47	14	101	28	111
28	43	53	39	13	98
39	27	40	38	106	8
42	66	12	62	78	54
24	15	116	40	8	81
28	114	96	35	51	47
18	92	25	55	64	45
39	21	117	53	57	54
96	68	77	100	80	27
62	114	99	59	13	51
96	99	35	33	50	66
13	60	20	11	120	51
56	105	112	21	7	48
113	61	43	110	115	114
81	60	72	32	59	50
33	20	61	47	29	64
10	105	29	82	85	50
55	47	108	95	89	14
112	120	11	12	50	65
119	5	54	1	57	80
31	56	4	50	57	28
30	71	31	112	72	46
61	86	55	60	106	52
64	99	47	64	50	94
23	55	118	36	110	105
59	38	25	30	51	87
4	45	66	7	89	96
86	21	4	49	114	57
110	78	49	4	31	97
65	27	87	83	79	82
8	26	90	89	99	22
35	21	37	79	20	113
61	92	40	40	16	51
50	45	17	4	100	25
72	60	115	76	95	115
92	68	39	109	27	54
17	55	17	57	67	16
24	44	79	62	64	79
64	99	17	36	93	117
103	72	32	110	66	117
4	9	111	19	69	73
44	3	88	4	46	19
3	28	33	28	21	91
19	24	9	69	19	59
104	27	68	43	37	76
66	8	42	43	35	36
89	73	111	99	24	109
119	103	100	52	42	2
62	55	93	46	14	45
33	28	2	83	89	68
15	41	87	89	52	89
120	30	37	5	48	40
49	2	65	1	27	73
116	56	119	82	9	13
48	73	76	1	42	81
15	114	94	56	18	120
90	82	84	77	95	40
101	23	56	96	75	6
40	80	104	36	61	101
44	100	55	88	62	57
109	90	14	53	69	33
36	74	71	32	117	51
61	21	4	54	64	83
44	120	64	84	90	32
78	81	107	104	65	108
6	114	60	109	67	1
64	23	90	76	41	94
59	15	22	4	14	115
64	77	13	90	39	28
7	17	99	75	86	100
83	71	101	66	107	60
14	70	46	92	96	71
41	117	75	108	106	27
65	50	38	52	93	1
114	95	97	3	4	10
12	75	111	65	58	112
41	35	23	87	74	48
118	90	61	98	1	105
74	60	115	49	15	74
59	98	69	7	73	86
52	61	88	82	32	98
102	26	9	73	104	99
17	84	72	5	65	59
14	61	80	92	120	70
5	111	29	98	15	115
56	116	87	115	50	50
71	44	97	70	14	12
76	30	118	22	63	94
88	106	41	47	74	72
105	65	14	57	109	118
12	111	119	47	99	62
95	104	45	43	45	22
7	57	4	94	92	113
119	84	59	116	14	9
27	58	114	76	93	57
50	6	50	14	30	93
101	21	12	63	109	99
100	112	74	28	3	63
28	102	65	92	110	13
104	48	61	89	67	14
103	72	22	5	39	99
91	52	58	53	120	105
5	12	1	66	116	10
81	11	50	113	27	66
20	106	21	11	100	5
4	28	104	14	55	51
86	108	52	36	118	41
15	10	95	21	7	41
108	54	11	98	77	15
117	2	84	78	83	33
28	16	82	115	85	51
37	113	16	74	31	105
109	17	102	96	93	45
103	68	73	35	30	3
102	85	79	117	51	97
91	102	103	53	29	15
86	41	111	63	73	85
41	2	22	115	36	53
79	95	88	28	76	118
75	95	101	81	21	38
38	84	17	20	104	89
79	34	67	61	63	34
108	12	65	14	41	114
89	51	109	48	9	21
86	63	22	54	23	66
48	32	104	26	79	85
46	16	92	81	73	113
96	100	14	35	33	76
89	85	81	59	60	117
11	17	17	37	61	40
70	110	6	118	10	85
40	7	87	36	75	46
117	41	57	75	47	79
8	83	41	6	61	20
90	51	82	30	37	4
8	119	42	108	18	38
14	76	56	98	110	53
94	60	112	18	119	16
103	79	55	31	107	28
91	93	93	90	37	72
30	53	24	54	72	2
27	60	23	100	107	24
26	13	56	63	11	2
59	9	107	100	101	100
37	51	51	1	2	27
29	22	91	111	11	100
34	78	99	26	103	58
36	33	37	43	88	119
119	39	83	39	17	87
82	3	57	119	81	73
52	10	48	110	61	9
78	35	75	38	40	6
111	32	103	3	9	109
94	120	81	25	89	97
83	110	111	60	95	117
27	31	58	103	120	39
79	113	91	84	89	46
21	118	63	11	97	118
104	96	86	72	109	41
32	9	109	117	104	25
14	26	11	112	33	24
4	120	15	82	58	18
95	99	86	102	45	26
17	77	79	31	92	10
102	63	14	10	7	75
90	103	73	99	34	73
54	72	108	89	49	24
1	42	6	37	98	35
40	90	93	7	107	12
79	14	56	49	60	14
21	101	21	23	106	47
14	90	72	38	72	68
85	92	40	57	47	38
7	59	112	13	29	97
72	2	76	68	81	77
65	33	115	7	77	114
102	105	91	38	116	53
10	93	4	79	90	93
48	67	116	108	51	77
116	119	105	50	24	96
87	65	58	17	3	55
68	32	63	30	50	105
29	35	113	76	8	15
103	90	52	92	76	25
112	36	120	13	4	18
34	94	98	34	41	42
63	83	44	57	86	21
102	83	63	2	67	112
110	8	28	101	111	45
54	53	72	52	23	84
70	76	97	9	30	73
94	50	21	33	11	3
2	33	116	55	90	59
72	23	9	45	6	44
53	81	15	35	33	98
26	59	51	44	92	12
12	19	39	78	89	76
16	74	6	15	89	20
61	59	90	7	98	42
61	83	79	70	58	53
57	46	59	94	51	57
107	9	30	68	117	106
39	35	81	107	37	66
12	60	15	1	9	80
51	24	14	75	23	72
72	72	49	59	82	6
68	76	109	64	12	108
120	61	100	20	73	49
1	102	23	9	100	98
21	12	77	56	56	110
113	23	46	76	88	66
52	6	27	96	67	50
20	114	14	56	7	74
117	72	42	28	86	70
2	50	40	52	72	108
36	62	87	32	34	48
82	88	57	58	84	20
11	104	36	38	55	1
106	17	70	67	49	45
38	2	65	22	53	42
88	106	27	56	7	57
13	70	112	114	79	35
29	64	95	119	45	112
47	7	31	41	73	62
77	43	40	94	114	104
87	68	74	88	67	83
13	21	42	4	53	89
21	111	45	77	95	78
73	13	19	89	117	20
100	102	68	66	74	106
99	56	71	81	99	1
17	85	76	58	110	113
32	1	18	70	47	53
62	3	27	105	63	71
69	108	98	44	10	90
24	56	109	102	15	62
88	90	28	52	12	118
69	35	69	88	50	10
14	105	98	105	45	116
6	34	6	11	112	28
98	85	95	26	65	71
114	68	14	10	59	74
118	63	26	110	39	67
60	1	33	32	18	30
61	47	2	36	27	42
23	91	61	6	120	49
52	98	45	21	66	17
109	80	41	9	40	116
74	91	115	67	103	93
50	115	55	113	3	67
66	50	89	47	100	46
63	90	36	117	41	109
97	104	17	108	59	81
21	38	111	92	76	37
85	15	117	75	54	14
75	3	106	115	8	74
64	73	112	117	50	22
45	37	77	65	99	96
120	31	6	110	119	111
58	64	60	49	100	113
107	57	86	58	115	61
58	74	46	43	41	46
99	62	59	39	13	88
73	105	69	5	7	74
106	51	21	99	65	42
53	31	100	85	27	70
108	94	48	21	70	120
109	24	108	87	48	68
67	51	65	30	19	111
92	88	109	98	18	24
55	16	64	96	84	44
62	113	81	72	5	41
104	12	75	40	92	32
18	95	73	76	4	36
118	23	103	26	20	5
109	87	91	47	25	16
20	82	94	50	11	66
91	76	33	88	1	80
28	112	36	116	109	4
116	11	61	76	70	109
71	99	42	50	120	97
89	4	117	9	82	79
111	38	88	106	12	56
96	56	120	107	102	70
50	14	109	47	64	16
49	24	119	110	105	41
42	85	107	36	57	12
111	12	35	13	47	112
87	98	50	106	84	49
60	10	8	113	27	108
94	6	79	99	110	67
46	105	38	89	106	35
117	54	10	46	28	118
3	102	19	33	7	66
70	61	59	76	10	8
41	113	4	70	52	57
44	37	9	39	116	108
1	94	38	1	24	31
76	38	13	109	108	70
114	60	96	69	41	65
95	8	70	87	98	50
107	107	1	72	30	70
38	94	100	78	88	101
79	40	57	51	90	96
17	95	112	64	96	81
57	2	12	77	71	5
46	39	118	23	73	57
48	102	86	91	23	16
27	66	29	41	103	30
95	107	67	105	41	57
60	106	83	69	99	15
90	16	53	98	69	106
70	81	89	92	74	71
43	64	22	107	55	111
93	82	51	81	87	71
91	51	118	5	25	79
86	53	119	63	66	27
55	32	57	81	2	38
114	98	50	8	63	61
38	29	35	66	93	49
69	19	49	29	72	31
69	16	46	44	85	61
88	59	80	60	20	93
74	16	42	38	103	105
34	54	34	115	20	60
79	65	58	66	58	19
15	86	77	15	24	34
34	112	78	42	16	118
46	5	71	119	57	39
67	64	107	98	42	49
66	71	9	81	73	12
85	93	37	59	82	26
69	55	65	9	34	33
31	7	37	111	5	95
3	15	92	31	112	35
75	49	47	41	119	55
101	57	81	29	31	41
32	43	21	44	26	67
16	63	92	111	80	38
22	99	115	69	88	33
43	18	112	3	113	67
94	113	3	98	116	3
2	56	7	3	109	105
58	67	66	75	32	84
85	68	58	35	88	100
16	117	115	93	28	26
47	59	77	109	99	73
28	78	23	113	20	18
55	44	33	71	92	73
10	87	98	71	83	102
30	105	63	3	106	63
112	71	25	76	23	84
3	61	57	4	54	68
102	92	46	57	26	86
68	26	10	104	99	119
26	113	83	1	29	54
4	71	94	75	31	69
37	56	72	37	94	35
7	118	96	78	73	4
13	55	90	101	51	81
98	9	66	119	81	102
52	27	61	31	4	7
42	43	114	55	51	54
59	117	118	32	41	25
75	9	117	82	103	82
21	7	98	11	34	14
49	28	77	35	48	25
94	52	55	25	8	54
78	15	82	71	96	75
21	13	116	43	114	65
3	61	19	98	75	112
66	59	73	114	75	85
101	17	114	12	49	105
45	96	67	109	26	118
107	54	63	11	86	15
59	97	100	113	81	58
64	72	87	96	117	19
103	39	115	47	44	89
50	93	47	22	114	99
32	63	45	24	44	12
90	73	89	64	14	70
26	22	106	47	6	64
72	114	57	71	37	24
24	95	5	5	48	3
44	90	51	3	44	73
90	2	32	112	111	99
23	45	31	97	47	32
32	29	29	53	26	73
100	82	46	69	14	63
99	91	106	8	39	66
109	92	41	59	104	93
9	26	42	36	106	101
102	96	111	72	11	88
83	86	40	98	39	90
4	29	52	95	7	96
45	101	65	117	34	81
80	38	42	50	51	81
9	90	23	24	106	46
39	9	108	81	80	28
30	105	104	88	83	80
64	98	74	83	120	7
18	93	42	77	6	41
23	67	30	8	90	57
93	89	116	112	68	37
33	114	116	25	101	20
115	4	36	96	84	77
33	71	37	114	97	98
61	17	106	97	72	91
32	55	37	42	101	117
105	18	88	4	11	17
29	77	19	51	75	115
44	25	116	23	73	111
117	43	110	115	50	104
64	21	83	13	17	46
8	113	89	52	110	11
78	117	58	42	16	96
48	15	1	88	3	95
14	108	104	69	89	96
14	88	68	11	75	49
90	37	119	39	81	34
24	73	62	35	19	35
76	107	73	45	96	27
26	38	96	70	10	51
62	51	68	71	111	10
95	2	15	46	95	117
8	86	74	53	35	35
11	120	55	26	68	83
32	111	104	58	19	37
62	50	4	85	113	42
95	5	70	66	80	12
2	42	73	67	66	21
48	38	11	98	33	105
44	21	97	40	3	32
17	9	72	43	29	43
22	30	69	34	42	105
21	20	56	13	47	100
61	115	82	27	21	20
117	11	106	85	39	119
52	94	13	84	84	74
48	120	14	108	107	18
29	41	86	49	29	42
49	34	74	87	119	89
118	8	64	119	97	94
30	47	44	77	42	41
77	16	109	46	30	1
116	108	29	63	59	22
15	118	66	81	17	50
93	7	44	66	111	86
18	113	119	41	73	101
33	103	27	111	17	107
45	110	101	11	105	50
61	99	83	71	33	64
11	71	102	42	6	20
115	79	45	48	97	73
73	26	62	32	45	65
10	116	22	102	87	104
50	107	76	29	8	81
42	58	41	103	12	54
115	115	4	112	1	24
48	82	103	6	63	78
73	78	69	110	72	109
68	30	32	109	14	108
94	108	79	83	37	42
41	92	42	109	50	18
117	20	42	68	107	43
80	96	50	94	111	89
79	101	31	35	57	46
94	13	67	27	33	45
110	100	50	72	84	16
69	111	11	86	19	33
84	83	113	43	27	74
55	52	3	91	25	31
72	49	30	69	120	7
80	27	57	24	29	30
97	35	97	24	6	5
37	36	43	20	59	120
111	82	9	68	4	26
91	52	115	4	6	36
12	79	88	97	106	93
74	67	108	107	37	103
9	27	34	115	117	58
17	2	83	23	71	26
21	36	22	82	100	21
86	32	37	120	4	85
87	95	95	23	14	45
79	79	116	9	118	77
52	7	41	14	106	61
98	77	111	64	109	70
2	11	74	77	9	74
111	57	17	68	23	17
90	68	73	45	39	8
31	111	41	45	14	88
113	51	45	115	23	43
77	80	27	51	108	10
27	60	108	56	99	21
24	113	76	9	15	118
45	44	102	111	44	60
23	32	43	7	22	60
34	69	98	58	84	40
61	101	49	63	97	80
90	55	1	15	30	93
25	23	114	52	66	78
85	8	84	77	100	10
85	83	67	96	12	85
69	95	103	2	36	63
62	25	61	83	26	75
21	71	30	53	22	88
55	2	30	110	112	57
81	11	113	81	38	89
92	50	14	97	19	66
11	1	34	102	10	86
113	26	115	55	59	45
120	90	61	61	80	106
106	115	16	104	111	87
66	57	99	43	82	14
80	9	11	42	22	94
70	74	101	100	77	109
102	34	74	89	117	40
8	50	103	74	25	102
111	75	87	106	66	109
102	36	15	102	72	44
101	11	82	23	58	40
74	94	91	91	91	73
33	95	120	39	50	56
112	28	6	5	106	15
112	111	93	26	9	16
59	114	87	14	113	15
3	68	47	1	11	68
84	73	101	114	8	13
34	118	80	116	24	97
65	118	80	7	93	54
49	93	38	75	50	90
17	32	50	60	103	46
26	94	7	114	23	19
64	24	77	64	114	68
98	27	1	62	41	91
7	67	97	45	25	65
103	14	60	67	87	76
68	2	65	58	96	72
91	108	60	25	45	44
8	71	96	113	89	31
60	38	73	100	74	1
87	62	11	67	42	61
17	33	75	106	105	58
112	7	120	56	65	67
97	119	95	5	76	88
89	105	43	115	84	37
89	79	61	51	7	24
71	60	120	75	54	63
7	39	101	87	48	12
22	92	83	32	78	119
61	54	2	55	19	99
72	51	2	59	7	41
38	106	87	115	101	92
38	118	86	10	100	40
23	85	33	98	55	27
117	9	29	118	96	90
76	68	45	6	86	22
7	74	95	100	42	44
111	45	55	21	41	104
76	118	90	30	21	113
83	74	28	58	2	30
57	109	75	12	54	57
97	98	83	118	50	22
29	50	16	102	17	97
45	107	68	79	53	109
119	104	80	73	98	80
114	52	73	8	103	54
78	22	114	4	39	58
100	91	71	35	42	81
6	111	11	118	95	70
13	20	34	100	65	5
11	107	45	120	21	101
108	13	71	77	7	5
23	21	6	62	61	76
20	80	52	62	75	11
1	80	87	43	66	29
59	79	119	86	45	50
80	86	11	57	87	81
68	11	79	109	58	87
84	119	78	65	11	90
93	103	81	86	78	98
109	2	83	50	30	102
107	32	120	61	48	58
81	107	44	78	26	99
39	89	78	100	58	39
23	42	52	105	18	29
85	7	119	27	104	14
98	47	116	18	38	25
116	101	86	81	57	53
110	97	24	29	78	85
65	15	88	110	89	54
65	47	61	95	96	28
52	102	61	106	77	15
95	79	27	71	78	57
74	117	3	55	5	97
102	15	46	64	1	112
85	102	39	108	116	93
92	74	48	108	49	99
8	79	106	6	60	13
51	64	4	52	44	56
22	59	73	56	67	51
48	96	25	91	56	70
11	32	117	112	91	1
21	3	10	109	80	59
111	44	62	74	110	6
50	92	85	109	77	32
22	70	30	27	117	82
99	84	44	107	83	77
3	77	15	93	110	65
34	23	103	114	109	85
52	118	16	9	6	48
40	120	30	61	97	93
24	102	39	37	93	104
113	99	43	94	22	71
38	111	102	42	72	70
15	19	1	19	106	79
74	52	24	32	100	74
6	31	70	98	16	92
45	51	71	94	17	57
35	24	85	107	2	115
16	75	56	36	18	2
18	99	45	15	107	58
118	21	61	38	7	21
30	17	40	73	4	4
84	116	87	31	32	97
32	64	33	85	66	97
101	70	102	77	79	44
90	62	115	19	91	30
119	46	9	39	48	44
19	119	19	53	51	103
77	2	44	36	52	38
51	49	67	31	66	94
78	47	25	71	65	73
18	95	70	2	108	75
3	104	28	3	55	6
97	66	64	9	69	49
38	22	67	15	17	116
65	7	62	82	27	42
70	65	94	89	120	108
29	62	83	51	40	116
54	31	89	9	117	85
100	113	10	32	23	53
73	65	58	23	5	30
26	73	119	57	71	85
97	98	18	117	67	113
99	79	104	103	49	76
62	92	108	58	54	101
37	99	77	46	12	73
106	58	46	90	96	34
43	57	57	45	62	73
17	75	115	5	35	41
89	89	9	93	14	61
117	94	117	64	11	3
44	5	88	79	64	48
97	119	43	18	80	94
36	62	102	10	45	14
15	55	35	72	44	119
51	17	31	43	40	8
9	108	86	59	94	120
50	76	36	109	62	49
101	71	73	108	69	90
87	49	73	109	39	24
72	8	36	81	119	90
51	11	72	46	24	24
36	98	23	7	50	4
51	42	103	38	94	59
5	75	19	11	113	42
64	117	81	5	8	91
94	64	82	24	57	45
37	4	74	118	65	51
28	80	29	83	66	10
100	14	62	115	16	5
51	3	20	10	68	38
53	35	66	10	57	88
12	120	54	68	55	2
116	10	34	32	5	76
42	105	100	29	1	41
86	119	19	91	27	58
95	52	80	11	68	41
29	39	79	91	71	35
116	18	14	103	29	39
120	61	2	65	47	30
60	48	46	119	100	44
101	68	118	73	80	71
45	31	64	97	43	19
45	52	35	37	29	102
103	64	113	33	86	111
118	73	58	39	41	15
95	6	23	105	62	20
80	32	93	36	66	79
112	86	119	80	76	75
9	64	67	73	85	77
30	35	49	99	37	73
35	105	31	8	79	31
115	32	115	66	10	83
44	35	97	7	89	33
104	18	55	96	57	111
72	14	106	33	16	90
92	21	6	59	75	55
93	31	106	120	50	51
4	5	47	58	42	88
66	73	98	31	59	46
72	93	22	90	80	58
11	45	69	81	69	30
36	17	88	97	22	91
105	14	24	29	8	100
90	77	40	101	94	13
99	92	110	33	33	85
62	98	78	18	7	75
112	59	56	59	19	29
82	119	100	12	28	41
47	11	70	102	118	36
51	95	3	77	114	109
8	96	90	62	112	26
16	44	77	110	118	15
24	49	73	96	89	65
88	30	46	36	90	85
17	77	86	39	67	15
23	91	74	17	55	33
50	25	17	14	9	95
56	15	10	36	119	21
37	30	109	11	81	64
87	115	30	108	66	26
108	18	54	69	104	2
86	1	17	103	17	49
18	45	13	73	60	50
86	59	43	65	69	61
9	10	41	60	113	94
108	38	68	25	41	115
110	43	72	43	99	43
84	72	59	99	91	21
114	3	22	45	90	64
38	116	19	46	56	64
46	3	118	104	70	103
42	32	32	86	15	22
91	83	100	79	45	114
60	38	13	87	23	73
75	39	110	42	66	56
65	102	99	5	69	120
117	80	86	36	12	99
90	71	34	96	55	108
102	84	7	76	18	79
107	29	6	5	52	68
75	94	80	19	109	17
42	25	48	120	82	35
28	98	81	14	119	68
26	108	92	55	16	112
29	74	61	11	42	25
8	109	12	92	46	88
37	92	83	75	108	15
91	98	58	100	44	28
69	47	66	112	40	95
92	89	88	68	7	67
50	7	109	97	87	89
116	84	77	35	13	84
29	52	19	88	57	110
1	2	6	75	53	29
106	103	38	68	34	46
42	91	84	83	26	74
14	57	90	79	109	28
81	12	16	120	82	51
108	75	71	65	120	2
47	74	78	44	1	35
62	11	25	75	2	81
32	120	19	99	120	55
45	77	45	4	21	1
101	74	14	17	8	17
11	99	5	73	87	119
71	43	44	39	103	120
77	58	113	102	95	102
25	5	87	68	88	116
114	54	84	36	38	8
101	101	5	111	84	117
94	23	117	71	62	35
107	106	66	102	112	114
19	38	120	95	15	45
109	32	105	17	115	92
19	107	107	112	61	92
47	96	118	63	72	74
60	27	89	7	54	67
78	57	24	108	109	12
100	32	70	48	50	65
106	20	119	73	112	29
92	24	65	97	60	40
67	63	29	14	21	10
34	86	22	120	23	4
86	64	114	46	120	114
56	60	72	110	17	18
62	12	19	105	59	30
52	73	92	46	34	103
49	30	12	22	3	90
20	120	75	49	70	21
112	115	41	109	32	82
84	34	73	7	109	52
108	47	42	59	21	74
41	23	69	52	37	96
68	73	30	113	106	20
95	41	110	64	96	37
109	31	57	21	93	97
21	4	21	82	70	39
97	66	14	18	20	58
113	87	20	12	43	84
28	5	58	51	49	7
4	73	41	104	12	107
56	83	1	56	96	49
59	26	25	34	80	104
57	49	99	40	21	10
106	14	45	52	108	56
23	27	103	66	12	78
77	27	119	62	112	69
37	18	84	17	84	58
91	20	11	67	65	78
36	7	35	12	76	71
35	14	59	74	40	19
6	25	96	64	30	50
13	19	22	58	10	10
20	21	23	107	52	13
67	108	94	80	115	78
93	3	31	57	38	100
2	13	65	24	117	81
22	89	7	71	14	116
91	114	27	36	101	4
3	58	28	7	63	104
24	26	15	9	68	97
86	73	73	63	60	8
94	78	41	93	77	97
67	31	32	53	40	117
67	46	99	110	80	37
112	61	68	98	107	4
85	112	81	2	87	106
91	92	29	35	67	29
13	34	6	111	118	5
6	69	59	99	117	61
84	78	87	21	60	60
59	54	90	27	13	76
112	66	3	28	43	11
1	12	115	66	120	3
4	60	106	97	78	98
35	4	118	82	23	62
54	11	108	66	1	30
36	14	47	103	75	97
97	8	73	44	111	11
57	83	6	12	72	69
9	112	18	23	67	98
47	28	36	50	32	105
72	13	15	4	52	38
82	15	83	63	98	38
78	66	104	71	2	9
102	23	22	97	55	62
101	113	96	72	18	19
75	47	33	60	63	39
81	110	88	109	56	78
78	66	21	81	33	53
117	63	7	79	71	108
113	117	101	45	85	18
37	76	96	41	20	59
43	83	80	33	21	46
88	100	46	36	82	99
81	83	120	55	33	1
24	51	21	55	76	59
86	32	59	115	84	19
80	20	70	76	109	72
3	115	53	41	11	118
68	18	88	19	32	42
70	94	72	79	79	83
27	80	51	118	19	1
39	119	114	98	91	1
61	25	98	50	77	81
40	37	44	52	7	77
79	72	71	64	43	51
18	116	85	21	67	106
3	14	97	18	70	103
120	24	74	93	62	13
119	58	112	101	110	118
85	112	18	90	113	50
91	26	71	59	113	59
98	77	109	56	19	115
16	58	84	24	116	100
89	3	107	62	115	102
50	55	34	63	17	16
74	79	86	72	110	98
29	86	30	56	104	14
82	58	110	92	17	114
8	97	29	52	41	99
23	57	7	51	106	11
18	45	103	60	87	118
89	111	103	11	29	13
10	97	41	110	88	27
44	33	106	77	118	97
108	46	116	40	3	7
45	75	76	35	82	20
100	107	51	19	51	43
16	22	18	38	29	39
20	77	32	31	24	81
83	28	104	96	1	52
76	83	73	84	96	19
15	119	68	81	120	92
9	105	1	64	88	113
12	97	103	116	60	116
60	31	90	31	98	103
24	80	77	94	42	100
13	94	61	26	102	48
120	17	50	79	85	52
3	30	105	66	13	50
10	39	9	11	88	58
120	31	15	56	21	44
3	112	8	36	43	115
28	99	45	56	18	98
114	51	109	36	68	37
5	17	95	85	52	63
25	66	111	104	86	102
60	41	31	113	100	109
75	77	62	67	32	108
28	39	104	71	31	13
98	113	94	97	61	70
104	87	41	73	34	101
102	20	99	21	47	120
39	43	8	19	119	81
28	15	56	70	51	77
104	117	115	59	63	8
53	52	66	20	80	74
93	85	72	84	90	24
51	61	60	81	70	76
42	36	88	44	87	40
83	115	120	87	79	64
97	81	31	25	78	24
76	7	4	71	52	81
18	10	90	75	87	50
91	16	77	58	116	61
7	101	63	82	62	58
89	70	63	25	52	113
7	43	97	32	9	72
85	92	107	43	101	60
83	43	33	110	24	52
7	1	66	24	54	81
36	64	94	85	62	63
8	30	52	25	20	86
30	34	70	54	92	92
63	95	71	40	66	87
52	37	116	92	50	50
26	112	35	79	109	98
118	50	120	100	65	16
66	92	79	22	55	76
30	15	10	77	37	89
63	23	80	87	37	1
2	22	100	101	113	111
36	9	62	111	16	12
13	112	77	107	27	99
103	40	36	74	74	102
86	23	95	12	44	8
93	88	51	27	3	59
37	49	38	84	104	11
44	119	42	76	2	21
1	38	62	57	67	43
8	57	71	56	51	68
67	79	87	21	92	78
106	113	96	103	97	103
55	87	55	97	63	2
2	89	104	71	105	4
65	23	97	32	97	11
100	4	119	29	60	7
68	108	101	93	111	105
72	111	14	110	12	62
93	39	114	45	69	29
45	114	104	104	52	104
95	108	22	10	87	37
77	99	109	68	31	98
41	78	87	106	39	46
74	4	16	86	77	58
34	23	96	52	4	21
43	48	54	20	11	84
6	62	79	34	30	57
101	104	56	36	45	17
81	56	30	50	60	24
92	111	27	75	22	77
7	120	63	62	4	79
120	96	82	45	48	99
104	97	118	109	120	107
24	57	103	33	75	102
72	49	32	22	15	39
61	67	119	49	13	24
68	94	113	11	25	20
20	69	43	22	72	112
75	118	98	30	66	44
60	94	21	65	46	4
18	45	98	39	67	59
22	117	77	15	81	71
74	28	109	30	5	102
62	63	50	16	116	36
62	98	26	53	94	118
73	70	38	82	69	5
105	41	42	86	70	53
58	53	52	115	95	77
74	59	117	88	90	12
7	39	114	36	42	50
12	100	31	12	20	19
109	105	84	98	29	81
20	22	92	78	105	51
100	28	100	50	3	75
31	3	6	90	118	103
4	44	90	8	70	13
107	86	55	34	45	30
115	17	18	13	97	19
59	18	89	46	81	35
88	45	23	43	109	50
84	86	53	11	45	20
22	84	69	60	92	23
38	63	22	14	5	39
21	74	93	41	110	17
69	30	66	74	8	88
71	25	19	3	99	10
74	61	12	4	6	111
38	97	47	38	114	100
98	82	42	67	7	59
78	3	111	51	40	1
90	57	3	41	18	76
23	48	115	63	73	17
15	8	1	94	80	73
106	87	101	110	43	52
73	77	73	61	108	54
41	79	40	71	109	91
97	23	113	6	33	16
12	80	70	57	97	115
48	8	16	117	90	44
105	32	72	35	100	93
65	82	110	29	23	26
41	103	16	77	35	112
6	112	79	120	52	75
62	12	109	58	12	58
99	76	29	50	60	74
118	116	32	75	90	117
38	33	1	116	112	92
43	67	21	87	30	5
36	80	91	42	51	98
90	68	112	99	53	92
113	65	92	81	83	75
110	65	55	15	112	49
119	71	13	111	24	27
40	109	33	82	106	4
90	66	101	86	53	34
109	22	49	27	68	113
18	65	64	78	50	59
83	42	89	2	11	70
106	68	79	91	39	43
2	64	87	15	61	47
20	98	88	12	94	7
58	32	72	113	42	11
55	114	61	63	84	64
33	110	119	22	77	78
8	60	95	29	1	20
40	3	71	13	35	30
28	83	98	52	31	106
3	71	11	1	71	32
1	107	40	6	47	2
96	70	94	73	48	68
72	15	7	3	55	56
84	114	48	4	76	106
107	4	57	57	58	52
84	3	113	120	112	24
25	76	110	78	116	31
17	91	109	45	5	60
5	83	27	32	24	26
40	40	89	106	22	64
70	31	78	12	108	8
46	45	8	68	12	105
16	50	1	107	82	36
114	33	76	112	94	35
59	101	64	118	63	115
115	82	68	40	22	44
92	52	69	91	40	92
90	61	24	104	10	91
119	84	60	97	28	64
58	106	107	71	12	110
112	76	10	95	79	117
78	16	53	117	105	51
90	24	43	116	101	116
54	116	120	116	28	1
93	112	2	56	98	105
64	25	62	109	27	111
18	19	104	5	42	117
55	104	21	49	73	27
70	54	3	89	49	95
62	6	28	35	31	29
110	113	26	115	119	82
28	99	67	117	3	91
119	57	68	10	75	27
83	52	12	18	25	87
108	65	103	42	6	117
91	25	52	103	10	50
102	69	12	30	14	32
96	50	2	107	84	113
9	34	120	107	87	53
44	120	52	37	20	7
35	84	103	99	3	36
37	74	88	35	76	48
88	16	97	109	4	48
112	33	66	89	84	73
18	13	81	11	53	108
86	96	66	112	95	74
79	31	16	42	111	81
53	69	97	103	47	37
48	14	15	75	100	66
77	47	67	20	53	62
57	43	102	64	8	38
115	100	8	81	94	117
85	24	60	4	22	30
15	69	87	46	99	105
59	113	117	17	24	75
114	17	32	55	42	54
112	47	102	100	69	74
46	56	101	65	28	4
109	65	26	109	44	1
48	113	66	1	78	50
114	20	89	104	24	7
45	89	4	16	21	113
96	75	63	43	104	69
2	112	96	53	95	88
36	85	13	45	7	12
6	93	25	114	37	93
50	71	114	101	23	11
80	112	6	71	87	46
30	77	73	83	103	87
69	92	53	58	53	12
99	11	30	83	81	108
117	62	67	82	117	28
102	108	54	98	5	18
60	70	22	70	32	53
16	101	6	24	72	18
9	75	24	36	50	106
42	92	86	3	119	37
1	28	87	29	89	67
43	35	45	36	16	106
111	10	95	56	64	95
18	59	11	42	34	107
61	66	104	90	81	90
59	104	88	102	84	64
60	114	18	65	11	24
106	67	29	18	92	60
13	12	2	93	50	3
63	13	46	59	101	114
75	39	112	14	119	97
37	65	62	79	66	1
102	16	52	95	106	21
49	99	2	31	113	60
9	84	51	97	73	55
39	114	78	42	5	101
71	105	118	83	38	18
107	43	76	20	104	96
6	52	54	8	24	87
32	75	55	67	100	106
22	5	80	43	105	97
58	3	89	93	25	34
15	96	31	84	57	76
6	73	78	24	54	38
59	47	33	62	118	73
112	85	68	76	113	119
27	24	28	40	32	77
67	52	99	109	103	23
3	96	11	96	76	20
90	41	61	82	68	28
93	51	35	10	98	113
19	87	35	108	85	94
120	69	111	67	3	69
106	66	115	12	104	3
98	28	95	70	10	67
76	66	24	14	81	89
42	116	19	100	81	6
10	39	52	24	98	113
12	41	79	53	5	84
120	13	75	12	113	119
118	37	64	59	46	20
65	3	96	40	37	72
36	38	36	39	45	12
66	12	42	95	19	76
102	92	6	34	22	96
38	82	96	91	32	120
82	105	52	40	75	115
81	30	62	5	64	97
83	75	92	95	37	95
50	105	32	26	106	92
100	41	52	19	106	59
15	107	92	40	67	65
105	57	18	37	45	67
111	30	104	102	96	2
19	114	35	105	29	43
96	26	38	10	36	30
90	101	51	74	85	22
103	68	41	68	29	110
20	64	103	67	102	7
111	46	65	40	90	24
102	71	51	29	23	12
84	57	47	68	74	37
19	27	103	19	87	16
60	24	90	44	94	12
78	25	82	91	5	48
84	4	52	50	115	77
111	34	54	107	39	91
107	52	101	31	104	9
52	17	59	34	80	104
47	43	77	106	21	7
117	73	62	85	112	32
25	60	108	52	97	23
23	47	23	4	25	49
58	25	78	43	16	16
42	25	12	61	95	113
105	110	115	38	119	55
24	39	15	105	118	85
102	99	115	51	108	40
40	71	81	32	49	119
62	93	57	23	47	56
54	99	101	10	106	30
42	64	60	96	40	84
82	22	51	19	93	82
108	65	102	89	51	68
67	37	57	59	106	2
72	79	42	18	46	18
31	88	35	106	2	87
6	91	83	19	47	120
5	116	94	21	18	72
4	107	24	87	41	2
53	117	15	104	98	85
13	105	91	83	30	96
28	67	120	94	34	3
90	95	6	109	82	76
36	13	24	60	10	21
89	77	43	51	91	73
107	33	29	111	86	57
54	113	85	41	41	62
17	30	32	103	29	6
99	9	32	35	64	19
27	91	90	33	57	68
78	32	84	1	36	50
23	68	97	61	27	13
77	21	37	73	68	92
57	96	62	21	61	50
49	79	68	83	76	93
77	76	29	19	85	46
52	65	56	99	12	60
65	113	34	74	69	32
6	71	32	106	113	38
50	92	93	45	100	62
13	47	51	82	28	38
5	6	8	59	21	31
103	113	26	95	48	3
75	117	89	23	10	31
60	94	116	18	117	71
30	30	9	35	99	48
77	82	105	2	72	56
107	44	25	97	61	14
73	110	58	98	34	2
25	82	102	83	35	93
20	89	41	51	5	4
56	111	108	61	97	96
2	52	74	33	62	17
112	6	120	3	54	85
30	114	99	93	34	78
111	34	58	119	114	120
4	90	34	76	107	28
47	46	65	97	36	17
51	98	13	116	32	5
24	15	68	40	25	36
99	90	67	81	86	76
109	55	7	23	50	80
38	87	14	5	33	56
114	83	26	114	118	108
29	71	98	105	3	62
11	58	17	3	69	17
91	10	62	20	60	57
51	73	60	67	37	81
14	37	91	3	14	41
51	49	60	57	104	118
34	73	84	88	82	26
79	109	5	6	53	75
13	25	38	38	14	79
66	29	51	63	99	11
17	88	98	118	8	14
78	115	100	76	59	108
33	79	97	106	106	100
59	104	49	2	51	6
97	48	29	110	71	44
105	97	80	62	27	28
38	27	119	51	88	26
68	102	19	119	51	98
15	120	17	70	24	59
104	78	5	44	59	35
1	54	94	38	113	101
50	2	75	43	67	5
80	9	3	80	75	98
55	110	67	112	65	70
112	19	89	92	14	74
78	78	118	1	112	16
99	7	52	15	83	19
109	47	77	119	6	107
96	75	31	15	82	73
74	18	44	19	68	10
24	66	88	77	95	35
64	23	36	41	62	111
6	94	10	30	11	3
35	95	9	51	16	11
24	77	118	73	83	106
89	107	106	92	106	103
98	11	113	53	104	77
36	83	42	61	54	74
107	60	48	112	68	50
104	37	115	21	30	68
64	50	91	56	60	84
68	12	90	74	94	82
54	62	48	43	100	55
4	62	64	113	70	98
55	84	11	62	12	31
30	11	29	87	21	95
68	41	14	102	25	76
69	39	8	31	12	19
3	93	101	73	90	32
77	82	50	97	43	93
90	120	89	44	68	17
75	104	100	119	50	40
115	17	10	19	55	34
10	2	57	22	41	51
70	115	44	94	33	84
20	11	68	19	9	2
64	98	20	27	74	61
74	29	90	103	61	9
50	6	100	20	4	62
115	77	18	109	15	104
39	112	68	24	38	68
46	43	43	25	3	46
115	53	28	93	64	118
75	87	29	22	41	13
31	93	63	88	61	76
22	30	101	106	12	69
115	54	99	6	68	73
76	54	6	19	110	116
63	30	29	107	41	72
103	120	8	91	87	53
108	42	104	59	66	23
90	59	48	46	84	112
18	102	99	108	72	76
34	79	22	75	49	84
86	10	31	73	68	26
10	83	45	76	97	94
11	90	105	11	71	74
40	62	111	26	25	98
113	30	80	51	16	77
120	3	117	7	67	83
78	47	10	3	79	63
64	23	50	115	119	25
58	49	30	25	38	43
36	6	95	72	100	103
12	20	9	107	22	59
86	92	40	109	75	47
117	28	13	109	7	60
106	64	86	68	52	19
57	20	62	57	78	3
46	117	2	35	13	56
106	82	108	117	53	36
100	104	117	50	56	79
21	30	97	105	95	24
108	43	1	69	14	17
15	75	10	24	49	32
37	87	101	32	90	25
83	110	4	59	77	116
62	25	94	85	12	114
98	115	50	57	56	62
107	18	3	78	120	70
75	6	34	9	40	27
88	21	10	97	72	2
67	49	98	4	50	65
6	48	90	120	35	51
78	41	94	66	57	6
92	18	30	115	88	100
18	75	95	68	105	93
56	5	11	20	37	63
88	87	109	58	86	14
45	29	51	113	82	16
92	67	1	40	48	98
66	67	88	86	23	6
113	48	71	69	29	37
11	7	20	87	30	75
28	48	52	20	35	107
94	120	74	101	31	108
48	59	112	32	63	85
112	44	35	58	75	112
99	96	40	40	63	36
49	63	43	20	57	23
20	75	70	74	12	100
69	1	70	7	21	101
113	90	113	70	36	3
84	66	21	78	20	67
86	79	101	20	73	80
113	50	7	89	26	9
21	107	78	53	104	23
110	86	4	78	33	31
76	112	117	16	25	85
90	46	117	112	23	58
17	29	94	61	87	114
79	2	79	66	74	67
12	36	70	100	32	95
27	108	87	69	80	90
11	113	50	8	36	54
61	43	39	63	19	83
80	40	37	64	7	7
20	35	2	20	81	85
13	74	73	81	2	107
110	14	28	73	20	93
45	65	7	5	85	15
1	120	84	112	9	103
27	39	38	108	3	62
85	105	1	13	3	116
98	61	88	37	109	62
86	92	92	46	84	108
66	46	18	41	56	44
9	113	20	7	64	103
47	69	104	23	16	33
53	12	7	119	35	9
47	107	86	94	59	114
2	85	86	27	65	112
41	68	62	27	26	83
23	37	6	119	8	78
9	77	63	25	25	91
46	51	118	76	33	10
89	97	38	49	105	74
18	111	97	12	87	106
84	29	31	80	37	111
8	78	98	50	54	1
13	8	86	104	62	104
98	87	101	85	100	28
76	19	108	111	116	114
72	21	117	18	11	25
117	25	33	57	46	84
104	24	80	104	83	22
87	38	42	34	69	89
113	117	68	84	102	115
100	93	26	45	35	74
69	81	62	20	49	36
23	16	23	113	20	98
5	101	4	26	17	36
52	90	11	62	104	48
23	103	54	43	59	46
49	69	17	69	30	55
37	52	88	66	5	12
73	73	78	83	13	60
109	102	13	93	43	25
115	64	23	33	15	80
96	116	37	103	39	71
72	70	34	68	69	67
82	70	104	25	74	26
108	18	4	42	74	55
70	27	29	71	33	116
22	37	58	4	58	97
19	6	43	106	32	61
6	66	105	75	97	1
116	110	75	69	96	77
12	110	102	49	80	21
110	51	38	54	26	63
107	116	45	97	90	114
68	74	44	47	78	93
81	110	88	107	117	14
72	48	47	103	64	87
77	98	32	50	14	98
41	45	50	37	94	38
6	66	75	11	85	55
38	29	85	81	60	80
34	119	27	49	65	63
24	37	109	95	42	48
117	19	104	15	36	114
120	102	69	86	13	107
2	32	70	85	7	48
89	93	23	63	50	120
99	54	62	120	56	16
10	108	87	91	54	74
12	86	70	47	52	57
41	8	62	9	19	63
48	35	26	22	116	111
58	53	116	90	90	26
52	17	68	94	103	36
10	111	23	91	8	45
6	104	38	48	82	79
8	36	58	70	19	86
48	20	62	86	97	97
46	13	26	15	39	96
13	67	11	79	30	5
39	92	60	62	40	71
97	85	72	81	65	14
83	54	93	52	3	56
31	49	23	104	38	107
64	119	93	85	74	108
87	60	91	50	38	90
110	30	43	36	19	33
35	61	72	41	66	86
25	115	30	13	24	112
109	11	30	63	6	105
49	11	3	24	50	67
57	97	98	111	58	45
63	109	96	76	46	20
112	59	86	109	78	88
98	22	50	110	118	64
100	20	119	7	54	35
87	60	93	22	120	95
115	16	95	60	89	61
86	3	63	7	48	36
27	63	71	48	47	46
109	108	56	30	84	88
51	100	87	97	67	98
58	35	84	88	11	51
118	33	27	96	58	41
109	8	64	16	16	11
54	7	73	75	82	115
53	41	56	69	3	11
80	10	44	52	30	18
73	84	64	14	75	6
24	77	5	66	32	62
28	100	101	25	6	21
28	62	93	40	67	69
23	12	105	1	95	54
37	5	58	41	37	112
89	4	84	35	5	18
8	102	10	116	115	43
21	109	78	49	37	38
58	33	97	25	78	15
17	100	75	66	112	45
33	112	24	33	1	14
51	97	50	61	52	112
73	24	23	112	95	77
10	105	111	97	6	50
33	34	82	108	115	111
34	50	11	14	25	13
8	2	105	80	6	105
78	84	93	93	82	16
110	69	56	27	43	13
91	99	17	103	103	47
44	69	73	42	12	34
1	25	76	58	37	73
75	79	82	19	2	111
38	60	84	33	12	120
13	44	111	64	52	3
34	31	37	16	67	43
103	116	53	21	4	79
105	75	48	89	88	3
116	40	95	11	69	26
70	104	10	27	48	81
65	28	63	120	118	30
111	76	101	90	3	37
15	65	92	63	85	42
24	55	70	38	31	64
2	111	54	85	71	72
16	18	53	25	111	36
100	112	94	97	10	80
111	11	103	115	75	9
74	2	38	81	63	108
100	105	94	107	17	51
13	84	99	100	63	57
95	107	113	44	33	57
16	113	82	96	26	52
72	25	83	64	102	96
67	4	92	88	97	61
14	92	57	46	115	106
49	72	101	51	34	41
35	4	7	80	34	12
31	106	91	77	8	52
92	16	50	3	48	102
94	72	73	95	39	9
89	67	22	39	95	90
54	102	85	27	67	55
72	119	18	79	30	3
2	1	99	42	27	28
31	63	92	23	75	10
74	60	93	32	67	44
59	116	101	117	22	10
2	111	53	98	17	10
41	94	95	60	64	109
78	105	8	24	95	68
50	49	12	4	9	3
110	44	5	24	66	86
45	37	3	3	30	16
29	89	61	2	11	64
11	18	60	47	31	100
98	71	89	69	44	23
119	36	40	61	22	82
54	88	35	15	86	45
8	79	25	57	61	48
86	46	84	31	83	49
20	50	90	8	102	3
13	56	10	31	85	11
30	59	2	78	83	22
15	103	72	63	40	119
73	48	3	59	98	91
12	37	106	39	61	73
4	41	21	30	37	17
90	87	43	81	37	2
52	100	20	22	33	44
74	106	112	80	114	39
83	113	17	2	17	64
119	26	26	99	93	44
24	75	51	31	77	63
89	23	14	46	23	46
28	55	2	67	118	92
107	24	96	75	76	110
115	111	33	60	88	92
115	95	93	115	93	101
95	3	34	37	81	117
43	114	60	46	96	11
83	3	94	18	48	38
50	3	75	19	49	63
73	12	11	21	53	66
43	7	50	35	2	87
83	91	2	68	97	92
81	43	42	91	56	92
34	15	96	112	75	55
27	75	117	116	107	35
105	78	95	3	105	23
31	5	58	24	83	51
114	109	42	43	31	1
9	1	103	105	46	39
36	45	97	9	10	13
42	102	119	116	54	78
79	12	37	105	64	66
71	83	55	95	40	88
55	27	35	14	44	46
84	53	61	93	45	78
77	99	72	95	19	83
10	35	32	113	55	47
48	87	61	32	58	88
82	48	10	19	9	91
105	18	82	57	22	37
65	86	16	98	41	38
100	38	66	76	118	102
101	79	64	52	18	107
120	33	112	12	82	52
64	32	76	7	108	17
75	37	102	108	110	75
55	56	37	109	4	49
93	18	24	62	38	16
67	104	22	88	41	48
103	75	31	62	97	109
110	27	30	111	109	53
40	10	62	93	38	38
56	14	71	41	40	41
58	41	64	78	82	81
1	15	77	37	100	16
24	95	92	90	11	52
91	38	48	99	27	68
91	67	98	18	7	103
46	28	68	40	38	59
24	1	10	90	6	115
120	43	56	85	107	66
8	26	68	31	66	24
59	48	80	105	95	12
60	12	74	16	12	36
21	42	52	41	77	31
44	97	47	114	52	12
75	91	35	84	46	85
116	9	112	55	33	19
88	72	15	115	10	9
54	65	14	12	87	78
41	11	108	101	111	3
104	26	48	41	120	62
57	12	74	35	53	45
118	39	85	18	102	102
104	25	114	119	70	2
70	35	6	42	11	63
99	98	104	84	22	13
39	31	10	66	55	102
38	66	2	89	32	61
14	15	104	2	31	27
37	114	72	38	89	75
63	110	76	1	53	45
19	98	46	78	80	7
2	76	118	52	108	100
99	75	111	4	40	28
66	62	41	16	96	104
70	94	36	47	25	103
90	50	26	32	71	91
82	118	31	92	84	46
114	5	95	35	117	79
54	55	100	51	91	8
51	87	50	86	107	66
71	116	74	82	35	109
102	89	9	96	112	23
100	35	22	26	110	89
119	12	113	75	76	13
28	52	43	112	16	55
105	76	21	22	106	61
96	66	64	87	55	92
119	28	54	48	90	60
32	110	17	43	112	84
9	35	70	24	60	41
12	58	72	51	34	85
77	16	36	70	31	11
77	110	103	51	33	46
43	76	43	87	88	21
4	97	13	111	86	68
7	92	89	76	73	120
18	86	88	111	23	20
119	55	94	108	7	20
6	111	52	5	99	74
27	114	10	66	56	44
4	98	35	66	18	36
26	25	35	66	92	63
96	29	76	105	59	25
60	82	91	98	114	98
32	57	90	33	83	82
4	53	113	62	28	109
66	120	116	17	116	56
40	20	66	94	3	83
38	8	95	103	87	58
54	70	22	107	33	78
116	84	101	86	53	37
60	42	4	37	78	96
41	15	11	13	75	12
49	86	113	23	88	93
102	100	100	63	30	4
113	29	68	63	87	71
99	14	12	27	25	50
18	44	28	39	11	27
16	13	69	75	73	74
27	57	101	39	118	58
42	65	27	111	95	91
12	106	27	102	94	39
112	86	99	47	53	20
41	40	114	46	90	59
8	115	12	117	86	117
66	97	100	119	33	83
111	38	3	94	100	68
81	118	111	17	68	43
64	42	27	13	117	44
58	96	22	83	7	78
100	52	30	45	72	87
109	44	61	84	101	86
85	104	107	110	83	106
120	5	24	30	59	73
5	40	75	72	92	114
14	80	14	17	31	20
112	23	13	4	120	62
3	2	51	39	118	114
111	55	60	5	119	72
11	74	77	38	69	72
115	102	78	46	60	57
39	73	53	112	101	19
101	17	34	71	115	2
64	47	103	11	82	110
107	20	115	95	64	51
109	28	65	47	57	65
55	73	52	103	36	57
72	73	98	100	50	25
92	115	32	40	51	9
19	9	51	50	11	27
30	120	33	16	112	14
82	8	10	56	23	54
104	92	97	108	105	116
94	53	44	105	3	61
48	55	52	79	116	20
105	91	49	94	84	106
20	71	4	16	50	84
17	49	97	106	28	9
15	77	19	52	13	57
6	86	96	118	37	53
91	108	60	92	115	93
105	64	62	52	30	69
41	37	72	20	83	12
76	42	27	82	12	18
98	80	26	39	45	78
86	116	81	98	66	33
95	18	26	70	1	21
114	100	1	33	76	60
19	79	56	54	105	88
107	94	84	87	48	105
96	67	104	105	81	90
115	106	12	76	64	101
110	44	56	108	71	8
76	36	119	95	6	83
111	108	113	103	75	68
1	29	25	60	96	69
83	1	33	32	78	15
24	53	41	18	90	48
47	5	27	35	66	110
20	20	54	29	115	56
76	12	64	55	22	74
17	95	64	16	6	91
83	5	2	94	35	30
74	69	48	59	36	102
16	15	42	103	52	14
118	109	98	40	36	10
117	62	84	71	85	111
117	45	95	101	1	51
112	77	101	101	119	32
42	80	42	48	64	88
2	38	3	118	71	52
76	46	46	45	101	28
20	108	53	77	91	6
56	103	55	92	74	56
15	97	81	22	111	82
46	106	117	113	83	84
120	101	108	35	110	38
117	107	59	11	120	115
8	112	57	74	118	102
33	94	77	12	62	77
61	70	109	115	88	59
49	85	16	15	11	105
82	40	101	44	82	83
14	107	14	84	8	3
46	2	108	97	34	65
47	94	49	26	103	10
113	78	66	79	71	100
33	34	45	44	118	55
93	65	47	120	40	119
104	103	20	116	80	48
93	92	88	46	69	27
44	75	26	107	116	11
117	53	17	108	12	48
88	58	25	32	100	62
47	62	48	97	30	105
28	9	70	60	46	1
76	116	109	81	13	109
65	62	41	4	3	85
98	29	17	111	10	116
87	9	20	56	43	106
93	98	105	60	117	3
72	29	63	26	33	36
61	44	102	113	116	35
40	108	95	44	108	72
61	83	2	47	103	30
49	11	79	47	115	2
56	7	84	108	39	37
63	47	27	77	34	88
41	81	73	85	40	20
81	93	117	114	56	116
34	72	71	71	68	93
71	39	95	62	5	46
47	82	111	15	108	11
18	103	102	64	112	17
56	17	102	13	47	111
17	25	21	115	32	68
70	48	45	76	52	95
119	95	4	61	115	77
97	32	9	116	84	106
21	120	80	105	36	81
109	42	72	113	108	65
72	61	22	50	63	50
30	46	26	98	76	99
68	65	111	68	104	109
25	112	98	111	41	114
66	26	74	75	96	27
24	17	57	120	93	80
108	119	9	71	58	96
29	50	93	47	65	13
70	83	4	62	88	12
43	36	102	39	51	62
47	30	34	72	73	74
63	72	73	97	32	72
119	89	71	94	119	110
30	74	98	113	67	103
41	85	87	25	111	44
103	40	98	15	14	76
71	66	118	58	34	117
84	15	68	105	47	93
88	74	99	82	10	92
88	61	8	94	27	104
94	108	42	67	1	85
85	26	49	7	112	28
55	22	12	23	27	35
82	61	106	83	86	35
12	96	88	95	14	2
87	15	5	28	6	83
101	6	34	18	109	10
3	18	7	5	12	50
109	12	2	99	22	17
85	45	9	105	3	102
76	101	42	9	31	23
20	69	68	13	33	80
110	119	58	73	59	18
81	49	114	62	37	95
94	13	14	46	79	17
104	23	84	78	103	72
33	66	9	101	100	27
86	23	114	13	64	23
28	96	18	58	29	114
6	93	54	6	107	16
108	77	20	41	93	79
20	52	102	20	45	62
43	18	9	14	19	2
70	55	37	111	58	13
90	47	36	47	24	79
108	62	81	85	3	43
52	102	93	73	66	45
85	68	83	75	90	73
57	60	49	10	91	71
53	112	70	36	39	51
114	50	51	86	5	64
59	30	118	106	50	54
92	17	118	81	6	93
90	78	89	21	76	66
113	106	15	51	107	10
5	37	80	9	97	30
26	42	24	120	78	70
117	83	48	32	95	115
67	39	30	28	45	74
104	119	86	86	4	73
103	87	30	28	73	41
114	100	27	116	98	26
47	23	31	59	28	120
4	82	82	8	49	59
44	26	18	50	1	58
14	37	56	112	91	28
90	56	15	32	39	10
74	63	63	107	20	84
67	68	52	7	97	2
102	106	25	83	108	35
109	72	98	22	108	104
85	76	11	112	50	87
1	72	10	54	104	58
5	65	75	59	12	48
118	88	104	53	117	21
28	53	56	59	46	78
73	81	77	98	90	92
35	72	56	23	9	59
36	87	5	49	99	23
100	29	90	118	119	101
63	45	77	45	105	5
50	32	92	35	24	47
17	83	80	6	80	61
25	40	29	10	34	22
9	119	42	108	115	82
60	9	116	65	79	111
20	82	82	75	12	50
10	44	69	21	85	86
105	6	22	40	39	10
13	28	106	29	93	8
108	20	84	99	101	103
50	9	21	26	7	112
36	94	53	45	10	101
72	38	44	33	65	20
82	107	63	5	44	18
74	29	78	115	14	18
22	51	10	28	103	78
24	37	91	115	5	78
112	120	95	11	93	50
84	59	108	7	49	92
116	92	15	94	15	28
52	65	119	59	42	23
66	115	50	17	26	70
51	103	79	103	28	24
31	20	1	94	93	31
40	28	118	31	12	83
115	59	19	105	18	101
101	39	107	77	90	25
15	64	103	109	40	99
80	114	115	105	46	33
41	40	96	105	83	101
60	13	97	23	71	42
73	62	6	27	93	34
81	13	61	51	15	110
11	87	27	57	98	108
89	77	94	62	12	29
48	102	120	110	120	37
33	18	109	108	38	45
103	20	63	94	106	84
66	100	61	81	52	4
18	11	19	99	14	49
41	45	83	66	72	34
38	70	112	107	44	34
97	32	65	74	118	48
104	84	93	49	59	44
9	9	65	66	105	25
21	95	92	119	74	75
83	40	99	51	18	111
90	27	35	87	53	91
57	16	14	61	4	20
43	36	3	91	86	67
83	34	71	66	53	43
17	92	87	59	25	28
31	88	26	75	34	59
109	12	37	62	60	46
48	115	70	100	33	101
115	27	78	31	120	6
45	69	76	57	107	29
54	66	94	78	74	76
30	49	97	120	36	15
75	94	15	41	55	43
31	6	39	117	22	100
68	79	81	119	70	64
87	113	55	97	89	23
115	60	21	69	9	87
24	10	35	75	34	60
10	32	6	36	74	30
26	89	89	113	116	108
120	91	104	54	92	2
110	33	58	53	37	93
54	74	19	19	116	109
116	34	3	93	89	83
40	47	101	120	32	20
48	109	13	90	96	8
99	89	71	19	29	19
89	92	92	116	84	46
11	112	88	55	43	28
77	1	35	8	106	70
90	38	54	72	87	95
22	112	48	9	113	102
12	73	81	84	24	27
109	117	78	51	105	42
104	7	55	70	9	81
48	9	105	28	65	16
43	82	35	71	2	120
98	44	108	60	58	108
102	113	33	62	75	66
117	117	109	111	90	116
10	26	43	69	17	100
71	104	53	117	103	8
7	57	90	42	115	116
95	46	9	55	112	65
15	91	102	73	114	11
94	26	108	58	43	49
59	37	11	1	25	22
70	56	30	3	114	21
18	45	12	65	7	16
96	48	65	17	44	114
11	7	47	1	77	103
17	7	53	47	83	9
116	93	43	75	94	106
69	110	65	104	15	35
49	82	45	86	15	31
35	27	64	45	35	27
19	116	106	89	115	57
98	36	102	30	62	18
8	47	19	107	80	108
79	54	91	77	118	70
39	59	78	78	6	85
71	101	20	103	86	63
50	112	77	105	60	68
78	34	7	2	11	96
115	60	1	55	63	55
104	56	91	22	95	115
16	2	107	92	74	21
31	74	65	90	103	115
86	31	1	70	4	14
85	10	23	97	64	101
22	33	13	29	25	43
87	66	27	68	21	3
29	112	95	7	61	66
47	1	45	117	14	72
34	50	31	116	51	28
72	3	24	118	87	71
26	100	108	71	6	110
8	116	69	51	34	91
105	61	92	103	21	36
3	120	117	21	62	117
11	116	39	38	111	55
51	67	64	99	60	39
4	5	45	119	112	83
73	24	68	111	43	11
80	20	80	105	69	98
21	78	13	52	11	27
40	21	90	82	83	94
78	5	55	101	34	46
75	42	83	13	41	61
58	32	71	84	68	37
11	28	80	9	38	7
99	8	60	105	7	26
42	95	84	25	106	109
17	116	63	68	17	81
4	62	18	38	28	88
87	85	29	66	77	112
52	65	113	44	68	83
8	53	98	72	108	46
110	51	10	74	67	20
117	49	61	9	91	66
26	82	22	60	45	85
9	83	102	65	17	101
31	106	114	9	21	27
75	13	22	17	82	4
22	73	69	53	105	22
112	24	48	33	8	35
113	63	110	48	15	108
11	77	26	111	30	97
68	51	17	105	116	108
106	18	68	90	29	10
116	91	38	117	84	21
19	19	13	19	81	90
68	49	118	35	11	35
74	42	115	91	97	112
17	18	102	9	108	82
7	16	119	78	84	61
101	56	32	16	3	106
59	81	42	4	62	73
34	116	30	26	46	102
99	65	11	105	29	44
15	44	22	81	60	104
62	98	71	87	10	8
20	76	40	113	102	7
53	89	68	74	111	35
74	84	86	9	54	116
117	83	111	57	105	29
71	33	117	55	26	9
67	47	49	68	86	94
66	25	74	43	38	43
68	106	72	68	110	106
18	61	41	22	89	33
12	93	37	120	74	120
44	110	119	72	10	83
96	113	25	61	104	84
88	33	119	3	77	72
37	101	7	71	85	70
15	101	113	61	28	107
93	81	23	86	96	84
2	116	85	53	69	65
120	4	48	116	25	9
111	118	11	29	68	99
93	10	84	31	64	59
87	30	37	44	47	91
91	53	14	59	53	64
88	43	82	38	102	59
25	32	43	109	17	61
32	116	24	91	105	90
32	91	118	24	70	50
106	46	108	115	33	72
3	31	42	8	92	24
50	41	58	1	12	9
18	67	93	42	23	114
10	54	44	24	5	61
99	37	104	9	103	3
40	29	13	69	38	31
46	21	101	80	70	115
116	9	43	66	67	88
61	12	69	62	104	25
70	41	71	83	53	104
42	87	112	110	33	12
74	18	72	33	45	92
116	78	38	24	65	77
106	20	68	119	72	6
19	9	30	91	33	85
36	43	18	29	63	15
8	34	40	11	32	47
82	53	60	119	28	117
79	88	19	70	109	17
95	25	37	29	10	15
68	85	98	115	33	52
18	72	16	75	16	88
86	52	3	75	52	62
17	59	14	86	55	111
50	83	29	21	63	115
53	93	60	34	17	29
60	82	88	43	108	74
79	85	93	90	28	109
53	101	77	118	49	50
71	87	110	95	49	16
85	75	64	30	24	103
74	38	43	3	104	53
11	5	43	61	1	55
46	105	24	85	54	73
104	8	72	65	77	45
117	74	81	9	97	12
114	118	79	44	6	25
75	17	18	82	21	109
110	92	75	9	39	74
53	14	19	34	83	101
58	92	27	80	68	4
117	93	67	32	36	34
61	28	89	105	6	70
42	17	117	23	95	106
30	62	115	21	35	87
18	12	1	112	15	57
31	94	94	16	66	92
98	49	23	72	23	15
102	43	45	77	5	15
112	24	98	44	78	14
27	115	60	112	19	18
3	90	64	68	12	77
9	36	68	28	49	61
39	100	28	67	82	94
6	63	81	97	24	99
44	39	10	82	40	110
19	14	93	36	52	91
2	9	51	97	104	21
34	22	6	45	46	24
39	39	23	94	78	57
73	99	15	25	75	45
114	14	90	12	70	7
36	110	34	22	94	103
35	52	91	91	66	100
57	86	81	7	75	62
71	92	101	88	66	1
64	41	39	119	51	6
42	52	105	45	4	6
109	92	102	103	75	94
53	26	11	85	63	74
20	92	12	29	51	38
38	99	80	39	54	37
22	44	104	82	116	52
82	78	6	24	16	61
42	83	25	69	28	51
82	47	12	52	111	68
46	98	35	58	76	17
58	66	93	87	31	67
42	44	19	14	35	68
23	52	103	78	103	10
106	49	62	102	11	96
79	44	65	12	6	31
67	17	62	118	42	89
100	108	102	40	55	26
87	90	35	50	15	13
23	35	38	55	68	47
56	35	15	13	27	89
117	55	60	16	111	41
65	15	40	84	74	107
53	27	71	1	32	32
61	31	71	14	71	7
53	12	51	1	25	52
11	64	25	22	45	21
111	87	32	59	97	5
83	56	71	111	26	77
60	96	21	103	108	75
109	64	114	84	105	114
46	58	52	46	110	22
17	47	17	26	24	5
32	84	47	115	108	113
2	103	42	31	26	28
105	76	19	31	52	94
22	82	4	56	70	45
21	55	53	27	2	79
64	50	16	69	67	50
47	26	61	43	41	31
34	92	93	81	65	108
42	31	79	37	105	74
45	51	9	104	7	58
6	53	31	67	57	35
55	42	80	44	70	86
50	60	101	27	47	42
55	31	64	108	39	19
11	105	78	52	112	5
13	16	11	95	54	68
21	98	4	19	104	73
120	83	9	117	3	10
70	29	85	32	92	51
119	94	58	21	7	91
43	111	29	71	24	76
38	86	39	13	117	112
33	4	36	82	20	47
3	17	32	59	19	97
6	98	10	68	67	83
68	59	60	21	81	46
86	23	68	68	50	25
112	102	59	103	13	107
15	95	49	22	57	21
75	89	85	103	120	94
63	28	17	68	1	93
51	77	13	22	77	100
25	89	36	112	96	12
17	7	79	70	103	81
52	93	93	63	70	72
9	79	78	2	11	13
97	115	3	4	105	28
25	60	38	117	37	16
54	50	46	7	30	101
10	89	90	7	58	109
56	50	12	106	27	50
42	28	90	64	65	72
39	11	92	1	19	31
13	78	94	17	24	39
14	19	94	75	11	120
116	55	105	63	111	44
114	18	57	62	88	73
50	28	41	90	1	44
80	11	49	42	9	17
30	40	7	55	13	97
77	89	98	17	54	66
116	114	8	55	53	79
104	57	62	85	39	74
79	47	105	120	6	17
6	67	106	100	100	46
39	73	46	47	37	106
84	109	100	81	102	35
44	96	18	34	7	76
52	90	80	69	8	28
53	58	20	54	14	4
11	6	30	45	7	45
3	53	81	25	39	117
6	85	82	111	113	104
59	7	117	12	6	61
46	97	25	92	8	102
114	120	44	4	118	75
48	14	79	86	113	88
74	21	32	58	70	108
105	15	120	81	66	74
40	117	11	55	30	79
61	15	45	92	89	45
62	69	89	43	95	102
6	66	104	15	105	34
94	91	80	14	46	78
62	101	71	20	55	40
32	14	110	88	6	25
5	74	93	4	18	6
5	60	76	85	43	99
116	104	105	99	35	7
33	66	56	118	39	22
59	100	35	112	64	35
101	29	107	68	106	36
9	99	98	107	54	84
5	14	20	16	28	93
32	50	119	46	68	118
58	88	37	66	24	45
8	51	59	57	73	73
7	117	18	75	18	79
92	31	101	102	97	60
81	95	50	85	76	95
28	20	59	1	83	27
62	112	117	104	39	18
57	104	5	8	44	92
94	86	22	82	5	112
7	45	4	85	92	100
87	86	24	109	15	12
68	39	115	24	4	7
90	37	73	94	88	66
90	83	47	72	51	98
105	10	14	36	103	43
46	25	120	15	105	71
115	28	112	61	100	70
112	3	64	106	59	12
11	74	59	16	4	31
74	8	45	14	24	2
33	26	67	34	49	33
2	30	38	108	73	112
92	102	115	39	96	61
96	6	47	16	71	19
66	54	36	79	58	107
68	91	63	106	109	93
93	26	59	33	49	107
111	60	62	13	62	63
52	65	54	100	99	30
115	16	96	39	72	112
94	27	11	104	43	7
85	77	88	111	33	67
84	109	93	90	53	12
111	11	97	103	38	55
31	24	37	4	11	24
80	17	97	83	30	3
109	111	77	44	45	98
79	113	16	47	66	46
43	40	9	15	53	83
85	91	69	89	68	64
119	3	62	14	85	67
23	65	67	96	71	114
84	79	83	62	48	24
105	120	19	88	48	84
117	4	69	90	52	88
68	78	77	108	120	87
73	19	8	106	111	68
14	61	80	67	96	82
76	76	21	13	49	4
88	28	35	103	79	26
114	109	42	73	95	6
62	114	48	3	48	31
30	93	50	58	37	42
64	29	45	58	39	75
110	79	12	112	65	19
55	27	23	90	2	51
78	26	67	85	30	47
109	90	50	62	15	63
94	66	55	43	91	31
102	49	86	61	95	96
119	69	56	80	107	64
14	99	90	36	104	16
91	103	118	75	112	72
61	107	53	95	80	51
88	24	100	104	74	7
96	114	3	62	74	114
38	102	109	20	37	14
94	25	36	77	107	115
29	20	13	42	64	98
62	11	83	110	97	94
109	11	11	86	58	88
60	36	49	61	53	35
52	25	94	92	94	118
74	113	31	9	21	113
6	110	92	107	66	95
13	116	55	77	41	107
93	25	46	63	56	88
76	50	72	76	22	81
1	57	105	35	110	18
89	90	27	100	98	31
91	98	21	97	4	105
79	32	49	107	93	15
71	44	68	63	36	41
109	63	54	112	32	1
83	89	89	110	28	38
30	67	81	53	9	62
87	17	60	36	97	51
15	34	9	58	105	62
108	40	43	30	99	53
116	45	60	84	50	70
95	7	1	90	3	119
87	103	63	15	78	52
38	40	114	108	99	74
15	73	101	4	56	106
15	12	99	112	105	53
119	73	58	98	45	11
63	84	61	110	61	1
97	69	108	19	57	85
32	37	113	65	118	73
83	48	81	100	18	85
30	64	61	65	46	77
72	39	119	29	27	83
7	13	69	81	50	50
119	83	87	60	40	87
84	92	52	44	4	28
26	80	20	76	40	51
105	41	108	118	65	57
91	14	106	31	83	96
25	60	66	114	85	13
108	101	13	112	64	18
40	54	51	58	81	98
38	101	51	67	17	18
52	110	3	100	42	105
6	17	32	69	87	6
54	87	52	45	91	4
71	28	84	52	42	26
101	83	21	37	114	55
61	38	43	82	65	66
90	107	19	4	58	39
76	45	69	91	62	28
120	59	26	112	22	5
82	114	70	77	7	50
109	78	63	112	115	98
44	64	94	56	9	44
8	94	23	76	117	46
50	65	14	30	72	9
47	111	44	98	63	68
109	55	79	27	55	27
95	90	115	57	83	86
17	67	69	21	17	16
66	29	92	82	15	117
95	38	71	65	83	32
3	72	22	117	49	33
33	107	25	90	64	53
81	34	107	84	98	13
51	118	59	83	77	97
43	42	83	49	38	29
22	101	106	69	102	114
10	77	67	36	65	21
105	101	26	33	74	15
53	104	24	119	25	36
67	87	110	79	48	74
29	33	4	56	70	1
1	86	2	61	115	89
12	61	57	78	21	63
78	101	87	36	61	6
103	106	101	117	36	120
9	17	103	96	65	37
88	15	87	18	48	112
55	32	82	18	33	24
79	2	84	71	120	10
49	26	90	36	66	7
8	36	42	104	74	39
92	34	117	38	104	98
44	1	2	13	37	18
60	117	39	34	69	85
51	24	76	80	99	116
55	71	37	49	91	48
95	61	57	102	80	14
26	22	103	114	43	45
41	106	16	24	71	118
91	117	37	85	71	103
79	106	90	43	79	54
63	20	65	74	28	12
46	102	77	86	77	42
37	25	31	6	37	78
55	41	93	33	41	35
12	58	70	51	105	79
36	77	81	96	23	13
29	109	25	70	7	77
66	80	38	26	8	56
82	87	41	31	54	107
45	44	6	64	70	99
64	57	119	101	77	99
43	74	36	89	103	80
109	84	86	117	42	3
57	5	100	105	49	101
13	9	72	98	41	96
77	12	52	74	84	2
71	23	59	88	42	3
31	29	73	1	3	43
82	41	74	95	45	49
57	56	96	89	8	86
118	102	47	88	77	87
77	70	26	21	35	105
5	29	97	72	69	57
84	111	54	113	56	54
15	10	19	15	39	87
63	52	17	65	19	10
14	101	61	36	6	96
82	49	108	49	75	3
39	20	50	22	33	115
4	91	9	58	65	106
59	65	19	25	1	20
120	82	120	48	49	82
119	41	5	111	31	84
52	8	30	16	75	49
96	101	22	91	22	15
103	103	13	98	16	70
95	27	116	107	67	120
120	32	50	64	32	68
33	76	4	97	23	85
66	22	51	49	53	84
51	40	79	86	20	39
61	78	56	37	7	98
118	53	44	109	107	70
44	70	103	56	50	96
28	78	77	44	90	1
48	9	104	37	4	19
102	39	45	5	28	42
89	55	78	9	70	92
38	96	56	117	26	84
84	86	19	58	27	11
34	90	84	32	84	91
77	39	102	52	10	23
26	72	101	5	30	60
96	90	11	56	51	1
66	106	64	26	74	40
34	69	21	58	77	42
24	1	87	7	60	87
118	87	116	61	54	111
27	34	45	97	81	71
72	17	43	90	73	12
86	17	111	67	88	109
57	42	74	88	51	36
45	48	49	6	112	6
18	15	119	117	117	115
23	40	110	28	113	37
54	14	15	59	84	94
114	65	21	113	54	32
81	57	108	105	115	102
119	120	34	37	35	10
68	39	107	24	49	10
91	17	114	13	73	55
44	75	42	104	78	2
92	40	40	23	116	45
86	3	39	100	47	120
81	115	10	111	93	106
92	16	87	37	82	88
103	46	10	8	47	9
1	21	89	116	95	13
55	31	59	38	93	90
59	4	16	78	75	119
8	45	109	108	70	64
30	112	16	84	93	50
64	79	107	24	74	106
96	23	7	106	70	97
28	90	81	58	5	21
119	35	77	114	60	96
116	67	19	70	102	46
20	11	2	55	112	109
98	6	42	25	38	62
113	102	29	24	9	13
35	75	99	58	53	111
77	91	49	46	26	100
54	78	20	1	36	86
75	30	7	120	33	19
114	14	17	108	23	30
8	28	40	33	5	86
100	83	53	11	56	16
6	7	56	93	45	19
63	63	120	62	10	1
65	82	41	67	5	13
61	9	82	110	71	49
48	109	32	66	94	102
102	19	76	7	57	28
7	32	102	16	79	83
44	77	79	100	46	95
59	31	14	65	71	33
59	9	39	19	70	112
94	90	24	97	97	83
12	4	103	117	34	119
60	98	52	71	15	117
108	34	36	82	40	103
8	106	99	48	17	51
80	115	62	61	52	112
54	1	48	82	110	90
25	39	9	9	109	67
10	113	70	37	105	38
66	2	5	31	79	50
35	100	65	114	87	109
119	18	70	84	119	93
70	10	81	73	44	107
77	102	72	117	63	111
112	92	87	104	7	47
2	85	59	86	86	43
82	92	51	59	84	67
109	85	101	119	108	9
96	39	58	84	76	82
16	104	38	20	32	120
94	78	9	15	100	79
11	117	118	99	52	111
71	77	22	23	26	70
58	112	87	116	36	82
40	69	24	92	97	25
25	107	75	4	78	74
78	81	64	46	6	5
4	105	60	5	113	64
57	82	64	73	55	112
83	13	91	90	46	21
42	102	90	11	87	49
27	57	38	72	114	46
102	117	19	16	98	120
86	113	101	32	53	9
115	71	38	61	2	63
47	111	104	57	13	103
96	47	9	34	88	38
38	21	108	81	21	10
65	9	32	86	105	92
7	102	51	28	81	39
42	7	71	95	46	64
34	15	10	15	3	98
64	27	120	7	19	73
11	90	49	68	114	106
108	98	35	91	24	113
67	48	65	109	11	57
69	2	41	36	110	67
74	106	82	51	10	107
48	73	64	118	74	70
77	21	103	106	4	83
53	114	18	80	110	12
99	26	47	13	54	97
43	115	66	70	54	99
115	4	5	48	54	70
111	63	68	110	77	92
20	56	5	14	85	80
89	113	11	35	98	104
1	20	82	27	34	54
116	93	21	23	46	74
88	83	51	102	74	33
107	36	61	22	79	74
108	97	107	71	107	49
15	1	15	107	6	50
44	38	75	44	35	77
48	57	47	18	33	85
74	60	76	13	2	67
47	103	61	16	115	74
13	46	15	17	80	85
111	32	100	26	114	35
81	115	51	91	30	53
63	27	20	37	81	45
106	74	47	29	95	100
105	112	99	31	25	37
66	75	103	35	95	3
104	82	60	17	73	39
46	94	94	74	18	37
82	29	26	111	6	64
23	50	61	83	23	68
103	112	47	40	80	38
83	2	55	31	11	28
61	24	106	69	33	97
38	4	6	36	105	3
21	7	25	7	15	2
67	115	79	20	5	11
116	47	21	93	106	104
77	43	9	107	9	60
81	65	52	89	59	46
106	57	69	87	75	64
23	77	26	105	56	76
57	24	59	104	13	99
12	24	93	82	102	96
15	95	16	59	18	33
29	31	9	50	85	34
74	40	50	64	16	101
85	46	49	69	68	81
26	15	76	98	87	102
7	25	60	9	64	21
89	42	81	60	20	27
34	103	8	99	106	42
69	4	80	32	117	17
74	71	77	56	45	1
20	35	92	7	11	2
70	75	54	72	68	108
13	55	25	43	35	62
17	43	33	26	14	12
108	34	9	58	79	90
24	18	120	80	120	7
92	41	94	104	46	32
2	31	19	79	87	8
16	2	52	68	48	103
19	74	6	3	103	46
8	108	48	112	110	47
62	114	18	14	114	38
4	99	120	33	39	45
6	75	48	5	71	104
118	101	40	25	118	37
10	3	64	76	67	97
18	66	58	79	78	65
83	87	15	81	52	20
68	113	59	28	22	113
113	63	73	57	39	96
94	28	118	58	62	42
35	29	6	5	112	17
72	85	39	104	5	23
5	5	10	13	118	7
101	100	35	79	44	106
109	108	36	69	64	45
38	104	81	106	9	105
41	115	10	21	6	63
102	116	4	62	82	7
8	101	99	13	57	96
82	88	32	92	61	5
64	6	4	97	73	74
24	84	115	61	4	99
26	85	5	25	53	38
22	35	94	62	34	101
117	52	35	62	88	41
103	115	91	6	109	3
95	36	24	59	9	63
9	83	17	115	101	96
76	1	115	118	108	94
14	99	98	76	112	117
88	41	57	12	98	5
57	42	114	24	51	69
78	57	8	40	19	101
87	72	85	28	48	53
30	92	40	20	40	95
6	18	114	84	37	37
49	93	63	88	28	83
102	36	112	41	25	8
67	99	31	76	82	81
114	84	60	7	91	2
45	75	60	98	8	58
30	36	116	18	62	83
56	87	102	59	109	97
75	85	45	52	100	37
105	115	46	112	71	78
109	41	70	117	62	8
58	65	81	20	120	83
68	9	72	108	47	42
28	43	16	22	77	9
92	11	28	102	26	84
53	36	57	70	32	48
21	12	60	12	95	72
80	55	8	67	90	101
85	106	60	13	29	96
101	53	18	114	91	5
42	83	81	16	24	14
72	15	103	56	7	38
48	55	54	84	54	1
109	48	102	25	58	107
21	68	79	76	58	63
9	99	109	48	63	103
108	43	6	83	96	56
41	47	99	77	62	36
92	88	67	7	9	59
60	113	28	54	31	39
28	95	66	110	29	66
29	38	53	36	109	90
34	101	43	48	9	8
86	70	63	10	72	68
99	53	55	38	46	63
93	120	1	101	71	112
76	63	118	97	5	33
16	78	10	29	107	46
20	116	47	13	35	26
86	115	75	3	61	82
85	55	31	17	73	87
11	91	24	119	117	63
113	62	17	27	88	114
75	40	35	119	26	92
12	95	8	4	77	109
89	85	19	120	106	62
97	7	118	59	54	39
88	31	111	48	29	64
34	46	26	54	111	80
13	109	5	96	108	37
69	74	26	102	36	77
72	108	83	60	46	44
60	13	13	45	56	7
58	65	113	7	110	37
33	50	15	1	76	50
105	89	31	6	98	58
18	12	50	69	32	17
77	106	3	26	59	82
33	110	19	99	117	101
42	116	65	56	98	109
68	119	112	104	93	31
26	74	1	83	109	87
113	52	18	100	51	71
86	42	117	37	109	89
105	105	58	86	47	1
115	13	4	72	37	2
120	56	67	91	107	88
79	103	47	72	96	100
95	42	88	47	21	9
63	8	120	109	32	79
66	5	3	67	114	114
90	60	93	67	53	65
97	114	84	44	22	65
109	95	67	46	90	90
94	46	111	39	26	36
114	97	18	32	37	21
2	17	111	105	31	19
79	5	75	108	114	45
81	57	2	98	60	86
10	91	98	91	83	76
117	37	56	69	30	85
4	92	41	77	117	94
100	46	23	64	20	27
106	86	100	114	5	66
41	59	10	111	1	4
21	95	90	90	34	67
92	99	46	88	110	85
75	32	58	34	33	10
53	81	47	87	75	1
93	18	38	53	13	57
48	101	86	28	89	71
88	86	39	85	7	88
2	44	102	15	51	14
71	73	91	6	54	76
7	45	79	115	92	49
74	74	60	56	65	29
15	37	99	8	102	39
12	97	62	52	116	38
9	94	21	19	16	34
38	23	99	43	16	1
21	120	74	71	53	23
27	1	118	116	111	35
55	110	6	6	90	107
108	27	117	27	57	79
66	88	7	9	48	64
70	66	74	62	98	74
11	106	50	30	30	23
81	34	101	70	45	65
117	118	73	105	52	76
20	8	35	115	39	32
43	104	46	23	112	118
37	44	31	79	98	58
48	77	3	86	94	72
86	43	58	2	26	91
36	39	119	104	100	57
61	2	48	120	29	44
52	109	113	115	93	13
43	90	75	95	39	68
25	9	12	105	2	36
17	39	65	54	108	63
60	99	12	93	73	34
82	45	40	8	33	14
55	31	9	86	115	99
77	58	20	29	22	27
39	68	58	38	99	96
25	29	43	101	111	43
22	67	57	72	3	59
50	58	118	46	23	62
84	98	33	55	113	80
48	61	45	72	20	61
32	33	113	3	81	78
32	12	12	6	85	79
28	111	78	98	43	109
103	106	34	113	33	90
30	117	92	68	89	50
31	51	83	116	112	90
110	85	81	66	33	100
34	91	79	54	45	75
104	106	33	54	50	80
104	105	66	71	119	57
35	5	32	17	101	11
16	98	54	57	22	108
43	50	51	81	7	116
96	9	84	9	15	75
51	117	118	119	63	58
110	106	1	86	45	102
93	44	6	20	92	44
40	55	76	52	75	24
99	83	70	75	64	95
95	57	118	40	98	88
24	9	54	19	72	54
102	13	109	69	74	58
65	18	21	104	64	77
47	17	83	84	1	118
113	38	12	101	56	66
59	47	114	76	67	18
36	32	29	21	55	83
25	73	90	4	80	59
36	87	106	53	47	31
49	114	99	78	59	25
107	44	120	120	2	18
116	75	9	12	16	81
79	77	119	50	53	112
100	96	55	77	17	57
4	55	56	43	103	91
20	21	65	117	91	92
8	57	111	56	41	45
82	7	56	100	110	55
61	14	22	15	93	8
44	53	43	15	103	93
56	103	46	100	8	86
38	113	98	30	7	57
82	65	33	26	113	110
13	94	29	20	85	23
54	30	87	5	12	80
117	33	104	106	5	8
12	86	120	11	115	66
109	16	2	118	101	41
23	47	18	21	111	54
94	30	18	1	95	115
71	120	83	45	90	16
55	29	73	90	41	93
88	37	110	4	22	54
100	7	68	52	81	79
86	13	23	20	108	50
19	71	9	38	81	47
14	82	53	3	43	116
54	112	39	37	41	108
13	70	2	54	47	116
80	80	87	118	25	48
96	91	27	101	81	34
108	99	66	99	76	62
34	113	84	79	44	47
73	9	53	73	60	99
74	68	84	92	40	29
16	37	97	11	13	83
107	97	73	69	88	87
48	72	99	36	58	115
110	27	62	80	27	104
108	32	111	29	19	106
118	47	69	105	99	17
22	92	27	52	83	70
35	47	57	3	112	67
89	91	5	14	101	54
93	88	98	84	107	83
20	95	84	74	106	1
44	34	17	114	78	32
30	81	70	44	85	16
44	112	106	28	22	31
65	22	117	67	79	103
82	94	23	31	99	34
120	78	17	54	115	44
107	72	40	68	5	98
90	83	119	83	91	16
2	52	24	101	91	79
103	92	116	116	45	77
59	103	14	84	60	78
92	12	44	24	96	92
118	70	57	72	28	51
103	103	103	69	41	68
32	100	39	86	42	11
29	24	111	28	24	118
60	52	99	20	49	94
65	100	11	25	50	74
98	107	10	9	86	54
118	119	62	120	81	73
1	53	95	92	111	12
112	45	22	119	54	90
20	18	30	59	96	62
72	91	84	28	99	117
15	66	85	21	103	76
56	27	8	103	18	89
104	84	37	75	43	99
85	16	20	18	78	30
39	89	73	65	34	56
23	118	97	23	113	8
69	28	57	120	73	41
111	1	54	54	49	114
33	58	89	12	57	75
16	33	32	10	74	64
31	9	102	55	116	25
64	58	88	28	86	117
27	73	35	86	117	19
36	13	24	117	67	84
79	36	18	32	67	35
28	9	61	104	4	73
64	60	15	105	5	53
5	49	2	82	40	43
56	101	35	64	113	80
45	43	102	57	54	92
68	25	39	116	22	32
59	2	35	79	97	77
45	27	114	109	108	102
2	75	15	98	8	61
75	98	32	107	10	66
16	25	109	118	4	67
17	105	51	14	90	120
22	8	99	4	68	28
57	68	4	79	105	48
21	37	31	25	7	55
101	27	91	16	11	70
51	40	58	106	2	51
41	94	29	101	33	36
55	43	105	33	113	77
113	84	48	8	22	100
40	35	37	18	72	41
67	38	103	19	2	43
30	109	108	35	81	3
18	107	75	55	96	54
107	53	41	106	20	13
39	61	114	16	56	63
109	8	25	87	35	11
85	94	76	109	24	109
119	33	103	11	27	47
12	1	10	69	72	32
113	120	5	76	47	104
28	13	70	84	43	76
52	57	114	61	79	19
75	91	91	82	70	46
32	75	55	90	113	85
15	117	19	2	10	110
51	113	65	51	62	92
59	41	33	119	28	59
54	8	97	15	114	105
37	11	90	16	62	48
43	72	26	63	15	72
112	62	36	8	104	15
66	100	68	13	3	26
101	27	20	33	16	91
72	26	73	34	73	62
87	76	8	98	19	25
62	7	55	93	49	28
109	6	10	11	63	94
7	45	102	23	35	26
102	40	82	15	72	29
76	57	110	7	44	93
46	68	46	91	91	44
30	86	85	9	53	45
12	59	59	69	102	112
52	54	120	15	7	66
58	34	35	81	7	106
86	2	8	101	46	20
23	32	41	75	117	36
25	43	85	33	39	42
100	32	84	8	95	46
54	1	21	113	73	38
36	114	105	63	66	77
21	103	119	31	89	87
90	72	6	43	81	51
104	23	5	97	76	88
106	77	15	46	55	4
118	20	17	51	40	79
27	49	101	94	46	30
102	33	99	108	1	73
84	60	104	98	35	25
11	111	39	41	98	67
116	21	84	44	6	11
118	34	46	57	91	118
93	81	42	116	55	78
6	27	36	35	42	83
25	48	106	104	118	10
62	40	115	2	42	86
120	39	95	8	64	24
20	58	93	92	120	93
37	61	28	49	75	47
5	49	29	34	70	23
104	26	16	4	113	4
2	52	37	59	54	41
52	107	46	90	34	116
45	33	80	110	108	16
99	31	53	100	39	97
79	115	84	22	7	21
40	91	83	5	108	29
87	35	72	26	91	27
120	16	83	69	10	15
53	7	30	51	37	101
33	28	78	55	6	117
79	77	98	98	51	100
91	36	43	106	71	30
67	3	58	29	84	116
111	70	71	47	91	62
107	62	72	51	46	14
60	111	112	88	30	53
90	98	76	112	12	97
50	106	18	58	65	48
61	31	111	22	92	82
107	26	102	61	20	106
70	108	117	67	101	37
30	96	43	70	67	52
93	84	28	68	24	6
14	77	14	81	77	111
64	117	91	2	117	1
103	60	1	64	52	75
94	23	73	81	89	100
98	45	5	11	48	76
78	45	106	94	110	112
85	120	110	22	117	97
70	111	66	120	30	52
63	6	105	110	77	7
73	118	2	80	24	105
109	77	18	68	83	28
70	102	95	31	7	53
73	96	21	18	20	75
75	49	18	28	71	110
103	73	86	113	9	18
50	65	68	78	1	17
43	2	86	111	7	25
9	33	76	85	35	26
29	105	68	12	74	85
110	55	51	63	101	23
53	118	81	74	63	95
101	40	82	86	112	83
70	26	15	99	55	52
76	84	21	37	10	25
37	45	99	62	79	120
85	35	22	117	4	17
99	92	120	52	27	40
1	24	84	26	63	9
25	35	36	45	36	71
3	119	49	2	59	51
70	24	13	21	63	119
19	102	67	119	47	37
52	97	66	115	104	87
95	14	112	14	21	10
12	92	31	29	99	70
118	118	36	26	35	3
73	92	94	75	37	59
22	53	106	67	45	51
76	28	26	62	2	45
26	91	27	10	9	8
108	96	77	67	23	76
90	12	10	5	23	50
41	34	89	94	7	118
37	33	88	108	36	100
103	36	116	112	25	99
90	96	63	61	107	109
34	54	104	16	4	23
47	54	12	47	58	42
67	64	93	30	33	20
91	119	78	12	45	90
36	19	92	78	66	83
70	14	99	93	74	19
56	85	31	104	87	67
25	91	106	20	91	18
42	32	112	45	94	99
23	76	32	74	13	102
22	84	94	47	14	32
110	111	95	97	11	98
43	22	66	66	41	100
109	96	101	44	65	57
116	48	95	40	59	15
30	97	118	113	62	78
75	52	50	93	71	117
110	10	26	41	49	10
45	31	109	49	54	75
104	44	85	93	43	76
80	20	26	76	115	61
73	93	69	118	90	119
58	25	117	38	23	45
22	39	72	57	81	21
24	115	23	22	93	73
107	8	32	43	79	21
7	99	22	73	58	25
83	21	55	113	18	108
112	76	60	103	75	44
84	6	98	106	120	60
58	71	84	80	85	28
54	55	83	83	90	118
9	39	53	77	21	28
101	61	52	4	76	44
77	59	114	15	100	28
42	26	78	119	9	23
37	17	81	82	98	78
1	75	23	67	111	36
74	60	10	54	104	108
69	20	75	65	112	34
119	15	107	61	103	64
95	62	53	83	34	37
79	103	90	117	27	62
102	51	41	25	39	19
91	11	20	40	50	103
73	51	89	11	57	16
13	101	50	1	3	118
94	103	102	1	59	60
76	93	62	63	99	7
106	65	23	46	12	44
60	29	41	10	78	47
63	105	86	52	88	33
90	73	62	2	45	80
95	113	109	94	71	10
8	2	110	8	33	81
90	12	59	83	5	98
7	67	17	62	26	52
38	13	5	26	27	114
38	66	78	110	117	107
16	26	12	30	112	33
48	51	4	89	96	24
8	48	66	61	115	34
27	66	110	25	6	57
80	22	72	49	35	76
46	5	101	13	33	46
96	92	118	76	85	91
68	41	36	72	107	115
58	54	27	35	86	82
69	112	29	63	106	46
101	49	30	111	69	31
57	49	100	32	114	105
14	81	56	33	83	61
109	47	80	14	119	85
69	35	54	89	89	99
87	19	55	47	42	65
118	26	43	63	25	17
89	91	87	19	80	61
75	33	4	34	116	71
9	38	78	118	117	51
57	45	9	113	99	103
113	80	3	67	67	100
36	25	73	62	46	88
79	76	59	91	51	65
65	112	42	7	115	31
85	4	49	15	2	31
99	16	61	37	10	77
59	15	45	11	117	95
66	26	86	12	28	112
89	119	39	108	111	43
104	61	58	119	44	75
78	15	76	27	73	17
36	88	63	61	9	115
79	89	108	103	118	116
84	6	54	49	66	45
4	71	97	22	22	88
76	61	66	11	91	30
88	25	120	37	87	71
116	83	88	34	74	64
55	50	9	72	115	30
77	23	46	120	12	74
113	56	44	119	101	65
73	12	21	95	50	115
29	12	118	83	8	33
42	21	43	64	74	60
34	13	112	78	59	60
93	1	102	77	20	23
84	84	36	77	57	71
84	51	102	67	82	33
53	56	84	97	70	89
39	79	92	106	65	117
71	49	76	91	60	45
38	115	23	78	100	99
25	64	109	86	81	6
29	75	57	83	100	25
115	69	44	102	62	42
15	48	19	79	88	89
37	84	23	6	37	84
116	42	92	71	67	7
41	56	93	17	77	10
61	47	9	64	75	3
82	1	27	50	57	100
40	51	45	65	2	65
85	63	41	6	3	5
70	73	113	88	86	63
9	113	105	46	71	53
57	95	69	96	32	39
28	52	34	16	64	30
10	67	77	2	38	81
35	120	86	19	3	104
51	60	59	75	89	2
97	107	4	46	39	114
73	118	66	59	12	119
56	92	91	3	31	58
85	87	22	113	36	81
102	5	43	57	116	62
12	15	101	63	53	50
12	29	72	55	12	60
23	108	15	1	30	64
90	33	31	72	102	65
11	79	47	62	18	57
107	95	60	74	50	90
94	87	8	43	23	21
77	102	114	16	43	95
85	42	37	30	61	22
40	114	15	2	80	65
74	32	110	101	118	43
86	92	48	58	10	68
117	102	15	31	64	106
58	38	73	82	5	11
34	98	34	108	1	93
56	114	15	103	119	84
78	77	44	16	58	34
51	88	86	13	80	92
90	30	14	53	51	37
50	92	104	53	72	120
28	71	23	49	85	62
119	102	62	53	3	21
70	81	16	58	72	35
40	105	34	2	119	65
118	61	35	81	32	89
53	15	113	46	57	12
65	58	12	54	1	6
96	23	30	13	48	68
77	82	4	86	50	44
90	1	82	85	53	76
57	87	41	86	53	37
26	100	31	83	65	54
80	61	64	78	73	75
29	50	114	76	119	27
58	110	19	79	9	75
119	120	98	46	120	32
96	117	89	56	95	33
41	48	39	6	56	78
103	35	68	82	88	7
8	111	101	108	74	17
115	27	55	112	36	32
47	14	93	81	59	104
84	93	28	76	24	27
115	59	92	74	61	51
85	30	119	80	103	3
81	5	81	41	19	19
81	53	59	50	48	41
23	14	54	105	47	84
28	98	38	101	91	96
17	85	93	115	62	99
81	117	38	78	64	113
30	81	93	54	104	110
25	71	61	2	35	63
60	113	79	54	13	90
62	30	11	104	83	85
52	76	85	13	63	40
37	87	63	3	79	8
13	96	33	9	81	65
90	68	47	113	38	108
56	115	25	99	52	58
37	104	34	21	54	3
24	71	43	44	15	49
8	9	63	82	9	4
53	38	25	88	92	76
96	117	81	34	76	15
14	105	66	99	10	55
87	86	106	109	103	87
111	108	115	88	1	47
71	104	13	8	94	14
116	26	7	53	17	19
69	113	14	30	39	116
45	14	43	106	112	22
30	45	73	119	22	49
109	40	12	102	86	39
104	66	104	2	70	9
55	43	61	8	43	65
115	48	30	70	48	81
58	62	36	32	120	28
36	51	31	74	84	61
81	12	45	104	40	6
109	17	65	78	89	71
47	9	59	2	112	86
60	60	85	23	20	83
3	20	29	105	65	82
65	90	44	1	38	68
120	33	104	101	78	35
49	119	25	15	99	14
58	36	21	97	89	96
58	49	117	96	50	55
10	69	42	23	42	51
60	24	50	117	57	99
109	46	31	72	11	107
99	99	39	97	33	97
2	28	12	103	89	105
97	33	49	8	14	114
101	68	112	99	32	57
71	69	15	22	106	77
2	4	51	89	100	94
100	35	46	58	80	70
64	52	89	67	82	89
16	20	108	102	22	12
67	50	94	9	6	116
113	41	3	79	106	41
61	9	39	109	100	84
35	115	77	16	93	119
87	85	70	34	45	107
18	92	62	77	34	95
104	57	96	21	85	54
116	109	56	67	108	35
113	30	30	83	105	50
98	87	62	17	73	61
64	49	64	73	118	89
17	21	58	46	89	7
49	61	42	73	72	9
120	26	102	114	76	37
11	55	62	85	80	45
110	82	52	39	75	9
99	96	29	83	107	67
11	29	116	23	100	90
13	15	41	40	11	30
37	110	5	120	25	47
94	38	27	92	19	3
70	46	82	59	49	75
14	86	80	33	26	84
111	7	98	18	53	39
34	87	93	32	4	67
81	119	8	88	62	41
10	31	108	13	3	114
95	48	119	115	25	60
7	97	72	28	24	110
111	115	61	98	60	115
87	104	18	111	97	76
20	97	84	57	63	7
68	52	73	113	52	39
91	97	4	53	17	46
70	71	107	22	73	101
77	59	29	79	1	88
114	55	70	95	77	64
75	115	11	50	33	83
115	49	56	12	80	1
59	53	13	18	83	14
77	116	38	93	47	50
9	19	112	25	38	27
3	73	76	65	77	13
88	113	112	29	41	80
32	47	21	104	16	5
30	27	86	46	45	23
31	13	103	93	52	81
35	106	52	41	3	59
3	34	73	61	60	73
12	110	27	81	22	15
58	68	25	80	100	38
3	72	79	62	13	64
66	75	78	64	18	74
30	3	23	110	43	62
42	113	12	114	32	87
106	93	44	29	104	65
85	50	77	37	5	54
10	54	64	3	104	70
4	80	18	27	101	31
58	52	39	67	50	60
96	39	44	46	86	79
24	39	94	26	45	93
116	35	73	36	32	24
74	51	5	69	52	28
31	55	76	30	2	21
109	79	90	120	81	38
59	106	62	85	57	35
72	30	19	92	85	117
69	111	45	27	3	37
38	54	46	110	41	9
50	5	70	76	23	97
57	17	63	17	52	110
19	98	99	87	78	107
93	34	40	13	90	29
31	46	41	96	70	118
79	88	20	95	43	87
25	13	61	55	65	28
31	5	11	47	85	23
13	30	70	41	62	83
31	70	42	52	85	103
95	62	58	97	106	80
70	62	43	80	25	34
52	87	84	44	87	92
52	44	50	41	110	31
12	29	85	45	113	3
84	94	55	48	64	90
31	64	38	34	89	57
66	120	3	40	53	117
6	18	46	98	98	4
35	75	113	49	51	87
12	68	80	58	2	92
90	27	111	79	83	51
38	107	104	4	56	56
7	78	115	37	35	65
29	42	93	37	102	24
22	27	111	87	85	71
50	47	113	15	29	41
23	68	79	70	16	17
61	33	38	104	18	38
45	109	8	79	31	57
52	89	99	39	66	68
120	15	90	95	52	98
66	81	53	79	25	43
50	19	4	31	56	114
64	113	31	46	26	118
36	53	35	8	93	60
65	7	70	29	5	38
64	22	48	109	116	3
36	11	100	88	27	103
22	119	108	42	44	74
58	45	43	54	99	98
80	82	45	13	33	4
76	15	39	27	73	103
88	85	16	41	14	94
74	73	32	65	113	63
100	84	101	94	26	18
86	69	58	50	114	114
89	12	105	14	119	85
3	60	18	76	38	91
95	120	8	63	10	113
78	77	92	58	32	71
6	108	62	59	117	112
75	84	9	5	111	3
23	92	39	9	14	55
95	83	24	39	104	94
109	108	6	93	75	102
96	33	54	25	114	59
110	115	81	19	17	120
38	91	31	85	11	83
96	102	30	15	76	85
84	20	73	71	111	82
118	115	82	33	28	61
63	44	23	116	35	119
24	81	89	88	70	98
78	14	56	99	63	21
78	66	8	105	94	37
87	106	76	9	71	113
55	27	80	120	37	81
76	11	72	43	101	70
56	81	46	52	18	86
14	26	87	13	51	110
59	60	113	72	38	50
16	58	21	3	18	110
56	69	30	22	20	98
71	4	86	100	71	94
67	23	116	37	55	24
53	47	83	74	75	18
35	58	9	64	50	75
81	76	23	101	84	31
48	110	55	18	101	69
62	45	113	67	49	111
116	78	92	27	91	55
16	45	21	32	58	84
53	114	59	30	86	88
37	15	118	74	71	5
115	85	14	113	111	106
16	119	63	33	13	92
49	84	1	78	91	6
82	73	95	108	14	86
17	26	12	35	77	23
77	9	59	2	8	30
5	61	35	15	85	68
115	109	60	94	98	14
36	68	92	5	116	98
80	83	31	29	44	116
35	48	91	84	116	50
8	13	113	55	72	18
68	92	23	103	40	79
8	115	51	18	102	117
50	36	105	36	101	49
48	65	103	64	55	112
37	51	106	100	84	26
59	57	95	39	79	71
37	44	23	65	15	119
7	104	75	78	74	20
86	66	97	28	85	111
10	7	90	119	8	51
75	52	48	19	87	2
2	27	29	20	76	74
24	5	43	92	12	106
27	110	54	89	39	3
54	59	51	96	35	31
73	1	42	46	46	24
42	39	13	85	78	55
52	54	9	67	86	120
50	87	36	80	57	119
36	76	91	56	117	95
46	42	81	79	89	118
91	49	110	117	23	43
37	13	10	79	79	109
113	104	20	37	115	93
4	98	42	92	44	107
41	115	89	8	53	106
44	15	120	61	39	12
112	47	103	53	56	39
108	73	1	75	25	81
100	66	117	111	49	69
99	55	15	17	112	39
4	67	40	117	62	26
38	90	16	54	11	118
47	30	11	76	77	16
16	37	4	112	19	34
67	11	108	56	19	64
17	24	28	74	2	65
27	99	46	10	48	13
30	42	46	83	17	56
53	30	108	101	22	48
55	110	53	12	99	30
116	45	102	34	15	111
106	35	31	57	73	26
17	37	95	1	86	76
36	60	43	96	24	20
32	77	52	100	16	93
8	88	42	18	52	113
117	88	86	65	5	103
85	61	52	62	31	33
1	59	51	93	60	104
57	41	118	60	17	31
28	60	72	25	35	92
16	112	13	26	112	39
97	116	69	88	101	74
95	15	5	6	41	37
74	51	73	113	120	116
22	71	27	54	93	108
75	115	112	117	18	85
103	120	84	41	116	116
31	99	56	33	68	15
57	58	94	15	66	34
60	16	71	98	95	10
40	21	79	7	35	97
95	5	35	112	108	50
53	85	39	87	4	27
98	112	53	17	120	34
91	60	44	111	67	8
11	89	119	83	95	4
80	7	107	51	38	55
22	30	26	1	115	109
6	102	99	115	106	14
1	20	86	24	10	59
77	44	112	73	119	118
70	24	11	98	95	103
109	71	33	9	68	35
95	95	28	42	34	103
48	5	52	39	51	2
31	19	112	84	110	27
102	90	117	104	59	117
67	14	111	28	22	104
52	92	115	74	61	37
120	51	85	108	85	38
57	70	96	50	66	15
42	37	86	85	67	71
23	53	113	14	81	23
119	103	30	22	74	116
81	63	32	85	110	106
7	66	108	52	24	95
104	81	15	65	93	2
96	106	29	49	102	8
92	41	87	11	19	113
99	31	116	72	4	31
17	94	93	100	24	64
86	61	90	69	22	76
43	117	87	11	60	11
24	111	54	16	43	110
69	10	100	71	54	55
8	64	38	13	21	14
110	3	115	90	92	87
6	2	5	54	99	23
86	35	74	105	115	14
85	36	94	65	88	109
70	92	107	64	96	31
20	96	1	103	88	81
40	93	79	7	29	46
81	36	80	43	104	93
46	95	86	73	17	119
67	6	74	108	50	70
21	25	25	66	44	42
78	85	84	74	103	30
105	11	106	16	79	110
44	78	7	17	1	22
64	99	97	31	6	50
102	59	31	117	28	94
54	72	79	44	25	28
111	37	26	63	54	120
68	98	65	115	39	103
13	45	2	32	76	45
117	63	93	41	76	16
35	56	33	13	117	80
100	100	69	74	119	24
27	33	18	49	87	83
18	2	21	41	11	118
62	60	16	62	71	44
87	53	106	46	43	9
56	43	85	78	50	96
53	28	23	68	30	90
22	48	46	54	54	71
4	102	43	52	87	73
27	100	93	53	66	7
62	46	77	56	83	114
1	3	71	23	107	100
44	26	61	17	60	55
23	27	105	103	57	104
94	55	92	118	37	61
70	117	74	64	55	39
64	13	69	38	40	50
112	99	56	108	38	94
61	39	44	53	113	33
25	74	33	91	86	13
97	79	51	95	84	15
40	19	3	70	5	25
105	4	94	66	19	103
40	62	92	76	20	97
2	85	104	32	4	40
117	88	65	78	71	80
1	15	52	3	111	103
120	13	72	69	107	89
114	64	19	120	24	20
99	28	56	102	106	82
85	38	56	105	49	59
29	115	48	115	17	112
102	29	101	34	69	75
95	38	101	2	18	48
3	103	68	27	111	69
36	23	120	95	83	87
53	55	110	10	76	106
82	88	24	83	27	79
81	96	38	17	77	58
66	69	90	15	24	68
29	88	106	37	75	95
104	64	78	100	112	45
75	29	58	98	100	20
6	117	26	37	27	6
86	1	79	51	7	62
9	19	42	92	8	65
81	2	8	38	111	17
84	59	32	66	74	74
37	114	44	44	35	94
48	114	61	40	9	13
21	53	59	118	1	36
96	14	111	4	85	38
91	66	97	82	108	41
25	8	102	120	24	90
48	26	12	105	44	86
37	100	114	37	12	85
88	87	15	32	97	58
2	30	115	10	13	3
95	12	57	55	27	61
29	104	49	44	105	84
18	75	69	107	45	42
100	119	100	38	88	91
33	72	99	100	85	40
106	115	55	33	64	4
78	17	56	106	98	7
94	66	15	93	79	81
102	65	54	48	8	118
74	113	112	9	33	63
44	10	80	14	32	67
95	97	106	11	40	23
98	84	76	91	2	17
14	103	13	66	23	29
102	78	29	68	3	55
34	49	101	73	107	11
78	9	61	11	114	96
110	84	107	38	7	69
109	73	9	100	51	44
42	106	9	111	111	57
100	35	8	58	3	25
25	7	47	55	4	66
81	34	45	108	21	18
71	10	42	115	47	5
96	75	40	110	17	118
14	62	55	71	18	105
59	38	109	5	3	24
53	17	67	55	8	114
2	59	34	11	93	67
6	51	2	56	1	49
94	21	96	17	36	17
6	38	115	17	95	90
37	116	37	70	101	78
79	118	8	27	9	64
40	92	89	54	60	14
39	37	3	36	55	88
57	7	119	89	21	38
106	57	98	47	74	58
24	54	73	97	16	51
24	45	10	21	61	37
55	107	35	73	109	36
112	53	112	29	9	31
120	30	7	75	46	79
34	83	1	14	43	38
34	90	46	63	15	66
113	109	39	53	10	77
20	42	38	63	5	52
115	77	28	65	67	105
114	50	90	52	113	65
96	33	84	31	14	73
68	54	53	83	103	102
35	120	108	49	57	99
10	50	99	61	92	102
107	97	11	48	2	76
46	107	75	97	61	3
36	118	96	10	80	62
47	96	114	3	50	46
113	21	14	7	114	53
69	109	48	21	66	28
50	110	24	63	113	21
115	42	45	112	86	100
51	39	22	50	11	87
17	10	112	95	112	71
45	89	32	46	44	87
75	97	43	45	91	115
31	50	118	40	81	23
79	104	11	106	64	112
43	4	14	83	46	49
37	38	109	29	85	71
61	54	54	10	47	18
43	52	54	22	100	27
47	18	5	95	70	3
20	60	40	47	115	59
25	19	27	104	92	93
86	29	70	98	33	113
76	21	5	15	10	28
24	107	47	114	107	82
16	32	119	85	102	27
35	47	7	106	41	69
23	109	85	105	80	53
117	44	46	103	59	78
38	22	31	20	49	101
114	83	63	99	52	10
99	106	112	88	65	110
84	112	15	14	67	8
8	3	102	17	31	1
119	45	50	27	119	7
34	107	72	118	67	77
19	26	31	103	29	83
81	2	118	20	25	11
32	16	5	50	12	95
110	40	68	36	87	91
27	7	1	29	40	45
53	29	46	76	68	53
34	17	105	94	120	101
42	66	11	7	106	69
15	38	46	76	91	22
17	43	82	88	70	58
111	70	49	20	28	55
36	79	19	111	105	54
16	89	79	89	78	64
71	61	97	66	3	113
71	11	13	116	57	68
40	3	8	25	96	59
101	76	79	41	21	35
5	62	95	52	94	76
66	11	63	9	54	62
68	26	24	94	2	59
52	24	62	73	9	92
79	20	88	117	116	90
92	24	89	108	79	21
108	19	118	109	76	22
9	83	83	106	77	69
14	19	56	46	85	12
53	52	11	90	73	104
86	63	58	98	29	32
113	103	26	46	24	94
65	16	92	65	114	109
79	54	106	3	31	80
57	118	100	17	114	52
117	19	47	100	112	18
65	31	27	29	110	38
71	14	75	37	103	83
3	83	61	120	1	52
37	98	35	9	40	38
78	84	51	58	99	28
16	36	104	86	55	73
99	79	41	99	47	69
103	103	71	80	24	20
119	45	23	47	91	28
119	36	105	22	24	99
22	116	7	117	107	109
1	97	57	97	6	68
110	71	98	119	14	33
90	47	93	78	36	38
29	4	40	108	111	30
35	106	37	46	101	41
46	51	87	64	11	105
45	2	2	100	36	113
93	112	11	55	49	78
45	31	21	104	110	105
120	74	10	79	97	54
93	100	88	14	68	84
68	112	85	3	109	111
36	67	53	62	16	13
119	117	89	31	57	49
116	42	15	116	23	71
47	5	98	37	52	61
21	73	2	118	37	66
24	40	45	46	113	73
20	29	101	100	47	60
26	18	50	12	38	89
17	2	27	94	20	53
105	31	88	120	41	14
75	2	104	32	12	82
40	89	58	3	72	71
71	34	92	59	1	21
62	19	43	29	112	81
94	26	103	83	57	35
7	17	34	24	42	33
79	101	15	43	13	54
112	18	18	68	73	98
81	112	80	82	2	67
109	71	18	81	1	19
16	95	62	52	120	98
28	114	114	7	80	26
23	39	89	89	60	111
92	28	91	52	22	80
46	82	47	82	63	20
50	86	116	112	1	95
76	104	25	110	115	101
95	49	25	43	23	49
115	103	52	39	12	89
56	53	94	36	39	20
106	113	103	21	120	30
68	26	72	47	113	40
21	86	41	44	19	117
11	114	82	43	100	60
83	25	23	104	68	50
82	94	33	110	13	45
85	96	101	64	9	67
15	81	40	48	97	2
31	26	74	89	18	21
98	43	118	78	90	59
45	39	88	14	83	15
105	73	66	68	18	15
107	19	94	100	99	21
43	68	114	60	57	42
23	89	3	92	51	63
11	118	9	79	10	6
46	13	64	88	47	56
59	24	63	50	71	95
12	112	101	20	2	28
57	21	112	83	106	47
15	113	17	49	67	3
111	45	7	87	69	64
93	31	83	71	47	41
16	16	86	7	119	51
7	77	17	24	42	18
79	91	3	16	54	17
24	45	74	76	100	25
111	57	76	2	93	67
34	87	106	54	37	55
60	72	22	7	16	66
47	55	78	74	7	42
118	73	110	78	96	29
62	76	46	96	57	57
64	94	105	99	96	68
4	34	111	39	77	79
94	20	40	21	33	47
32	49	20	101	14	42
79	38	101	32	120	84
116	80	57	71	36	99
12	106	25	82	36	92
51	6	108	55	103	60
2	87	5	53	70	28
70	76	37	81	88	111
50	2	46	60	93	112
38	54	32	75	102	65
96	97	118	48	101	20
15	80	50	19	75	90
4	12	56	59	3	70
47	93	93	69	40	95
114	70	41	115	42	81
71	113	60	83	17	63
34	1	15	107	15	62
49	46	87	85	104	17
34	119	7	61	102	48
8	47	23	7	10	67
82	15	8	98	34	2
63	114	77	73	14	49
101	119	22	21	24	19
67	6	108	109	95	24
70	98	18	99	116	47
21	93	107	27	103	86
108	2	101	85	43	40
7	116	105	5	112	70
71	30	82	46	38	107
82	25	16	96	86	78
84	62	93	105	53	89
108	38	59	15	67	29
96	38	104	51	109	15
82	2	2	1	79	46
100	12	102	4	83	49
46	77	62	11	113	15
110	91	114	60	84	73
43	38	104	39	110	40
93	14	75	91	54	22
107	32	84	38	113	60
53	119	10	29	11	13
106	119	42	37	5	33
117	110	55	39	59	82
33	61	48	40	95	109
41	100	26	92	56	8
18	103	104	54	50	34
55	24	25	46	82	81
80	50	12	88	83	21
62	26	61	25	94	41
65	20	103	60	8	88
75	68	51	89	105	2
84	98	54	11	76	109
109	75	2	82	104	115
2	72	31	72	24	38
8	63	108	3	36	57
44	16	41	58	77	48
116	52	87	71	41	4
19	110	61	3	50	91
90	49	28	37	17	98
86	54	45	56	36	23
57	84	96	49	69	105
30	68	26	39	38	40
119	94	59	1	96	90
64	79	88	84	32	27
71	1	46	107	76	33
108	68	14	31	44	11
61	97	86	8	42	10
100	23	74	54	79	45
13	37	63	82	12	16
39	23	117	76	19	34
60	62	74	32	92	31
105	29	59	18	48	22
115	52	54	77	94	118
57	110	111	106	61	108
94	19	101	13	54	13
100	48	52	13	26	61
103	100	16	108	68	38
72	93	90	35	58	41
98	14	69	42	86	106
4	65	32	73	24	70
90	79	115	16	13	95
4	50	65	102	68	113
61	15	82	50	47	22
27	106	110	118	107	6
84	65	25	80	85	38
107	39	36	120	112	65
86	89	48	109	1	105
8	84	36	81	46	62
37	38	117	18	111	24
114	43	7	4	74	103
45	37	89	25	108	100
25	91	77	41	111	54
9	27	28	24	56	92
47	38	42	119	51	48
119	54	108	76	76	43
57	91	75	35	49	98
15	99	90	74	62	110
67	71	95	40	39	44
62	54	116	99	62	96
58	89	25	23	26	104
38	96	24	86	92	32
83	69	1	89	30	29
79	117	82	68	85	64
51	88	112	115	58	7
7	69	7	117	6	79
27	59	112	21	52	58
40	19	115	35	89	104
73	109	5	76	92	68
25	93	106	57	110	93
54	92	14	68	115	103
51	38	30	71	25	87
95	11	28	97	86	35
52	48	33	107	52	84
103	50	94	104	35	18
82	20	98	24	56	42
94	72	107	86	72	98
18	53	92	48	34	81
103	104	32	39	107	11
24	78	72	53	68	32
32	43	57	25	111	107
83	89	48	64	93	28
24	31	18	50	117	70
96	94	77	118	109	68
28	35	103	92	64	88
42	58	96	77	65	18
43	80	7	55	113	85
116	56	21	41	6	75
76	23	89	35	70	68
67	100	47	33	112	22
96	36	37	90	91	57
50	86	5	95	120	111
55	37	45	18	86	24
8	38	34	82	97	99
48	34	91	3	105	39
21	98	43	89	91	67
91	119	4	27	3	31
39	118	38	81	37	92
108	81	103	47	104	68
43	28	1	13	9	52
41	72	42	102	107	95
59	104	65	8	38	8
109	88	101	41	37	13
67	62	77	6	7	12
78	106	112	33	10	57
49	51	102	32	29	88
3	7	64	29	32	39
108	102	47	4	101	94
65	20	24	49	53	85
5	54	84	97	27	53
81	105	31	81	8	47
84	45	7	102	87	51
51	105	34	86	110	24
96	78	76	51	1	8
25	77	64	76	75	66
41	94	118	113	67	22
51	44	53	88	34	116
50	84	118	109	49	72
120	32	7	35	98	87
1	51	79	104	41	36
83	111	42	117	66	69
45	58	109	95	42	62
56	57	32	116	59	38
26	70	69	50	86	73
65	10	64	34	60	6
103	40	85	69	111	66
108	73	56	111	76	100
79	96	113	63	73	36
84	78	86	110	39	90
35	15	92	91	59	14
59	103	49	52	29	58
108	87	18	40	96	51
103	85	68	18	38	30
2	64	47	112	93	1
67	11	38	110	25	32
75	37	75	14	14	94
31	62	113	39	102	107
37	52	60	94	28	43
101	39	5	55	69	110
105	38	50	47	99	21
40	33	82	95	91	61
113	48	91	1	16	13
33	118	11	117	10	49
38	52	110	39	60	5
60	37	26	92	51	59
56	13	4	73	69	27
15	93	62	38	45	70
119	78	105	23	110	61
68	23	104	81	8	67
64	46	3	20	16	25
68	23	86	87	1	54
38	55	116	64	76	107
48	87	116	85	54	43
49	112	6	21	48	32
20	70	56	20	98	93
14	85	104	11	17	1
4	12	19	68	7	67
17	75	103	66	89	14
95	75	91	16	37	39
74	118	103	67	7	36
119	27	42	74	2	95
1	91	83	104	104	3
112	95	5	106	114	93
29	56	92	7	21	50
118	33	93	29	97	50
119	36	72	2	56	27
79	116	92	26	41	101
38	4	71	82	112	44
22	14	110	60	93	46
32	103	30	110	17	97
22	66	73	27	32	61
21	1	119	3	97	22
57	96	48	42	107	102
33	35	64	27	103	38
44	36	56	23	24	49
45	31	30	113	40	46
84	120	75	36	11	89
117	55	98	49	99	43
118	110	61	87	10	53
28	37	5	10	1	90
44	36	43	76	65	10
80	9	5	24	21	43
46	49	96	24	38	96
55	56	16	55	1	106
100	33	100	49	115	91
76	30	14	76	25	36
50	111	61	32	1	50
21	32	18	97	110	86
86	83	115	95	43	53
19	78	58	54	34	119
36	109	26	21	42	50
105	36	52	40	64	64
66	14	116	45	16	47
119	47	93	115	6	73
50	23	55	110	74	56
88	106	56	38	96	102
82	117	50	113	70	38
100	98	115	19	69	6
85	27	104	62	29	24
38	109	40	116	94	19
60	4	104	57	67	44
20	112	41	78	96	118
120	47	101	99	29	70
105	40	22	99	84	16
96	5	92	120	38	83
76	11	53	82	115	36
64	13	67	107	31	36
39	13	11	45	111	53
115	83	27	97	79	69
20	65	91	10	91	111
120	66	118	35	64	57
62	4	86	61	117	111
56	38	101	91	40	38
69	92	7	5	18	57
31	86	69	13	118	120
61	13	77	69	111	33
116	81	19	69	34	118
58	84	37	68	1	85
82	65	31	83	81	91
1	63	99	45	70	75
29	84	108	67	14	74
72	86	112	3	29	57
47	84	23	104	22	21
90	83	55	76	115	66
25	101	16	85	75	76
42	51	96	42	48	31
98	68	94	73	66	14
63	116	98	45	30	21
54	119	89	102	80	24
59	72	32	12	1	49
120	71	37	49	78	33
65	11	81	55	60	120
112	93	73	86	86	108
29	114	52	22	21	74
87	74	18	15	21	104
99	87	89	29	36	116
51	7	70	40	56	118
12	117	105	24	75	100
87	1	114	9	10	22
82	10	21	91	115	71
98	74	103	11	93	1
119	63	77	73	98	90
80	120	64	21	66	68
119	14	12	105	37	75
93	119	91	43	11	66
92	15	15	14	38	93
33	15	117	20	51	19
68	7	12	92	67	19
88	101	37	2	8	119
117	61	48	22	86	45
53	62	16	84	16	78
58	97	77	83	56	29
81	90	51	108	1	94
80	96	59	54	47	24
50	29	39	98	3	100
43	54	37	35	40	76
83	119	21	82	17	87
120	94	102	30	103	86
22	75	95	97	48	107
90	105	5	33	38	40
43	103	19	60	21	40
17	56	98	28	58	14
63	111	102	112	68	30
120	58	4	86	3	48
54	93	17	115	63	58
91	6	83	103	117	3
91	39	111	55	94	98
6	64	89	98	72	41
53	103	69	109	82	105
91	118	50	37	12	32
8	116	20	58	72	105
5	81	57	100	72	51
47	35	89	46	21	23
31	1	54	50	56	45
37	79	21	63	45	96
40	15	93	55	62	87
5	12	49	35	12	30
57	70	100	76	19	26
65	59	83	82	5	4
97	23	7	105	36	68
58	17	104	18	120	40
94	103	105	101	31	16
3	93	118	50	43	16
44	52	26	26	26	108
3	50	81	101	93	12
89	109	116	86	29	50
53	55	28	35	80	50
7	49	78	90	103	40
18	64	110	95	27	30
35	38	99	79	56	76
98	91	68	30	13	62
1	58	56	50	109	106
112	44	70	71	70	114
25	35	23	104	10	37
58	111	87	99	20	16
31	82	102	80	1	81
101	17	46	62	61	78
39	78	66	28	69	74
5	98	29	87	42	117
79	71	8	95	24	73
38	114	72	64	40	85
115	83	74	85	33	45
57	20	59	118	95	90
38	22	20	106	94	33
21	56	42	64	117	68
4	61	110	83	84	89
57	14	46	55	67	35
71	27	31	55	47	76
67	63	28	63	60	58
88	51	100	65	92	2
17	15	71	71	68	78
51	49	8	47	100	44
80	51	56	21	9	111
8	67	89	23	103	93
19	64	96	34	107	41
104	94	57	27	7	64
28	41	87	107	97	38
117	72	105	96	108	41
35	23	55	15	24	99
43	34	107	120	28	78
88	63	76	40	34	36
2	31	111	3	67	10
14	1	60	99	56	34
73	34	82	73	91	10
9	61	70	23	39	109
49	102	54	53	70	53
63	120	75	60	9	98
28	10	45	40	52	58
80	104	8	15	10	72
55	18	68	70	56	112
90	107	31	83	8	48
35	67	117	90	116	70
116	17	94	6	91	116
28	86	26	26	13	73
53	50	81	4	23	71
102	57	27	23	89	50
85	100	112	108	35	99
77	29	115	99	41	4
89	106	66	115	65	7
5	39	7	65	51	26
80	35	120	77	92	120
10	50	60	8	117	86
91	108	17	100	5	63
5	9	8	63	69	55
76	49	37	107	36	109
72	91	46	49	40	113
98	1	55	65	116	77
26	78	53	60	83	100
109	48	86	47	56	106
107	82	12	23	56	102
43	15	68	12	54	25
29	53	49	103	26	54
25	51	113	101	17	31
31	65	68	96	3	70
105	22	58	12	75	8
66	82	30	87	59	42
100	9	55	48	34	39
13	60	80	98	68	48
95	18	52	8	51	108
113	86	23	116	13	34
49	57	39	104	55	29
28	89	69	9	100	81
27	88	102	30	20	16
81	20	65	31	116	114
120	107	56	105	58	105
11	2	45	5	39	82
42	91	19	73	101	14
38	107	98	79	95	63
27	62	107	84	35	102
31	61	4	14	41	96
86	85	101	120	14	11
51	18	48	116	103	36
120	48	35	63	41	83
90	104	107	55	70	27
28	44	17	36	109	82
48	57	88	42	85	66
12	77	98	117	120	19
6	90	11	111	87	112
21	65	30	9	42	28
104	90	67	20	107	69
48	46	62	91	26	97
84	45	73	102	114	25
60	24	101	36	60	33
44	23	58	44	27	32
69	86	51	51	99	35
46	29	49	83	118	30
93	7	103	68	68	44
107	58	67	1	18	23
67	88	95	99	36	48
57	23	4	70	90	93
98	29	44	11	69	86
104	47	18	77	58	67
27	97	2	22	82	58
36	13	108	67	33	94
85	62	23	5	38	83
63	59	83	39	27	16
12	96	89	120	45	26
28	80	103	78	72	105
97	32	78	92	84	99
17	109	5	4	34	46
26	84	116	85	69	67
94	106	12	103	99	48
35	10	94	8	34	4
80	10	79	118	66	45
98	30	81	33	49	12
45	119	36	53	33	84
99	51	102	101	34	64
5	88	87	81	56	88
31	1	87	58	111	4
30	24	90	16	59	54
83	51	1	6	99	48
11	37	3	116	34	83
120	57	111	89	96	65
17	57	40	61	72	57
66	102	118	72	71	53
95	24	96	78	88	69
18	64	33	77	93	43
31	14	61	59	60	50
46	11	38	46	12	29
29	82	19	90	29	9
40	60	112	21	26	84
93	32	65	35	15	108
66	111	24	99	34	6
10	100	86	107	75	14
17	77	27	97	102	43
120	35	115	64	59	71
7	2	97	74	117	81
55	96	51	39	36	70
120	17	95	59	35	84
17	120	48	54	89	82
108	5	11	29	75	74
39	70	100	101	25	112
50	43	119	115	72	38
48	47	115	8	64	41
103	16	93	52	105	14
70	4	24	29	6	64
56	34	104	18	37	107
85	40	97	55	58	22
48	21	68	88	95	86
30	30	6	14	64	34
8	34	95	92	25	91
29	24	96	118	12	7
90	44	62	93	70	110
88	99	12	61	37	40
30	100	82	26	7	5
34	31	62	29	76	115
43	5	70	25	89	17
81	13	90	35	31	101
69	110	114	120	17	4
20	115	3	5	41	91
30	34	28	37	75	52
82	119	110	3	5	47
53	23	84	79	27	96
54	25	21	67	115	58
50	91	8	52	48	8
77	116	105	93	107	86
70	31	18	67	1	45
109	89	1	18	60	70
104	96	42	72	99	26
42	13	37	103	40	58
117	49	29	60	31	8
93	89	28	75	74	41
106	85	93	109	106	103
39	53	59	10	99	119
41	1	61	91	3	93
12	48	95	21	52	92
78	47	82	48	25	76
35	76	45	71	96	60
109	51	27	21	117	92
105	14	72	114	18	52
6	44	67	15	57	83
45	22	4	69	109	80
2	120	81	38	112	50
62	33	7	57	68	115
40	70	93	91	99	86
9	39	112	55	5	102
89	11	115	119	14	83
6	51	99	53	117	28
63	24	6	64	93	45
9	62	55	89	78	56
24	28	60	8	120	64
9	95	22	75	3	94
116	98	79	92	36	11
24	8	63	26	9	49
59	19	83	1	106	13
19	25	59	16	14	92
80	12	35	36	56	53
51	85	49	97	98	10
50	31	97	56	60	83
52	57	19	119	32	90
56	93	105	62	3	101
117	77	109	76	65	93
110	81	27	87	107	90
86	9	41	98	14	49
44	119	13	96	28	108
97	32	22	17	62	2
23	6	73	51	110	29
97	98	27	35	61	4
58	46	64	111	22	30
57	105	25	41	36	88
116	53	37	67	114	117
108	47	61	38	33	53
62	78	69	2	28	63
103	59	38	11	98	33
19	7	42	85	54	81
23	27	70	28	17	16
82	42	88	100	13	86
21	45	7	112	49	97
3	28	35	83	110	81
48	47	44	16	30	95
116	63	32	88	88	81
106	71	11	42	28	33
36	107	17	33	40	62
21	98	25	53	113	6
43	102	107	37	27	108
109	75	14	45	16	54
74	28	57	106	80	119
91	37	14	40	81	18
26	57	90	93	71	66
21	117	107	20	84	25
34	48	58	33	21	95
96	97	75	7	27	4
83	20	105	8	91	113
115	45	65	46	11	2
107	47	39	81	57	72
24	118	62	97	33	88
109	106	106	41	30	13
64	39	111	67	11	79
83	3	57	64	110	91
113	108	57	94	7	35
105	19	60	79	9	73
96	110	9	117	106	8
102	112	40	51	115	104
53	84	120	11	73	80
110	96	66	14	66	46
51	62	37	43	44	104
50	103	107	98	5	22
54	115	10	98	13	63
17	107	88	63	10	47
19	42	26	54	68	53
89	51	13	95	71	62
85	63	95	81	12	27
114	85	33	92	67	72
48	72	112	30	82	105
120	77	32	8	4	51
74	46	20	7	92	103
6	10	87	54	102	80
75	63	92	37	113	56
35	15	49	26	28	105
105	36	56	46	98	90
9	78	29	100	29	93
40	63	40	109	49	109
117	44	85	101	41	68
49	1	93	110	66	90
96	4	111	108	48	67
11	19	66	56	34	43
98	39	41	66	94	20
80	104	58	85	107	66
92	84	67	57	96	55
72	20	57	12	36	111
116	33	19	22	113	78
76	51	7	9	110	21
106	66	28	109	112	1
105	93	17	15	68	42
17	111	79	98	114	78
109	44	109	50	3	39
59	8	60	84	74	40
120	33	46	114	120	8
72	11	88	52	69	81
63	94	51	108	82	71
57	69	68	67	119	51
11	94	12	81	12	40
37	113	2	102	114	48
44	27	17	70	21	70
120	11	103	90	10	110
99	98	71	98	55	48
93	113	52	112	112	89
87	92	82	39	102	102
23	24	63	76	67	16
92	21	95	89	90	73
98	19	12	4	72	60
80	38	99	10	25	93
94	22	54	41	24	55
43	70	46	44	22	87
93	116	92	13	22	64
85	53	38	94	69	113
79	10	24	20	59	76
64	71	73	37	30	104
119	64	114	118	120	59
21	21	118	78	107	107
14	89	118	49	87	107
56	97	45	89	102	107
2	23	33	87	31	69
79	91	94	6	23	40
119	4	106	71	107	96
37	7	21	27	73	97
61	79	85	104	86	75
99	78	24	87	59	12
51	37	16	10	9	66
15	45	82	4	88	91
82	16	100	114	24	15
68	59	39	67	104	19
38	120	72	69	66	79
92	32	4	53	62	57
117	64	4	96	61	47
40	21	3	25	47	114
26	71	118	48	115	36
65	14	87	76	43	75
20	2	64	63	1	47
46	36	116	57	54	74
102	13	42	63	11	58
27	26	78	112	13	13
47	19	117	24	77	116
14	37	31	6	94	105
35	34	3	22	100	7
118	112	15	9	16	40
114	31	86	71	90	58
78	61	56	4	120	77
51	107	48	46	22	15
61	82	5	16	44	25
78	36	49	92	33	21
32	61	72	104	6	115
52	45	104	103	116	47
30	48	20	98	21	23
9	74	98	3	32	75
24	68	3	112	81	13
50	109	93	37	19	108
16	112	117	103	113	3
23	8	104	96	23	74
9	35	11	92	37	63
87	105	11	7	64	42
29	64	115	103	38	71
98	96	21	38	2	39
80	107	64	50	20	56
90	104	64	19	64	69
77	72	56	87	102	33
85	62	102	8	50	64
64	81	20	37	52	40
50	107	41	97	115	79
69	21	91	36	60	38
87	12	2	111	2	52
102	38	62	70	107	41
9	120	101	89	70	6
46	58	77	67	65	9
31	64	29	97	49	68
56	118	98	89	87	80
26	96	94	38	63	54
53	58	117	89	112	12
80	38	79	74	87	101
70	77	31	28	23	33
16	62	9	116	72	63
80	86	52	16	54	22
108	118	18	109	99	103
39	55	101	3	15	49
67	12	25	71	36	66
51	16	97	14	77	90
61	50	82	87	12	82
33	46	119	105	76	71
66	73	95	93	52	17
83	71	92	106	93	87
5	102	104	66	32	1
48	27	109	47	118	26
78	75	80	13	115	82
17	19	20	105	33	81
96	29	13	69	93	38
101	41	40	69	119	21
27	111	99	54	68	26
74	12	116	90	18	104
79	43	82	88	91	108
13	56	107	47	48	27
61	33	85	81	25	58
40	73	49	63	23	44
111	46	102	6	99	6
32	82	95	13	27	68
40	92	67	85	75	70
57	32	84	98	95	29
97	63	96	88	81	87
58	37	63	96	62	60
99	108	39	112	25	115
50	45	38	59	16	113
5	88	57	45	103	68
12	19	105	104	101	12
57	29	76	89	64	54
99	77	62	80	103	105
65	77	82	86	97	91
60	83	90	78	62	59
6	70	87	99	37	94
44	105	23	36	92	89
3	46	60	32	85	97
72	73	34	17	81	27
12	93	68	77	52	93
108	8	23	55	120	40
81	72	45	41	96	119
26	69	14	58	5	45
5	55	84	112	52	60
60	102	112	67	6	5
16	80	85	42	1	94
43	52	44	102	48	32
19	35	21	109	52	49
43	72	83	54	75	40
56	90	73	118	91	73
100	21	79	113	48	32
20	36	91	71	114	15
5	43	75	38	68	83
107	11	3	108	111	33
70	109	94	79	21	30
50	34	71	63	58	11
119	5	7	40	65	13
42	85	47	30	80	66
100	21	64	85	91	13
78	96	4	104	117	23
66	11	13	98	12	53
113	106	75	45	114	119
23	72	45	117	13	93
120	108	45	52	40	64
85	106	20	92	78	107
107	7	112	100	99	78
55	75	113	42	84	72
60	17	103	101	82	35
86	15	84	37	69	53
46	17	120	73	39	65
80	63	40	84	62	116
87	1	73	78	45	51
79	96	105	42	111	37
5	103	88	78	84	84
37	69	4	94	46	112
5	56	44	52	12	84
94	104	6	2	50	106
7	95	104	75	55	36
21	2	62	64	34	56
74	24	118	65	118	73
110	79	47	23	55	117
59	1	119	56	49	4
90	113	91	10	1	61
85	74	36	10	70	100
54	55	34	52	117	11
91	70	110	106	20	104
106	90	116	83	77	99
109	79	80	115	25	24
58	88	74	69	98	113
81	104	3	118	30	108
17	85	42	104	5	53
120	8	23	32	65	116
44	100	66	86	73	23
100	6	12	13	69	104
117	24	18	7	98	90
46	34	44	88	83	88
65	19	118	120	40	35
100	72	100	89	43	4
19	43	112	76	92	37
26	10	92	28	106	49
11	48	7	104	25	51
19	15	23	66	22	2
74	52	28	94	29	86
113	15	71	6	119	61
92	7	118	13	94	35
31	50	116	77	86	22
1	30	32	58	35	113
70	66	74	18	58	34
70	75	42	101	92	81
94	33	56	6	111	96
87	54	19	31	86	115
109	95	42	61	11	7
108	30	62	86	112	68
88	78	23	71	47	78
68	60	50	21	113	36
34	16	57	51	53	41
47	76	97	73	7	60
60	52	98	20	105	36
19	68	110	63	110	2
109	29	22	107	11	71
28	34	36	17	14	31
77	23	108	15	41	80
14	50	19	76	8	55
26	115	42	89	101	3
38	17	7	23	73	56
74	47	4	57	18	17
77	12	45	68	95	93
58	26	14	1	72	39
11	25	66	99	1	1
84	63	19	82	48	21
1	84	12	58	54	102
110	7	7	14	110	105
90	116	118	2	12	117
114	64	38	103	78	17
110	87	90	6	30	75
119	101	112	84	22	33
60	79	84	87	79	69
15	21	10	20	85	61
73	89	42	85	10	67
91	74	20	80	47	56
16	76	111	80	68	18
48	119	54	10	39	96
102	15	99	14	110	112
30	41	25	107	11	50
1	28	36	91	5	53
14	30	32	86	23	113
69	62	58	71	57	56
53	103	47	9	102	56
63	40	73	117	74	98
80	68	93	41	22	20
111	40	1	53	35	87
32	41	43	1	54	96
30	14	19	99	59	81
117	81	23	11	79	60
68	76	22	60	8	95
53	39	59	85	52	22
110	77	117	5	60	6
50	102	43	98	52	41
22	53	53	55	105	104
65	33	43	23	93	83
112	96	1	110	50	44
39	73	50	84	79	108
75	60	28	107	87	108
100	13	70	58	7	37
106	63	99	84	92	56
47	63	16	8	24	1
111	90	37	24	94	59
70	109	57	1	9	103
8	56	13	9	38	52
27	117	27	93	117	8
36	113	26	30	114	64
19	51	116	54	68	35
37	44	78	106	117	108
87	76	120	79	99	119
103	41	113	98	52	28
113	86	73	20	22	19
60	93	86	83	107	27
118	43	112	47	13	29
104	96	84	91	46	13
30	60	15	85	62	55
92	13	22	53	102	20
54	90	93	42	12	44
10	102	114	109	87	14
5	51	36	37	13	116
42	68	54	120	13	75
114	75	111	100	36	34
40	6	92	93	18	72
46	51	40	110	116	49
78	105	29	74	13	42
97	5	50	60	110	64
108	90	26	23	54	35
99	61	104	83	103	99
35	111	107	11	24	63
87	82	53	105	9	93
93	16	50	58	65	47
1	93	94	33	98	90
116	93	105	41	95	73
42	83	113	74	30	52
72	66	96	70	92	115
33	80	87	117	92	75
109	59	56	108	76	106
3	51	54	87	11	29
4	17	83	26	76	72
75	46	37	58	109	24
102	66	76	19	43	79
49	53	107	5	8	21
56	50	39	22	31	67
38	11	118	38	17	43
80	35	72	118	20	5
102	33	106	20	24	51
3	105	23	69	81	103
17	23	6	96	20	39
93	68	56	98	102	94
63	40	113	30	97	67
85	6	74	38	20	6
107	111	19	58	34	16
104	115	20	70	116	62
119	55	78	97	8	105
59	24	107	75	84	66
119	15	110	48	15	31
113	83	102	78	95	16
116	63	119	83	31	113
94	76	89	36	4	87
53	19	21	29	10	72
114	95	38	21	28	49
95	109	18	21	21	102
39	80	47	84	98	96
73	18	43	62	33	33
58	102	89	58	58	42
27	120	81	50	84	38
76	69	78	66	44	68
7	32	20	55	39	33
2	118	20	8	47	99
78	16	63	3	30	44
84	111	8	17	18	66
80	60	85	51	7	36
29	99	91	103	3	54
70	37	66	13	61	36
34	36	60	11	43	42
7	54	12	112	77	42
52	9	10	101	93	102
40	8	78	75	35	36
58	61	49	12	100	19
23	42	106	107	23	57
110	30	44	20	75	22
24	74	68	37	69	37
7	16	92	87	80	74
22	55	63	97	80	106
9	1	17	93	84	45
14	76	52	19	20	39
57	22	63	15	88	65
12	116	49	12	76	68
75	94	116	59	98	58
93	27	5	51	5	105
4	84	64	24	62	59
107	99	16	101	2	16
61	22	104	91	57	71
92	105	79	68	67	96
13	19	77	82	10	55
35	12	11	69	103	25
34	21	45	18	51	75
117	68	81	2	45	86
49	48	40	51	33	45
81	93	3	69	95	98
9	119	96	59	77	51
120	96	84	81	104	60
27	38	9	112	120	115
48	65	33	74	110	93
119	27	46	92	76	109
61	21	119	4	111	21
98	33	77	73	54	37
20	97	72	37	42	55
2	10	107	70	33	118
27	36	59	108	83	59
25	58	98	3	18	78
17	50	28	60	82	94
65	98	6	58	39	74
37	118	115	82	120	103
118	29	104	43	70	117
48	85	100	62	27	20
85	22	86	11	100	83
18	50	85	96	65	98
55	15	118	108	24	66
97	11	110	95	27	39
108	66	115	31	88	114
77	112	58	28	85	45
44	108	52	19	92	88
95	19	24	4	3	31
104	110	41	32	51	8
8	13	102	115	76	28
9	24	115	10	84	63
86	8	61	38	99	85
54	60	80	90	20	43
96	68	117	66	1	102
92	47	83	99	114	73
18	69	43	37	90	78
40	12	20	100	52	69
39	90	5	100	64	33
31	23	60	70	41	92
37	5	48	41	92	33
21	44	106	109	76	7
118	116	18	106	4	75
105	43	46	36	113	57
32	104	100	9	39	28
115	62	95	80	64	75
85	71	111	94	75	93
67	77	43	74	28	33
93	88	87	74	18	102
35	35	23	55	105	1
54	103	97	80	28	41
18	92	26	40	85	17
16	16	117	47	49	111
51	106	62	97	12	104
55	38	98	19	90	43
63	45	9	4	77	120
74	93	62	61	40	82
34	33	79	112	100	32
41	73	86	49	31	35
20	44	117	111	45	7
65	96	8	20	12	10
65	107	29	120	90	69
24	44	105	94	45	45
117	34	86	105	94	18
103	40	115	71	34	3
117	86	15	18	118	12
103	51	25	85	75	17
50	47	61	25	98	61
29	114	52	107	97	76
80	104	61	61	110	50
10	56	97	103	87	4
99	30	28	68	32	46
4	100	31	113	8	53
59	13	108	96	8	12
92	104	67	65	19	14
93	111	53	31	60	55
51	26	118	17	14	74
24	39	105	73	11	76
65	6	81	82	45	103
33	6	11	109	100	46
35	57	14	63	91	107
20	98	66	71	65	64
110	48	8	31	5	85
101	33	112	107	115	119
81	28	36	15	86	64
70	82	88	104	56	64
94	106	38	85	26	62
50	118	84	97	93	112
78	44	43	16	17	59
9	19	19	25	78	47
85	27	29	56	105	40
44	80	2	37	65	104
33	17	72	16	80	78
60	101	40	62	19	76
115	23	46	62	18	24
84	91	23	29	73	1
111	37	96	76	51	5
10	32	64	45	92	76
3	120	35	42	89	84
116	104	10	105	46	105
42	61	8	39	38	85
49	104	108	39	31	112
5	71	119	8	13	115
13	14	56	56	48	86
45	21	78	67	96	84
23	115	53	3	44	20
118	9	36	52	85	39
118	12	12	88	105	37
92	36	55	45	84	94
7	63	37	67	20	110
70	25	79	30	32	34
69	86	10	115	118	45
115	8	115	97	91	35
66	80	96	23	68	18
11	10	57	16	48	68
90	16	114	14	83	64
51	84	101	14	28	78
89	10	32	114	97	103
44	79	2	25	117	16
53	112	33	21	22	111
99	89	120	37	111	50
71	76	102	55	73	111
54	109	66	87	115	11
1	7	87	70	69	71
71	54	9	53	112	9
40	105	9	111	55	28
58	22	115	32	25	53
115	72	23	82	111	27
119	7	109	75	105	63
61	1	2	88	44	58
18	65	73	115	98	96
94	112	49	48	111	30
8	114	4	99	98	1
2	50	92	28	74	89
90	83	52	68	59	99
21	106	109	103	5	74
75	28	81	43	42	29
75	4	90	90	92	82
18	8	36	20	86	83
89	66	98	51	23	93
98	21	113	35	37	32
101	11	74	35	73	28
45	85	32	25	10	105
105	80	116	5	42	71
17	11	6	89	81	82
53	33	66	109	103	48
100	29	23	55	58	3
71	78	25	96	112	26
27	2	60	104	13	112
76	49	67	35	37	85
110	108	63	59	3	10
101	51	6	20	107	90
105	21	24	103	87	93
87	6	61	95	62	41
115	96	57	20	42	99
54	109	78	16	54	26
68	90	20	51	69	9
68	74	24	65	45	91
20	12	10	98	73	22
90	52	40	39	1	74
24	42	116	94	61	69
78	95	28	62	55	92
101	65	88	4	34	26
58	70	74	51	116	67
65	108	117	75	69	115
27	88	47	59	45	11
75	37	66	91	43	51
80	65	31	54	118	6
43	107	64	91	88	115
89	86	54	86	91	98
110	13	90	40	69	65
12	62	3	66	78	7
79	55	95	68	111	64
31	84	6	3	97	21
80	48	21	87	34	85
116	19	58	106	82	94
40	88	90	116	63	102
95	79	7	92	25	61
8	47	92	88	33	2
17	106	103	66	4	82
100	75	88	77	47	93
104	103	15	56	100	58
74	38	49	118	39	36
105	40	7	117	112	12
64	61	35	55	72	75
10	82	16	116	40	90
115	7	65	14	113	105
104	103	50	12	100	21
24	16	20	95	19	82
24	63	97	113	67	32
14	118	96	61	78	17
59	2	61	46	87	120
33	114	35	38	110	14
57	120	48	67	30	63
64	89	31	81	20	87
107	91	55	6	17	24
65	112	19	83	80	16
30	6	99	39	67	83
44	107	120	48	116	27
69	39	101	99	87	42
104	119	114	88	110	46
90	52	77	92	15	89
109	32	61	48	72	113
37	16	95	81	34	50
96	23	83	44	49	94
3	75	115	53	70	65
72	118	59	99	3	7
66	78	14	16	113	13
105	118	87	74	109	92
16	73	57	28	59	13
67	50	33	71	85	10
21	11	67	33	97	106
85	72	116	70	99	104
98	59	25	108	49	2
58	47	27	47	35	86
75	99	107	120	52	22
117	65	10	87	6	53
96	20	39	30	6	48
87	39	71	96	103	3
76	71	97	57	11	9
103	27	112	85	12	63
75	120	7	81	116	85
41	37	92	35	44	25
98	83	88	108	8	110
25	95	80	2	114	31
56	12	92	73	30	31
106	59	37	77	88	55
68	40	73	83	116	9
67	68	47	79	120	119
26	80	13	112	71	24
99	64	120	1	96	8
64	2	66	53	48	21
43	35	4	111	8	92
59	31	56	104	30	57
43	21	113	57	97	65
65	97	72	4	52	98
75	91	101	37	5	53
117	99	48	65	14	48
4	92	85	108	33	17
6	51	26	89	1	88
47	59	100	34	16	79
90	94	72	64	5	49
52	65	2	120	12	12
26	51	42	48	44	105
40	81	103	99	94	2
85	15	3	63	54	22
104	98	18	91	20	105
2	105	73	70	42	73
41	117	93	47	49	1
90	53	53	112	14	29
37	25	100	42	112	119
68	3	81	64	29	110
51	45	25	6	111	97
77	47	74	68	98	90
73	49	3	99	86	46
89	68	117	12	27	77
111	117	106	111	1	95
35	38	91	76	70	82
47	60	15	107	54	74
84	55	49	32	100	76
102	47	41	72	67	116
87	17	87	39	12	27
53	33	17	88	94	39
100	48	92	116	1	94
64	16	11	24	47	81
48	13	79	21	90	70
43	86	64	99	90	32
107	23	20	114	39	112
98	82	91	69	26	76
10	86	118	109	47	17
55	25	107	58	65	17
66	52	13	103	113	30
115	20	24	86	23	6
6	71	103	22	54	9
60	28	114	74	79	48
99	9	67	74	83	87
70	115	31	36	88	18
42	108	31	7	82	108
18	102	27	19	118	20
118	78	85	98	82	28
110	26	27	20	4	82
57	47	96	25	3	36
11	90	72	115	84	99
97	78	83	65	44	108
68	79	83	117	5	20
41	63	88	37	24	20
29	27	104	54	22	107
106	97	27	2	15	117
70	16	119	89	24	83
107	107	97	41	82	106
116	14	88	108	115	59
16	41	98	24	38	56
35	62	32	98	120	4
8	78	67	83	8	44
113	81	85	105	90	97
108	10	1	23	65	107
74	11	73	72	115	34
33	64	3	76	100	2
59	48	13	107	111	24
9	70	116	42	49	23
56	67	92	32	103	67
65	67	86	28	51	18
29	8	21	104	102	55
1	37	70	38	86	36
21	39	114	37	55	51
61	112	22	43	40	71
97	26	80	78	58	107
61	1	14	29	101	85
115	75	10	56	46	18
42	110	98	77	55	17
103	91	58	118	113	92
35	57	21	35	55	13
83	77	40	28	21	47
40	93	88	89	40	47
81	29	50	113	106	62
44	7	47	68	20	118
65	23	98	97	54	78
110	21	78	116	66	109
27	66	110	104	94	81
73	104	103	104	56	24
85	96	43	71	23	26
69	26	26	51	79	70
32	111	27	79	36	14
85	69	11	96	10	24
115	77	64	37	120	50
42	56	56	84	29	97
4	47	73	5	9	90
52	28	70	105	85	116
102	7	69	117	52	83
111	76	89	48	45	44
112	35	34	95	53	12
72	19	39	95	16	113
8	5	43	82	116	41
40	6	51	76	90	88
96	13	86	45	22	19
95	38	28	84	107	18
93	100	44	12	15	54
104	104	17	38	85	7
25	3	57	29	107	74
64	94	18	75	57	81
110	71	34	21	59	52
103	101	104	45	107	79
34	112	83	76	36	57
80	25	17	107	15	66
5	15	96	17	16	105
77	82	53	92	81	56
115	9	66	98	104	54
85	68	29	84	114	88
99	63	36	9	73	106
88	80	96	104	23	110
39	77	83	66	27	36
76	65	28	22	75	113
109	107	11	57	91	7
84	99	43	30	8	75
70	115	10	9	90	66
120	75	28	60	101	53
92	51	78	80	113	1
78	37	58	70	24	80
66	118	30	120	40	24
40	32	61	78	64	61
111	10	79	71	15	54
5	81	31	51	75	119
10	82	113	2	11	68
106	102	92	65	115	97
79	116	45	93	35	39
33	87	6	62	24	63
47	106	12	95	106	119
118	34	116	26	102	74
2	67	111	6	36	25
1	12	23	33	2	92
10	6	115	120	55	109
118	67	111	100	78	81
43	81	112	10	120	119
99	36	104	35	96	96
69	100	55	56	6	32
16	6	28	114	98	120
72	58	80	71	50	79
29	16	34	19	74	16
71	12	97	118	88	115
96	117	96	35	64	84
114	26	56	15	91	27
48	87	78	61	5	68
7	93	118	99	81	87
88	14	53	119	114	49
115	63	110	96	102	77
97	26	107	83	64	45
29	50	28	1	28	76
42	118	84	97	2	53
50	52	85	55	10	104
3	30	13	89	12	34
21	3	21	79	63	5
16	111	97	19	29	50
38	52	114	19	50	92
62	100	89	22	25	24
23	18	42	17	109	55
55	53	37	20	36	72
78	80	61	61	93	87
36	23	116	29	102	48
68	14	80	72	38	68
51	117	12	22	54	106
44	59	75	32	52	112
42	9	36	51	73	21
60	28	106	32	61	33
86	62	92	66	59	53
81	84	42	75	118	78
61	55	61	58	59	6
6	5	118	12	114	96
69	108	75	8	111	118
42	109	16	65	116	50
96	96	90	90	37	90
115	64	115	98	114	98
109	6	12	29	103	25
82	19	32	113	111	7
26	82	114	47	4	8
119	86	41	100	100	21
14	47	108	67	3	40
47	118	73	65	38	15
40	12	33	3	45	52
35	9	77	58	112	71
11	100	40	17	69	35
35	1	67	13	43	34
54	88	55	3	49	20
116	99	24	50	44	108
77	31	20	45	20	4
112	29	97	12	24	104
45	75	115	114	12	118
45	112	71	112	80	57
108	40	110	62	28	82
109	22	93	117	23	40
88	24	52	12	81	76
22	44	47	49	78	69
71	18	56	91	85	107
24	27	48	115	28	86
98	34	29	96	115	49
47	39	83	109	109	89
74	74	120	119	56	65
91	49	80	79	39	98
62	89	96	39	70	72
86	27	91	32	37	90
29	11	42	110	105	88
9	112	49	39	66	54
40	62	40	77	114	82
114	28	116	75	106	5
5	65	38	111	38	62
77	9	25	42	95	68
87	64	6	8	66	90
95	61	50	76	18	89
94	25	79	61	95	30
67	68	103	62	105	99
32	85	24	67	9	77
47	48	47	102	2	91
30	8	95	75	120	114
79	114	117	99	4	6
37	115	12	8	51	73
79	27	5	45	95	91
76	97	64	99	58	71
74	65	112	45	77	21
112	21	120	103	110	90
95	67	80	59	60	69
68	42	78	95	95	9
28	67	11	68	48	103
94	50	91	41	13	42
99	17	91	88	116	20
82	53	42	14	95	55
51	96	20	120	108	17
48	92	39	24	54	118
43	77	61	23	108	66
20	27	66	93	35	94
111	115	61	34	34	15
69	68	19	106	22	31
73	47	65	66	109	4
92	97	10	35	31	93
78	27	36	80	16	66
119	112	17	9	53	22
45	47	114	70	102	49
10	104	42	43	69	81
88	89	3	2	21	49
35	100	117	79	118	50
68	90	41	83	74	79
62	35	11	8	32	79
102	56	25	61	27	89
35	104	107	100	52	115
75	32	28	70	46	115
106	38	90	52	16	23
24	24	71	107	86	3
41	102	87	27	102	38
98	89	77	107	14	83
65	96	1	13	74	8
71	67	120	45	65	112
37	116	31	10	80	106
106	112	30	37	2	32
29	70	114	89	97	97
64	4	20	99	53	68
64	115	30	33	32	60
13	13	111	79	41	10
101	102	61	60	29	14
74	119	67	62	4	84
105	11	117	99	40	10
64	18	97	104	28	59
27	40	83	25	79	31
96	70	5	47	71	96
78	95	7	120	40	97
102	6	107	86	89	64
25	84	77	14	69	19
57	58	62	110	50	17
75	1	88	117	33	80
37	25	14	74	17	29
14	29	117	49	20	36
49	73	42	6	43	82
23	69	49	86	104	80
112	116	106	89	99	20
105	52	30	113	103	2
111	27	25	33	12	42
115	31	47	86	47	36
67	35	89	80	77	88
37	82	112	36	100	34
6	107	37	26	92	74
55	107	18	58	53	83
105	52	87	63	26	15
103	64	14	61	55	35
86	56	62	18	94	82
48	94	75	4	76	65
5	120	20	2	108	101
65	102	24	43	75	4
63	58	29	94	87	28
53	71	110	58	57	66
37	36	15	6	86	91
44	63	78	91	63	106
32	54	66	4	13	89
2	10	119	32	111	32
58	5	83	36	81	68
75	73	101	62	14	85
98	111	39	77	65	20
68	7	20	50	94	74
105	120	17	28	95	53
113	71	19	12	3	45
43	100	31	90	12	118
116	106	115	105	47	3
9	88	93	2	58	12
84	20	80	77	83	51
44	78	32	80	32	94
98	108	67	33	87	48
90	71	71	86	120	40
77	31	30	101	2	99
80	16	58	78	108	103
2	115	81	11	117	37
52	15	21	83	62	20
43	116	118	110	20	111
69	4	99	84	116	15
117	106	76	61	120	35
72	70	54	93	3	59
12	89	74	43	38	88
95	84	1	110	52	66
4	106	82	38	96	34
37	87	105	66	102	40
40	57	106	43	36	110
113	68	101	58	1	28
96	8	2	115	113	36
43	106	25	86	65	45
37	25	97	120	3	89
13	29	46	101	119	66
18	22	77	45	90	11
8	42	5	8	68	10
90	64	65	28	32	113
35	119	16	30	118	59
74	38	99	37	21	112
115	105	11	96	71	5
59	75	34	26	66	34
78	97	105	83	91	114
63	5	39	28	108	119
80	59	17	78	46	23
77	84	80	30	20	1
48	88	17	7	34	110
88	10	16	104	94	111
108	116	48	90	25	61
25	39	94	69	48	111
112	96	60	106	105	2
78	30	20	19	43	39
80	73	19	89	12	63
72	15	60	81	47	85
70	104	69	120	29	49
59	90	56	7	78	43
101	52	48	74	110	26
43	47	64	88	16	7
79	60	29	95	3	68
66	45	83	67	4	5
91	6	67	18	85	65
83	8	113	105	67	115
112	93	78	72	73	77
118	103	41	93	19	8
33	21	93	77	15	23
58	60	39	19	10	48
63	18	21	62	41	47
63	94	84	85	50	73
110	12	113	27	102	69
45	8	91	118	119	33
8	46	7	28	10	20
23	64	25	24	37	113
2	30	22	63	108	62
14	34	43	11	7	46
78	98	90	65	97	16
7	55	8	103	45	119
13	63	52	87	52	49
52	48	45	59	5	72
13	10	37	67	71	12
87	31	2	36	26	105
51	2	1	86	31	12
77	107	92	78	17	91
97	103	20	82	10	68
37	117	13	72	69	65
41	37	70	105	43	23
82	31	28	71	22	72
70	36	47	31	79	33
2	92	108	68	2	59
71	48	95	99	11	103
110	19	32	53	89	32
62	87	5	40	116	75
69	119	5	49	49	34
48	47	84	15	59	61
50	94	115	52	116	50
62	109	19	99	15	39
104	14	38	109	58	44
16	20	71	69	58	43
27	38	94	76	14	44
55	45	11	40	47	120
37	92	20	2	87	88
65	43	91	3	33	109
71	49	55	37	20	23
20	66	46	61	40	86
114	68	34	64	30	59
33	80	117	63	4	62
105	6	63	27	14	12
9	34	78	57	34	96
50	26	15	89	65	96
43	78	43	55	48	88
101	62	62	103	119	53
77	22	40	24	1	20
77	46	30	10	67	24
30	113	103	11	50	11
57	40	72	12	24	32
55	116	28	117	15	90
16	23	50	95	20	33
71	70	52	26	78	56
10	11	74	29	80	76
43	13	74	19	106	88
90	12	31	30	4	88
31	116	54	106	20	19
54	59	6	118	71	13
68	17	6	76	32	77
3	60	54	104	7	70
68	58	74	37	89	41
52	8	77	64	37	7
36	68	98	114	120	3
58	42	32	110	1	85
30	46	18	65	48	17
21	31	42	86	41	75
19	35	75	7	92	12
91	32	74	6	21	67
84	2	119	24	32	49
39	85	90	118	5	54
21	107	103	24	1	26
26	80	2	106	95	18
65	65	120	60	118	45
2	12	46	16	118	114
52	31	69	49	46	18
118	114	107	77	26	32
119	117	101	90	108	44
28	28	12	112	48	113
71	68	22	77	6	78
90	8	37	65	93	23
70	116	32	71	24	69
108	58	14	12	69	115
102	63	17	86	49	83
6	39	82	40	54	109
99	88	2	1	56	24
97	47	43	62	107	90
74	103	94	15	82	88
118	100	113	87	23	6
74	93	51	10	31	28
120	16	75	66	56	81
77	85	6	42	51	18
4	96	70	114	92	95
41	8	117	85	24	61
83	38	22	11	26	68
27	12	39	56	18	83
1	66	8	92	120	5
87	64	109	69	97	78
11	17	85	26	120	70
13	62	69	75	22	66
103	100	36	89	76	52
119	75	86	46	63	13
16	83	15	4	27	105
88	33	40	76	113	61
61	20	97	71	31	99
109	103	18	85	59	88
84	92	118	79	85	88
68	17	114	34	4	74
38	2	10	11	64	9
40	65	54	63	107	118
93	80	99	66	56	112
16	25	23	8	35	120
67	3	27	62	22	7
74	107	3	27	53	119
119	11	120	109	61	101
65	110	27	100	97	82
118	68	86	27	87	47
54	27	103	105	22	109
120	85	118	100	98	8
116	13	120	99	11	40
112	84	48	10	7	101
102	83	100	33	57	23
51	106	88	38	90	22
112	54	71	20	88	46
98	111	25	70	47	25
105	100	24	64	42	70
26	94	86	96	10	118
112	47	92	41	75	27
47	104	16	100	2	87
101	1	101	46	95	20
54	7	6	118	42	55
5	71	84	83	85	109
9	43	35	71	111	20
90	2	87	61	59	11
63	50	9	55	59	20
73	33	48	4	9	89
62	119	111	111	112	89
63	81	15	25	102	91
3	25	14	16	52	35
74	114	68	81	47	32
53	15	40	8	51	91
63	64	100	2	75	112
72	99	96	36	65	65
28	112	82	85	108	23
52	28	80	64	53	68
64	94	57	29	8	62
68	21	106	15	106	8
38	52	20	80	114	15
66	59	2	102	43	79
24	102	102	71	119	102
114	52	46	34	19	59
119	98	110	17	54	70
57	31	51	28	59	67
49	64	106	82	96	71
8	55	58	48	73	71
113	101	98	109	27	1
97	85	44	26	14	72
88	99	67	58	104	76
116	46	107	59	99	2
32	41	99	89	82	48
93	103	62	28	91	98
59	52	24	43	82	5
1	29	80	95	108	1
20	66	34	3	23	91
39	60	12	52	71	104
118	79	46	80	92	5
83	49	32	29	70	37
92	120	92	70	45	11
40	65	60	9	101	55
25	100	117	59	38	77
101	96	82	53	30	30
12	10	30	72	120	43
113	42	86	81	5	49
2	27	59	82	75	64
86	30	16	101	33	113
82	62	65	13	71	110
62	87	86	117	32	20
11	58	90	26	69	29
44	24	36	85	79	106
80	34	70	58	55	107
13	4	111	35	111	83
39	60	73	103	61	41
28	114	84	17	101	9
114	39	46	58	37	46
54	100	46	85	102	8
75	15	36	111	8	18
68	56	19	84	44	83
118	74	56	13	75	53
75	77	79	65	91	63
104	97	41	106	112	15
27	106	77	30	46	86
8	52	23	118	85	45
78	56	94	3	48	32
31	71	84	45	51	115
43	78	61	114	84	7
115	14	111	31	31	23
105	116	106	44	44	16
101	26	6	117	13	39
104	66	90	98	1	39
39	112	91	90	61	80
49	105	71	108	80	32
33	102	51	48	76	87
87	53	24	33	19	83
47	119	72	31	24	81
25	113	29	65	111	119
34	30	53	87	79	23
112	102	108	82	112	87
88	110	16	56	97	102
23	58	17	9	69	13
27	5	77	101	12	67
103	65	79	45	58	105
32	55	72	33	50	39
63	1	40	110	78	85
10	23	117	111	63	3
69	17	28	114	51	9
35	106	77	22	102	92
49	61	92	8	83	26
69	67	62	39	12	65
112	32	53	27	54	5
82	50	118	114	96	44
76	109	118	6	72	42
76	83	29	34	78	104
86	64	2	93	101	18
28	105	109	120	32	25
77	29	70	9	30	43
120	17	116	112	63	57
48	14	77	107	97	54
2	39	106	66	118	38
79	34	91	119	79	15
118	14	97	78	50	119
55	27	68	105	90	74
9	7	19	35	108	55
11	64	66	98	49	53
39	8	64	64	89	59
18	3	8	12	114	44
94	19	93	28	81	45
104	85	80	41	4	75
64	20	61	112	81	109
64	21	6	45	73	28
27	39	13	56	17	78
89	70	60	66	54	35
22	49	52	31	46	111
18	4	48	79	38	49
103	104	17	16	32	106
73	8	21	52	90	91
27	68	107	7	5	79
3	25	80	92	99	38
31	114	36	76	22	42
2	36	50	80	70	18
90	36	62	17	37	93
68	20	103	53	113	62
79	58	28	117	109	26
68	7	32	117	60	76
120	48	67	75	53	101
120	79	61	116	36	30
88	84	111	55	2	78
103	65	112	53	27	51
76	72	92	116	116	71
4	80	111	91	75	112
26	93	103	7	1	112
74	45	63	56	3	7
63	27	92	91	107	6
81	63	1	62	70	43
37	62	24	76	91	83
24	15	99	87	84	83
22	98	97	33	82	106
63	70	76	35	57	21
36	15	78	73	24	107
117	62	21	30	68	5
3	53	118	99	23	37
58	32	63	21	92	48
114	26	36	118	106	101
12	83	114	109	120	62
9	4	119	19	101	65
96	55	16	13	78	27
11	79	19	27	103	82
37	103	54	81	31	52
104	115	10	74	63	3
73	68	116	94	12	48
111	63	86	28	27	7
51	112	103	36	58	79
52	24	79	68	1	48
56	101	51	118	40	35
27	31	64	12	13	19
80	98	6	16	66	6
21	15	24	33	102	77
64	7	32	80	82	103
71	42	114	30	36	47
94	111	7	54	73	67
95	13	117	10	61	100
1	118	28	2	92	32
79	96	9	12	76	98
75	43	75	40	34	6
19	58	99	119	10	24
3	98	81	30	30	113
40	27	5	93	94	116
87	16	10	109	77	13
89	12	99	102	17	35
64	37	37	67	28	5
42	64	106	39	6	94
118	22	66	53	22	53
86	102	34	1	71	115
15	53	97	84	111	17
51	55	95	13	84	15
30	54	119	55	2	65
16	51	30	55	99	90
79	22	31	44	60	83
72	54	94	17	90	89
113	70	4	99	65	29
68	19	119	114	66	45
23	8	6	43	111	62
95	104	9	98	68	9
90	32	47	79	116	72
114	72	43	64	100	45
81	26	80	88	33	4
109	45	54	65	20	102
26	64	96	41	33	4
106	14	81	19	86	82
40	79	107	54	6	115
68	51	113	102	57	42
91	38	16	90	109	16
31	83	102	92	33	118
43	24	64	58	21	94
62	20	111	12	20	17
6	46	24	86	78	97
41	110	6	83	67	32
107	50	72	81	47	36
8	2	74	106	108	43
87	115	74	47	88	13
17	50	83	21	45	117
4	11	92	94	15	69
82	38	25	11	18	79
52	21	54	80	28	65
90	41	66	81	67	107
35	44	79	33	109	95
106	97	74	119	78	51
78	61	29	98	85	20
90	84	49	65	95	92
82	39	43	84	3	54
95	56	49	53	48	15
81	63	3	119	82	64
6	18	11	111	62	11
32	32	73	59	15	102
49	102	104	10	43	35
53	112	68	78	37	102
116	86	112	23	58	109
36	18	59	26	110	30
5	43	78	64	22	112
55	36	7	93	9	32
3	114	69	56	116	89
64	56	26	72	37	68
99	31	24	5	66	32
67	50	9	60	72	38
69	113	47	92	30	66
32	69	84	30	80	67
2	103	35	15	31	94
79	47	102	115	37	106
82	77	58	35	109	102
49	19	36	83	100	116
87	73	120	98	51	31
64	25	100	41	90	114
51	112	26	50	41	82
102	101	94	100	113	101
35	102	35	79	19	21
23	10	87	31	55	9
67	90	53	70	82	57
116	87	91	41	57	91
60	18	52	45	110	2
52	6	117	35	12	47
23	91	86	94	9	53
77	117	3	86	58	51
72	11	56	43	97	33
40	24	59	20	37	48
54	117	38	41	9	13
19	15	36	54	112	10
91	116	117	24	106	95
95	71	46	86	50	1
11	69	20	47	14	28
12	34	31	94	27	73
64	28	119	21	94	48
9	84	42	42	47	109
81	107	106	104	107	107
26	90	100	73	52	94
54	46	6	80	73	113
30	106	43	63	113	32
114	93	25	1	11	69
14	94	83	107	28	14
115	109	40	84	54	12
16	118	19	28	22	13
67	53	9	66	77	4
94	91	103	111	32	87
25	111	20	39	42	108
18	61	96	27	120	21
82	39	31	81	5	55
68	93	32	40	32	113
52	4	113	73	57	9
92	43	27	78	43	100
22	92	85	35	75	118
12	97	36	64	50	81
6	92	4	63	67	87
2	9	16	120	69	106
84	26	24	47	94	47
29	18	29	26	3	46
11	101	11	52	112	109
79	20	106	62	15	100
46	63	52	36	68	75
10	80	83	119	86	27
82	68	48	104	50	82
79	118	81	61	104	58
10	11	71	23	50	69
73	58	59	14	114	104
78	33	35	3	53	1
6	8	79	13	57	36
18	21	77	64	4	9
104	74	33	18	58	96
18	116	29	61	111	32
115	68	31	30	91	31
87	116	31	21	35	33
87	28	58	42	69	108
71	45	34	117	43	6
35	106	48	85	117	77
39	102	33	66	92	81
68	3	56	102	53	50
14	69	75	75	56	82
117	73	65	11	12	37
24	38	80	112	47	84
6	52	116	22	49	16
69	99	112	107	98	4
54	20	7	23	42	58
52	40	116	41	33	74
44	106	6	2	68	63
19	45	95	47	113	32
79	57	16	92	19	77
81	95	62	50	13	60
55	46	36	12	17	65
108	66	74	107	89	4
55	66	31	85	90	26
35	115	13	112	5	55
92	68	63	14	99	81
42	48	27	82	85	96
38	113	27	10	15	115
33	103	1	60	24	63
110	54	78	109	23	93
77	96	74	14	72	96
85	74	72	85	12	3
104	7	16	119	43	18
112	90	67	60	38	66
38	13	32	83	22	81
50	99	107	1	105	79
110	75	108	36	86	51
49	112	82	63	87	59
27	13	43	26	86	91
68	83	10	99	84	68
79	29	55	92	71	5
78	69	28	60	65	46
31	97	107	101	28	83
69	16	88	41	60	76
14	84	74	44	5	100
47	69	84	112	103	112
60	19	90	90	99	16
2	70	107	98	91	25
54	110	12	44	72	24
5	77	68	70	92	100
6	81	35	81	114	28
94	35	18	100	93	29
60	60	110	36	95	88
49	30	4	112	41	18
103	56	46	5	111	1
92	85	10	34	50	11
28	110	99	62	42	19
117	26	29	9	32	60
98	119	99	97	78	3
7	112	39	26	19	53
115	78	114	112	31	23
31	116	32	103	69	83
111	102	3	113	90	75
19	39	81	114	112	16
85	17	18	81	46	17
90	104	48	11	110	55
21	43	82	65	46	108
67	111	23	38	85	14
46	10	20	98	104	116
21	99	14	66	92	71
44	72	110	18	82	2
119	3	15	46	115	73
111	117	40	17	93	117
22	94	27	7	12	76
107	64	25	113	34	69
4	54	12	89	72	90
45	119	52	48	42	47
103	67	39	94	87	111
101	50	82	84	35	43
116	47	64	52	11	74
37	92	28	52	87	22
36	46	26	39	52	93
79	97	95	110	112	10
43	119	39	79	89	64
63	27	95	7	38	56
93	111	120	103	18	106
76	4	97	37	1	80
46	87	57	19	34	52
60	89	107	83	11	13
53	97	10	48	93	27
67	17	24	57	108	68
57	120	75	93	87	9
64	108	89	93	45	54
60	12	110	119	93	71
26	34	92	9	91	74
94	58	101	18	105	39
40	89	108	21	112	86
69	24	110	22	20	59
34	117	26	47	46	107
63	116	60	39	83	77
90	7	91	57	54	26
73	100	15	18	34	107
48	60	55	99	84	22
45	16	63	101	102	36
30	63	68	38	58	11
82	72	26	80	11	57
101	24	79	82	76	71
101	3	85	38	51	13
113	49	54	34	100	26
47	85	105	112	100	105
20	57	112	55	65	106
89	6	3	49	112	81
28	82	23	12	78	55
49	78	52	40	76	34
65	5	71	33	73	53
114	56	68	115	44	46
58	16	59	1	50	81
46	75	61	91	59	39
14	6	17	64	39	25
90	11	10	32	77	96
91	11	6	108	38	83
22	74	31	63	49	13
66	3	22	15	70	19
41	23	48	43	103	22
119	18	94	14	113	24
31	92	104	77	100	51
48	21	44	33	48	6
104	55	110	63	78	115
26	44	80	114	30	68
6	44	1	62	110	116
65	69	41	72	60	93
70	83	100	41	52	105
101	90	2	86	98	89
18	14	104	31	87	38
101	120	26	67	107	76
88	94	82	96	71	120
95	48	79	4	35	79
8	104	38	17	29	46
62	117	60	79	80	34
11	102	31	63	113	23
36	53	46	18	113	88
92	87	114	63	74	33
42	31	107	16	102	93
44	46	52	77	101	57
17	3	59	72	49	39
100	116	79	32	90	26
120	101	85	21	100	56
44	13	86	89	90	94
56	58	46	26	96	107
18	44	25	110	47	30
6	78	94	23	55	96
41	48	52	4	31	54
105	64	40	112	69	105
116	5	85	109	90	116
27	18	55	99	114	97
87	44	8	116	74	37
36	119	18	3	90	75
60	4	13	117	37	76
26	71	3	70	67	96
98	54	28	56	58	28
68	26	112	1	9	37
109	38	1	113	54	3
107	63	101	39	55	102
93	31	58	102	95	79
72	114	115	39	110	34
28	74	19	120	34	26
108	101	49	72	102	46
50	64	77	14	37	69
102	61	27	81	21	96
88	45	6	55	82	29
67	28	37	53	77	62
98	31	42	108	1	54
66	61	54	58	37	73
35	22	15	82	73	11
43	70	61	12	27	42
111	17	72	74	3	39
7	37	118	47	111	12
76	45	27	7	80	64
55	59	94	64	41	35
10	82	98	21	20	54
45	67	33	37	104	53
53	110	20	21	107	81
39	79	88	37	75	44
112	109	99	14	52	62
89	103	2	94	9	74
29	56	7	21	47	66
111	73	37	29	54	80
21	34	56	60	61	89
28	4	68	60	105	22
24	41	119	102	56	37
83	49	75	10	6	65
64	57	15	81	106	102
104	12	75	58	93	37
77	119	48	120	84	46
55	4	46	96	70	21
115	114	43	27	94	82
38	29	67	98	6	93
106	37	59	118	70	106
89	23	3	81	95	95
40	111	108	40	47	48
69	65	103	85	109	118
30	94	44	15	90	40
115	100	95	89	60	31
64	108	15	54	87	32
38	68	74	90	53	113
66	34	9	41	101	29
25	49	106	3	31	32
81	70	18	37	114	18
3	10	15	8	70	47
109	50	53	43	36	115
28	114	23	44	102	100
40	22	15	33	32	76
108	66	64	45	90	23
117	107	120	93	18	11
111	21	92	21	44	41
97	112	47	11	67	13
120	7	100	4	46	91
79	74	91	114	35	62
95	32	28	4	55	76
94	107	36	11	34	80
79	109	94	33	81	70
23	89	103	59	100	103
60	79	87	77	8	41
14	57	41	6	112	77
40	19	25	31	11	111
100	89	63	64	110	90
120	56	53	73	77	1
44	68	104	3	93	12
76	46	80	41	99	114
63	84	57	50	88	53
88	119	95	93	106	17
110	78	30	12	23	16
48	99	67	68	75	77
44	10	29	10	5	6
115	119	13	60	74	17
46	37	43	112	65	102
17	55	33	2	32	60
92	42	72	73	19	54
67	26	28	68	48	22
42	115	105	74	104	4
98	118	14	83	103	8
22	15	104	89	35	89
24	115	85	21	88	86
82	46	49	6	73	119
58	61	90	21	3	15
7	22	91	117	13	102
104	18	48	23	84	107
33	24	49	68	103	110
44	111	49	110	6	9
68	44	61	7	67	97
98	52	72	89	10	119
110	110	46	76	6	93
52	20	26	76	33	56
84	111	80	57	48	92
19	72	100	62	94	108
98	15	49	62	61	15
107	101	71	106	33	33
99	42	75	16	99	35
56	51	115	90	58	85
112	115	9	97	54	23
23	51	71	40	12	88
118	105	114	98	20	49
36	76	17	75	79	50
40	75	18	3	11	69
72	25	50	98	93	111
119	109	16	107	105	33
84	8	87	110	11	20
92	41	87	99	111	88
66	11	27	91	102	60
49	3	91	2	88	1
47	73	17	44	87	88
34	105	78	108	27	30
88	77	77	49	21	67
4	25	71	31	76	37
68	55	59	107	10	116
48	83	34	36	114	40
63	5	101	27	120	80
46	17	60	115	102	36
95	63	26	71	70	103
106	108	50	37	53	115
79	70	55	78	74	31
68	11	75	11	109	118
75	103	112	9	97	66
70	109	42	57	10	5
106	55	72	72	76	107
32	29	7	88	77	46
73	17	109	6	117	74
44	41	101	105	35	25
84	110	93	35	17	14
107	33	16	105	31	11
10	98	73	74	113	81
5	104	58	95	16	100
27	91	8	65	9	64
35	27	8	79	31	65
87	120	108	64	10	80
38	66	68	4	49	46
74	66	70	83	91	19
119	26	37	96	25	63
106	5	13	65	110	37
59	59	84	74	75	93
109	57	68	116	14	49
105	38	110	42	14	85
69	40	44	32	59	79
105	81	97	18	21	110
91	51	9	88	41	18
17	111	104	2	104	28
59	119	52	73	35	42
98	110	50	97	23	43
66	81	18	36	55	34
75	89	89	48	82	46
117	82	64	88	117	75
56	92	108	16	65	81
30	27	75	117	73	15
100	51	15	8	21	20
109	59	113	67	78	66
72	92	52	97	78	5
11	70	107	16	9	111
46	5	37	66	69	52
112	49	14	82	70	23
86	22	80	73	1	78
34	33	57	56	68	48
92	42	114	77	96	108
50	76	31	20	58	30
18	31	18	62	50	20
64	26	10	119	15	15
70	116	111	86	106	114
89	62	33	72	86	36
62	53	39	82	73	92
24	3	56	20	95	119
56	46	109	24	67	84
115	89	30	95	33	2
99	14	113	94	66	2
28	46	96	56	88	119
112	107	70	117	104	101
63	18	36	18	86	58
19	49	67	4	81	20
99	98	67	43	93	19
28	66	60	25	101	52
112	89	31	57	77	79
109	41	80	25	106	33
51	13	74	31	93	27
76	56	28	55	4	60
52	84	8	13	56	103
83	28	49	63	58	50
49	64	55	98	113	3
14	3	89	44	68	107
38	47	109	46	75	82
45	10	34	23	29	76
69	105	11	65	94	99
65	18	114	115	108	71
13	51	49	69	45	9
2	92	82	94	42	38
104	1	41	109	100	62
12	119	103	16	88	33
2	52	52	15	18	82
4	53	48	36	88	120
83	91	94	65	28	54
18	60	97	108	90	116
89	40	108	29	107	117
35	76	40	10	115	102
47	93	80	5	110	19
63	57	45	53	56	25
75	14	91	70	84	4
99	102	99	104	49	111
41	70	102	42	71	50
36	106	104	73	98	61
21	20	7	2	35	18
50	71	8	108	51	117
86	45	75	102	106	6
13	99	34	27	37	42
98	9	104	91	108	97
55	79	25	37	62	59
55	106	54	96	61	112
70	23	32	70	11	30
56	33	62	31	21	53
11	97	114	94	37	70
71	95	52	90	109	50
57	116	6	111	64	104
74	85	31	25	37	101
45	85	8	17	6	29
27	114	72	36	40	5
92	98	42	19	44	35
69	113	104	31	66	63
30	77	50	17	1	9
9	51	17	33	62	73
19	58	103	63	115	111
62	79	11	103	86	101
37	54	29	37	68	109
75	29	94	120	11	37
105	59	33	107	58	23
119	54	69	63	2	85
6	38	4	58	73	33
81	70	117	58	60	3
102	43	57	1	28	41
120	59	109	36	13	38
24	47	93	62	76	28
47	76	32	81	38	80
98	19	53	59	59	101
66	5	39	26	115	32
11	37	100	92	5	86
82	35	36	6	54	4
54	44	75	11	102	78
103	82	69	41	76	103
66	8	104	23	1	32
76	83	28	43	80	115
80	42	46	81	4	27
19	103	15	100	57	11
44	115	55	64	98	23
40	103	61	20	78	43
6	85	16	93	95	64
98	119	68	10	74	70
83	50	98	104	18	48
10	47	92	32	29	8
116	21	104	61	30	119
68	93	33	60	42	27
120	51	11	63	28	40
4	90	113	40	87	54
10	63	116	47	91	65
62	45	34	97	33	75
34	70	66	69	45	99
23	108	35	14	34	5
75	81	15	39	112	2
35	94	58	47	103	5
3	35	10	17	8	3
61	9	40	64	9	73
11	21	79	61	49	12
73	119	22	64	95	57
80	98	7	56	93	100
61	95	97	15	81	97
26	80	90	49	84	18
16	38	37	39	65	13
40	90	46	92	110	73
24	25	57	7	86	112
76	28	100	28	109	22
46	4	23	112	111	114
69	69	59	29	16	46
6	81	57	72	93	2
101	98	107	39	16	33
93	100	2	105	46	66
4	35	53	64	95	57
13	105	62	50	91	113
71	108	102	56	98	92
12	112	118	11	99	118
78	116	117	27	1	11
29	90	63	82	41	25
108	73	84	75	60	40
45	22	92	70	43	78
79	112	110	7	115	3
114	117	76	6	96	45
95	23	71	110	47	27
6	87	92	107	81	89
57	17	5	61	82	108
71	43	78	30	116	58
52	49	48	19	119	26
53	85	86	33	1	87
25	69	92	11	71	44
30	20	118	77	105	7
84	27	116	40	45	67
29	94	50	67	87	40
21	109	38	50	8	106
107	30	39	97	68	17
33	45	91	91	115	56
89	59	106	82	118	103
74	13	2	25	37	8
77	7	38	56	109	45
10	118	43	17	76	21
42	94	111	55	107	58
22	91	27	80	2	31
27	14	67	80	69	2
43	24	56	47	114	62
45	70	52	4	67	78
101	38	16	64	6	86
109	79	71	18	73	12
62	26	3	59	17	93
6	35	56	104	3	16
19	2	68	12	73	8
81	90	73	66	94	8
29	101	90	109	56	99
106	80	63	67	30	103
87	40	39	46	48	82
101	99	84	8	106	51
91	15	91	106	49	85
36	23	78	73	48	48
42	78	114	96	44	89
117	59	23	58	82	78
94	49	100	69	68	5
47	102	97	11	109	67
58	52	16	13	80	20
29	107	100	110	4	112
32	15	12	93	107	46
47	115	45	104	109	89
96	4	20	30	56	95
103	44	8	41	96	3
87	75	11	100	98	48
2	27	26	105	48	82
104	71	26	53	5	57
41	64	78	94	45	36
62	79	85	108	110	69
48	14	75	61	84	92
8	11	99	6	112	14
86	16	68	40	8	90
28	49	38	120	42	72
45	117	106	78	104	114
68	120	112	20	48	103
23	79	22	108	33	110
114	27	28	95	63	17
48	110	119	88	47	26
118	120	118	3	119	22
114	10	5	17	20	52
22	79	50	13	51	48
94	88	51	85	104	26
113	19	43	51	33	29
102	45	9	98	50	95
109	116	71	78	112	86
39	106	19	113	69	85
102	47	98	65	78	68
29	105	26	108	44	118
108	71	92	45	69	49
8	22	116	53	114	36
59	111	48	21	68	81
58	34	78	74	74	117
70	85	70	56	86	14
76	16	27	33	105	112
96	43	7	102	30	110
59	38	99	10	87	109
50	39	40	12	104	34
2	36	110	7	96	26
97	33	31	105	89	16
68	4	87	57	103	84
64	27	41	87	18	61
71	113	5	13	37	24
119	28	77	5	106	53
46	111	62	51	109	18
79	73	23	55	30	83
97	84	45	63	93	23
117	94	31	73	4	10
7	79	72	27	25	3
79	109	87	23	45	82
4	67	62	109	13	76
107	59	105	77	25	5
110	101	71	104	10	111
40	17	111	41	57	21
53	28	49	87	34	119
46	56	84	90	45	94
83	25	53	65	85	92
17	105	48	11	53	3
9	41	70	113	14	85
45	95	9	68	46	77
104	30	66	11	114	21
45	85	7	36	29	68
33	103	86	80	97	31
105	21	5	75	90	77
88	81	74	14	117	53
98	10	9	33	75	113
90	15	57	96	42	98
79	27	74	19	61	87
28	74	12	118	104	116
24	15	69	60	29	74
69	19	36	84	43	32
109	85	56	26	45	44
108	113	63	88	89	55
101	9	57	11	13	5
111	81	37	12	60	17
75	71	46	20	53	71
119	49	62	34	9	43
5	87	89	116	58	112
82	66	3	107	28	67
82	5	106	26	58	45
21	92	97	98	5	4
89	89	19	14	51	81
120	79	64	6	97	77
19	71	41	106	5	26
38	7	103	18	36	34
87	5	92	66	12	80
94	85	45	35	94	120
21	11	82	66	79	33
58	95	89	89	40	47
34	20	55	95	73	11
103	2	45	116	84	99
85	119	25	69	13	83
56	99	82	95	53	2
14	118	17	59	94	55
21	19	29	112	57	97
44	17	94	67	68	79
118	75	90	41	82	15
79	50	24	64	92	48
52	7	62	84	98	38
1	77	3	83	88	106
31	63	120	33	43	60
41	108	108	28	49	114
25	49	14	86	21	4
28	65	52	104	50	16
89	20	88	35	96	82
40	106	13	45	37	90
26	29	63	26	117	81
4	104	79	70	38	100
28	46	80	119	62	72
33	4	84	96	102	88
50	79	82	70	99	107
28	53	119	28	3	9
37	40	48	98	53	69
75	82	89	2	69	63
51	111	59	39	53	79
73	58	88	18	58	80
7	76	91	87	99	82
57	102	113	62	113	112
17	84	70	79	50	106
21	77	106	117	64	57
89	8	92	44	59	72
48	116	74	99	8	34
68	46	108	90	64	119
41	76	49	45	30	19
111	115	88	111	112	85
120	24	43	24	29	9
82	71	25	90	69	116
105	75	14	7	17	10
65	31	37	41	1	80
35	19	118	56	27	27
119	51	64	98	66	30
113	28	78	88	27	78
70	117	42	62	71	76
31	70	99	76	84	35
34	28	107	100	63	3
18	28	63	27	15	1
43	86	113	20	77	38
118	60	12	29	86	43
75	25	28	65	92	42
6	101	5	30	83	50
60	16	33	11	47	62
40	21	24	11	112	73
103	99	36	54	51	13
83	87	52	36	109	72
29	5	30	100	14	20
47	101	52	21	56	114
74	34	72	60	29	91
98	44	101	51	70	11
98	21	59	5	62	37
27	22	89	36	2	28
104	54	81	85	80	76
111	83	22	45	101	1
29	9	90	6	84	46
11	3	27	82	91	73
29	105	84	87	107	86
104	109	60	41	24	14
108	6	54	41	43	91
37	83	114	28	28	104
62	73	3	63	6	29
34	39	6	70	71	59
32	71	81	119	61	57
36	18	42	48	73	9
118	51	30	46	113	96
119	33	20	44	117	51
80	108	72	84	85	115
20	28	65	10	49	105
44	14	104	22	8	116
45	34	83	32	19	37
3	7	63	86	3	58
115	99	67	25	44	109
22	55	104	77	66	116
57	101	50	62	78	46
53	87	118	23	92	116
64	64	96	19	95	105
71	115	73	10	94	46
16	68	91	75	83	13
82	43	77	31	50	36
75	54	88	40	40	96
33	63	43	8	117	30
85	101	100	36	30	15
101	40	6	2	96	94
17	23	34	94	43	58
63	101	6	75	112	114
93	55	15	64	68	42
38	85	1	59	45	21
3	93	3	25	38	33
59	119	75	8	63	95
117	20	90	61	3	13
37	41	1	19	4	54
60	108	67	30	70	19
94	2	55	111	33	22
44	112	78	105	97	61
91	51	63	1	68	73
3	1	20	35	29	102
68	43	116	98	8	51
50	70	61	73	29	109
21	66	98	41	81	70
3	4	116	59	4	17
110	56	18	48	46	30
64	72	26	107	71	27
95	31	8	26	97	71
68	109	70	96	20	76
4	115	110	77	59	42
114	114	102	11	63	107
72	47	57	111	68	34
18	9	104	2	67	95
39	93	83	63	26	56
52	6	54	11	58	62
60	33	47	39	19	89
59	57	98	48	95	61
51	12	27	19	61	84
9	67	55	9	21	9
103	38	110	31	56	8
47	106	110	58	99	48
13	41	35	54	79	29
85	43	64	4	107	51
6	23	53	48	18	99
106	115	81	59	120	102
100	79	38	88	25	2
94	70	98	78	48	54
51	8	78	35	27	102
40	8	33	96	113	97
59	52	67	10	60	6
94	90	108	50	18	87
66	23	50	105	112	64
75	16	3	117	111	114
98	64	109	110	106	105
13	104	92	51	22	37
69	45	10	68	108	107
109	20	66	75	60	33
116	60	80	25	32	106
24	120	65	94	84	48
35	47	73	108	82	52
10	119	96	91	33	91
106	22	99	39	13	117
45	117	45	108	78	51
77	75	78	1	19	105
91	10	55	63	113	26
30	62	32	67	25	83
18	85	82	34	74	37
109	32	91	96	41	85
28	19	37	41	105	10
50	102	48	6	55	37
119	89	90	30	104	60
37	111	85	55	73	69
56	70	7	71	76	4
62	120	91	10	95	31
91	56	9	116	46	45
90	40	8	5	68	118
87	63	71	38	46	4
45	67	44	103	95	28
120	117	27	31	26	115
89	98	91	62	115	38
26	80	106	86	72	67
5	31	113	78	52	80
31	105	90	43	113	30
83	71	16	45	3	112
77	48	80	19	45	76
23	97	92	100	50	11
12	81	78	38	94	2
30	6	60	44	69	41
31	52	55	45	69	87
61	86	107	12	29	86
84	88	22	19	13	26
99	28	12	9	63	17
10	40	52	56	12	82
16	85	86	57	2	47
33	16	88	45	113	112
47	72	27	8	15	100
108	53	70	1	91	17
30	67	38	14	51	100
114	57	63	26	41	53
17	84	2	59	83	21
70	85	97	74	44	43
101	120	36	112	18	59
4	26	93	89	6	50
72	16	3	36	99	10
120	35	69	87	76	55
7	67	119	71	2	92
118	28	107	47	12	26
120	52	107	43	70	38
80	50	29	64	14	43
58	70	83	97	43	28
99	45	41	95	71	74
112	85	102	13	28	109
71	73	62	106	53	40
82	2	44	26	100	34
105	49	93	79	109	24
94	101	86	10	64	14
22	102	86	44	9	71
27	13	69	13	49	68
101	53	115	45	62	115
84	96	100	69	25	34
73	50	51	68	25	12
85	70	86	111	29	117
34	1	37	24	23	45
107	32	41	29	54	36
105	56	109	116	50	103
83	82	79	88	93	2
107	91	21	10	113	51
53	75	111	35	34	37
77	68	67	76	63	11
12	100	5	66	91	72
38	98	2	86	49	60
24	119	108	4	93	18
69	71	100	19	112	39
44	68	67	90	117	58
7	93	42	91	83	77
46	33	21	45	91	41
60	75	11	40	100	19
103	35	80	69	20	35
9	44	11	57	69	101
57	105	112	1	11	59
90	67	48	49	14	95
107	119	24	84	81	52
89	110	24	91	22	26
70	100	89	29	36	94
6	58	5	82	83	106
81	96	10	104	48	30
120	101	8	79	33	48
82	52	70	84	101	111
58	119	45	62	32	33
46	105	38	96	94	76
3	66	86	64	65	81
96	96	118	81	120	18
33	52	61	50	45	49
59	89	109	50	85	108
3	50	99	68	35	106
7	60	64	80	55	11
90	104	74	9	41	21
38	40	99	85	54	43
14	21	61	107	61	16
67	14	31	27	21	24
107	36	48	93	94	70
13	99	95	109	49	73
86	52	90	17	16	74
63	68	74	60	6	77
88	76	8	83	70	92
25	104	115	1	10	11
63	116	115	31	78	62
33	79	35	4	112	119
94	82	2	86	58	84
51	91	28	114	109	98
2	76	7	113	55	90
119	97	39	91	58	69
68	61	29	60	40	66
35	95	19	85	114	32
20	21	40	26	2	63
108	98	38	24	104	41
23	2	10	11	108	26
2	78	65	120	112	48
120	42	36	33	16	18
106	40	48	5	89	71
95	15	56	6	95	55
60	83	47	39	95	60
36	89	7	56	67	21
37	80	69	23	80	61
83	21	13	58	66	56
78	75	8	36	69	106
108	120	51	1	74	13
8	80	5	41	98	116
93	72	109	73	62	99
33	13	112	15	11	70
33	68	69	120	86	111
108	79	80	87	5	105
65	35	30	32	20	69
12	48	104	42	67	37
112	54	4	106	40	5
50	58	23	29	83	16
29	70	81	68	98	61
101	51	12	35	74	22
80	15	80	10	80	4

